,FROZEN PRODUCTS,,,,,,
,,PELMEN,DUMPLINGS,"Weight, KG","Price, DKK",,Ean CODE
,ARIOLS,Pelmeņi ar vistas gaļu “Oto”,Dumplings with chicken “Oto”,400g,?,,4750499004831
,ARIOLS,Pelmeņi Bambino,Dumplings “Bambino”,1 kg,?,,4750499002455
,ARIOLS,"Pelmeni ""Mazuliski""",Dumplings “Mazuliški”,400g,?,,4750499002240
,ARIOLS,Pelmeni EKSPRESSO,Dumplings EKSPRESSO,2kg,?,,4750499001342
,DAERS,Pelmeni SUPER,Dumplings SUPER,2 kg,?,,4751000805510
,DAERS,Pelmeni SIBIRIEŠU GAUME,Dumplings SIBIRIEŠU GAUME,"2,5 kg",?,,4751000800171
,,VARENIKI,SWEET DUMPLINGS,"Weight, KG","Price, DKK",,Ean CODE
,MĀJAS VIRTUVES FABRI,Vareņiki ar āboliem,Dumplings with apples,400g,,,
,MĀJAS VIRTUVES FABRI,Vareņiki ar ķiršiem,Dumplings with cherries,400g,30.00,,4750385006680
,MĀJAS VIRTUVES FABRI,Vareņiki ar upenēm,Dumplings with black currant,400g,,,
,,SALDETI ZIVJU PRODUKTI,FROZEN FISH PRODUCTS,"Weight, KG","Price, DKK",,Ean CODE
,DAL PESCA,Zivju pirkstiņi,Fish sticks,400g,,,
,DAL PESCA,Zivju pirkstiņi saldēti,Frozen fish sticks,250g,,,
,EPIGON,Laša maltā gaļa saldēta,Frozen salmon minced meat,1 kg,,,
f,LIGNESA,"Čīles heka liemenis 80/300 saldēts, 15%","Frozen chilean hake carcass 80/300, 15%",1 kg,,,
,SANTA BREMOR,Saldētas krabju nūjiņas Bremor ,Frozen crab sticks Bremor,200g,?,,4810168001933
,SANTA BREMOR,Saldētas krabju nūjiņas Econom,Frozen crab sticks Econom,100g,?,,4810168002749
,VICI,Zivju pirkstiņi,Fish sticks,250g,,,
,ZAMELSONS,Zivju zupa,Fish soup,550g,,,
,,SALDETAS MAIZES PRODUKTI,FROZEN BREAD PRODUCTS,"Weight, KG","Price, DKK",,Ean CODE
,DELIFRANCE,Kafijas eklērs,Coffee eclairs,640g,,,
,DELIFRANCE,Šokolādes eklērs,Chocolate eclairs,640g,,,
,DELIFRANCE,TIRAMISU kūka,Cake “Tiramisu”,610g,,,
,LATVIJAS MAIZNIEKS,Pīradziņš īrisa-ābolu saldēts (6x60g),Frozen toffee-apple pies (6x60g),360g,?,,4750192761369
,LATVIJAS MAIZNIEKS,PĪRĀGS GAĻAS (8x50G),Frozen meat pies (8x50g),400g,?,,4750192761383
,LATVIJAS MAIZNIEKS,PĪRĀGS AR BEKONU UN OLU (6x65G),Frozen pie with bacon and egg (6x65g),390g,?,,4750192761376
,LATVIJAS MAIZNIEKS,Maizites ar abolu-irisa pildijumu,Apple-toffee pastry ,360g,?,,4750192761369
,MANTINGA,"Čebureks izcepts, saldēts","Cheburek cooked, frozen",130g,,,
,MANTINGA,Franču kruasāns ar karameļu pildījumu saldēts (36x90g),Frozen french croissant with caramel filling (36x90g),,,,
,,SALDETA GALA PRODUKTI,FROZEN MEAT PRODUCTS,"Weight, KG","Price, DKK",,Ean CODE
,Sanitex,Saldēts trusis,Frozen rabbit with a head,2.062,110/kg,,2595048020625
,UVIC,Kotletes “Nr 1”,"Meatballs ""No 1""",900g,,,
,Vilniaus paukštynas,Saldeti broilera sparni,Frozen chicken wings,~1500g,?,,23513112
,,KAPOSTU TITENI,CABBAGE ROLLS,"Weight, KG","Price, DKK",,Ean CODE
,ARIOLS,Kapostu titeni sveramie,Cabbage rolls,2 kg,?,,4750499001007
,,PANKŪKAS,PANKACKES,"Weight, KG","Price, DKK",,Ean CODE
,ARIOLS,Pankūkas ar šķiņķi un sieru,Pancakes with ham and cheese,500g,?,,4750499000598
,ARIOLS,Pankūkas ar kūpiantu cūkgalu un sieru,Panckaes with ham and cheese,500g,?,,4750499003384
,,SALDETI DARZENI,FROZEN VEGETABLES,"Weight, KG","Price, DKK",,Ean CODE
,DUJARDIN,ZAĻIE SPARĢEĻI,Green asparagus,500g,,,
,HORTEX,Ukraiņu borščs,Ukrainian borsch,400g,,,
,,SALDETAS OGAS,FROZEN BERRIES,"Weight, KG","Price, DKK",,Ean CODE
,VETRIJA,Mellenes saldētas,Frozen blueberries,400g,,,
,VETRIJA,Saldētas dzērvenes,Frozen cranberries,1 kg,?,,4771634070238
,VETRIJA,Saldēti ķirši,Frozen cherries,400g,,,
,VETRIJA,Upenes saldētas,Frozen black currants,1 kg,?,,4771634070252
,,KŪKA,BUNS/ RINGS,"Weight, KG","Price, DKK",,Ean CODE
,CRISTELLA,Kūka saldēta Vīnes šokolādes (16pcs x 135g),Frozen Viennese chocolate cake (16pcs x 135g),"2,16 kg",12.00,,4742696001942
,CRISTELLA,Medus kūka saldēta,Frozen honey cake,"2,08 kg",12.00,,
,,BIEZPIENA SIERINŠ,SWEET CURD CHEESE,"Weight, KG","Price, DKK",,Ean CODE
,KARUMS,Biezpiena sierinš ar kokosriekstu skaidinam,Sweet curd cheese with coconut,45g,7.00,,4750050341412
,KARUMS,Biezpiena sierinš ar rozinem,Sweet curd cheese with raisins,45g,7.00,,4750050341740
,KARUMS,Biezpiena sierinš ar mellenem,Sweet curd cheese with bilberries,45g,7.00,,4750050342112
,KARUMS,Biezpiena sierinš karamelu,Sweet curd cheese with caramel in caramel coating,45g,7.00,,4750050341481
,KARUMS,Biezpiena sierinš vanilla,Sweet curd cheese vanilla,45g,7.00,,4750050341405
,KARUMS,Biezpiena sierinš ar šokolades gabaliniem,Sweet curd cheese with chocolate pieces,45g,7.00,,4750050341511
,,SALDEJUMS,ICE CREAM,"Weight, KG","Price, DKK",,Ean CODE
,AUGUSTO,Saldējums Sendvičs Krievu plombīrs,Ice Cream Sandwich (plombir),200ml,,,
,AUGUSTO,Saldējums Sendvičs Krēms brulē,Ice Cream Sandwich Cream Brulee,200ml,,,
,BALBIINO,Ledus,Ice,1 kg,,,
,DRUVAS PĀRTIKA,"Plombīra-olu liķiera ar rozīnēm šok., marmelādi","Ice cream with egg liqueur with raisins, chocolate and marmalade",1L,?,,4750058174111
,EKSELENCE,Saldējums kļavu sīrups ar valriekstiem,Ice cream with maple syrup with walnuts,1L,?,,4750025570908
,KĀRUMS,Saldējums Šokolādes,Chocolate ice cream,1L,?,,4740188000701
,KĀRUMS,Saldējums Vaniļas,Vanilla ice cream,1L,?,,4740188000695
,KĀRUMS,Saldējums Šokolādes,Chocolate ice cream,56g,10.00,,4740188000664
,KĀRUMS,Saldējums Vaniļas,Vanilla ice cream,56g,10.00,,4740188000657
,DRUVAS SALDEJUMS,Plombira saldejums,Ice cream (plombir),75g,10.00,,4750058013106
,DRUVAS SALDEJUMS,Plombira saldejums rozinu,Ice cream with rosins,75g,10.00,,4750058230466
,DRUVAS SALDEJUMS,Plombira saldejums šokolades,Ice cream with chocolate,75g,10.00,,4750058014103
,Premia,Karamelu garšas krejuma Gotina,Caramel ice cream Cow on stick,60g,10.00,,4770167462855
,Premia,Vanilas sadejums ČAU,Vanilla ice cream ČAU,450g,26.00,,4740093005914
,Premia,Šokolades sadejums ČAU,Chocolate ice cream ČAU,450g,26.00,,4740093005921
,Rigas Pienas Komb,Ekselence krejuma karamelu saldejums glazura parklats ar karamelu merci un piena sokoladi,EKSELENCE cream and caramel ice cream covered with caramel sauce and chocolate milk,95g,18.00,,4750025890198
,Rigas Pienas Komb,Ekselence krejuma karamelu saldejums glazura parklats ar kirsu merci un piena sokoladi,EKSELENCE cream and caramel ice cream coated with cherry sauce and milk chocolate,95g,18.00,,4750025890105
,Rigas Pienas Komb,Ekselence saldejums ar kiršu merci un kiršiem,EKSELENCE ice cream with cherry sauce and cherry,480g,70.00,,4750025570854
,Laima,“Serenade” krejuma saldejums,Ice cream made of milk and cream with apricot filling and hazelnuts,600g,75.00,,4750075900359
,SWEETS/ SNACKS/ CHOCOLATE/ BUISCUITS,,,,,,
,,ČIPSI,CHIPS,"Weight, KG","Price, DKK",,Ean CODE
,ĀDAŽU ČIPSI,Čipsi ar dillēm,Chips with dill,150g,17.00,,4750024201889
,ĀDAŽU ČIPSI,Čipsi ar krējumu un sīpoliem,Chips with sour cream and onions,150g,17.00,,4750024201865
,ĀDAŽU ČIPSI,Čipsi ar sieru,Chips wth cheese,150g,17.00,,4750024201858
,ESTRELLA,Čipsi ar aromātiskām dillēm,Chips with the aromatic dill,150g,18.00,,4779028340172
,ESTRELLA,Čipsi ar lauku krējuma un sīpolu garšu,Chips with rural sour cream and onion flavor,150g,18.00,,4779028340134
,ESTRELLA,Čipsi ar grileta bekona garšu,Chips with grilled bacon flavor,140g,18.00,,4779028343708
,ESTRELLA,Čipši ar maiga,Chips with mild,150g,18.00,,4779028343340
,PĒRNES,Kartupeļu plāksnes ar diļļu garšu,Potato plate with dill flavor,75g,,,
,PĒRNES,Kartupeļu plāksnes ar kečupa garšu,Potato plate with ketchup flavor,75g,,,
,PĒRNES,Kartupeļu plāksnes ar siera garšu,Potato plate with cheese flavor,75g,,,
,PĒRNES,Kartupeļu plāksnes ar sīpoliem un bekonu,Potato plate with onions and bacon,75g,,,
,,SALMINI,STICKS,"Weight, KG","Price, DKK",,Ean CODE
,DRAUGU,Salmiņi ar magonēm,Straws with poppies,150g,10.00,,
,DRAUGU,Salmiņi saldie,Sweet straws,150g,10.00,,
,,GRAUZDETAS MAIZES UZKODAS,DRIED BREAD SNACKS,"Weight, KG","Price, DKK",,Ean CODE
,KIRIESHKI,Grauzdiņi ar bekona garšu,Toast with bacon flavor,40g,7.00,,4607010740016
,KIRIESHKI,Grauzdiņi ar salami garšu,Toasted bread with salami flavor,40g,7.00,,4607010740191
,KIRIESHKI,Grauzdiņi ar siera garšu,Toasts with cheese taste,40g,7.00,,4607010740030
,KIRIESHKI,Grauzdiņi ar šķiņķa un siera garšu,Toast with ham and cheese taste,40g,7.00,,4607010740078
,KIRIESHKI,Grauzdiņi Kirieshki ar aukstās gaļas un mārrutku garšu,Toasts Kirieshki with cold meat and horseradish flavor,40g,7.00,,
,KIRIESHKI,Grauzdiņi Kirieshki Borodinskije ar ķiploka garšu,Toasts Kirieshki Borodinskije with garlic flavor,40g,7.00,,
,KIRIESHKI,Grauzdiņi Kirieshki Max ar mednieka desiņu garšu,Toasts Kirieshki Max with hunter sausage taste,40g,7.00,,4607010748616
,KIRIESHKI,Grauzdiņi Kompashki,Kompashki toasted,35g,7.00,,4607120858328
,KIRIESHKI,Grauzdiņi Light ar krēj. un siera garšu Kirieshki,Light toast with cream and cheese taste Kirieshki,33g,7.00,,4607120852470
,KIRIESHKI,Grauzdiņi Light ar krēj. un zaļumu garšu Kirieshki,Light toast with cream and herb flavors Kirieshki,33g,,,
,,CEPUMI/ KREKERI,BISCUITS/ COOKIES/ CRACKERS,"Weight, KG","Price, DKK",,Ean CODE
,ADUGS,Cepumi Auzu,Oatmeal cookies,350g,12.00,,
,ANTARIS,Cepumi BEZE ar zemesrieksti,Cookies meringue with peanuts,180g,20.00,,4750190046444
,ANTARIS,CEPUMI BEZE KLASISKIE,Cookies meringue “Classical”,120g,,,
,Laima,Cepumi SELGA “Cirks”,Cookies SELGA “Cirkus”,300g,12.00,,4750007164347
,Laima,Cepumi ar iebiezinato pienu SELGA “Gimenes”,Cookies with condensed milk “Gimenes”,300g,12.00,,4750007158346
,Laima,Cepumi SELGA “Classic”,Biscuits SELGA “Classic”,180g,10.00,,4750007689512
,Laima,Cepumi SLEGA ar šokolades garšu,Biscuits SELGA with chocolate taste,180g,10.00,,4750007689536
,Laima,Cepumi SLEGA ar iru krema garšu,Biscuits SELGA with irish cream taste,180g,10.00,,4750007689553
,Laima,Cepumi SLEGA ar klavu sirupa garšu,Biscuits SELGA maple syrip taste,180g,10.00,,4750007848032
,Laima,Cepumi SLEGA ar rozinem,Biscuits SELGA with raisins,180g,10.00,,4750007848582
,Laima,Cepumi SLEGA ar abolu gabaliniem,Biscuits SELGA with apple pieces,180g,10.00,,4750007848766
,Laima,Cepumi SLEGA ar iebiezinata piena garšu,Biscuits SELGA condensed milk taste,180g,10.00,,4750007689574
,Laima,Cepumi SLEGA ar bananu garšu,Biscuits SELGA banana taste,180g,10.00,,4750007848360
,Laima,Cepumi MAMMAS ar kakao un Indijas riekstiem (sviesta cepumi),Biscuits MAMMAS with cocoa and cashew nuts (butter biscuits),250g,24.00,,4750007817113
,LV UN KO,"Cepumi "" Kārums """,Biscuits “Karums”,500g,,,
,MOŽUMS,Cepumi ar ZEMEŅU marmelādi PAUZE,Cookies with strawberry jam “Pauze”,135g,,,
,MOŽUMS,"Cepumi ""PAUZE"" ar lazdu, zemesr. un rozīnēm",Biscuits with hazelnuts and raisins “Pauze”,120g,15.00,,4750536001755
,MOŽUMS,Cepumi AR ŠOKOLĀDI PAUZE,Biscuits with chocolate “Pauze”,120g,15.00,,4750536001403
,MOŽUMS,Cepumi SVIESTU PAUZE,Biscuits with butter “Pauze”,130g,15.00,,4750536001427
,Kondis,Auzu cepumi ar rozinem,Oatmeal cookies with raisins,300g,12.00,15.00,4751005302427
,ADUGS,Krekeri ar kiplokiem,Crackers with garlic,140g,12.00,,4752038002742
,ADUGS,Krekeri “Jūras”,"Crackers ""Jūras” (“Sea”)",140g,12.00,,4752038002872
,,PIPARKŪKAS/ PRJANIKI/ BARANKAS,GINGERBREADS / BAGELS,"Weight, KG","Price, DKK",,Ean CODE
,Laima,Piparkūkas,Gingerbread,450g,29.00,,4750007848698
,Laima,Piparkūkas ar dzervenu pildijumu,Gingerbread with cranberry filling,300,27.00,,4750007898044
,ADUGS,Prjaņiki ar krejuma garšu,Gingerbreads with cream flavor,250g,?,,4751000171646
,ADUGS,Prjaņiki “Lauku”,"Gingerbreads ""Lauku”",250g,?,,4751000171714
,ADUGS,Prjaniki ar dzervenu garšas pildijumu,Gingerbreads with filling of cranberry taste,250g,12.00,,4751000171417
,PRP,Barankas ar magonēm,Bagels with poppy,350g,,,
,,VAFELES,WAFERS,"Weight, KG","Price, DKK",,Ean CODE
,Laima,Vafeles SELGA ar šokolades garšu,Wafers SELGA with chocolate taste ,90g,8.00,,4750007817793
,Laima,Vafeles SELGA ar citronu garšu,Wafers SELGA with lemon taste,90g,8.00,,4750007817748
,Laima,Vafeles SELGA ar lazdu riekstu garšu,Wafers SELGA with hazelnut taste,90g,8.00,,4750007848216
,Laima,Vafeles SELGA ar vanilas garšu,Wafers SELGA with vanilla taste,90g,8.00,,4750007848575
,ADUGS,Vafeļu torte ar Valriekstiem,Wafer cake with walnuts,320g,,,
,ADUGS,Vafeļu torte ar Zemesriekstiem,Waffle cake with peanuts,320g,,,
,LAIMA,Vafeļu torte Klasika,Wafer cake “Classic”,350g,,,
,LAIMA,Vafeļu torte MOKA,Wafer cake “Moka”,350g,35.00,,4750007847974
,LAIMA,Vafeļu torte TRIFELE,Wafer cake “Truffles”,350g,,,
,LAIMA,Vafeļu torte VĀVERĪTE,Wafer cake “VĀVERĪTE” (“Squirrel”),250g,27.00,,4750007291036
,LAIMA,Vafelu torte HALVA,Wafer cake “Halva”,300g,35.00,,4750007847967
,LAIMA,Vafelu torte RETRO,"Wafer cake “Retro""",350g,35.00,,4750007847981
,LAIMA,Vafelu torte LAIMINGA GOTINA,Wafer cake “Laiminga Gotina” (“Happy Cow”),300g,29.00,,4750007897306
,LAIMA,Vafelu torte with hazelnuts,Wafer cake with hazelnuts,40g,6.00,,4750007848513
,LAIMA,Vafelu torte with almonds,Wafer cake with almonds,40g,6.00,,4750007848520
,VECAIS BEĶERIS,Vafeļu plāksnes,Wafer plate,100g,,,
,,KONFEKTES,SWEETS,"Weight, KG","Price, DKK",,Ean CODE
,ADUGS,Konfektes Vasilkovaja poljana,Sweets “Vasilkovaja poljana”,2 kg,,,
,ARGO,Ledenes ar putojošu pildījumu “Monstraki”,Lollipops with a foaming filler “Monstraki”,1 kg,,,
,Laima,Maskva šokolādes konfektes,MASKVA chocolate candies,2kg,100/kg,,4750001310832
,Laima,Diāna saldumi,DIANA sweets,2kg,100/kg,,4750001006865
,Laima,ROKENROL šokolādes konfektes,ROKENROL chocolate candies,2kg,100/kg,,4750007687839
,Laima,"FRUIT-BERRY cieti vārītas konfektes maisījums (apelsīnu, zemeņu, kivi, vīnogas)","FRUIT-BERRY hard boiled candy mix (orange, strawberry, kiwi, grape)","2,5kg",80/kg,,4750011112853
,Laima,ZOSU KAJINAS cieti vārītas konfektes ar zemesriekstu pildījumu,ZOSU KAJINAS hard boiled candies with peanut filling,"2,5kg",80/kg,,4750011207856
,Laima,TEATRA cieti vārītas konfektes,TEATRA hard boiled candies,"2,5kg",80/kg,,4750011101857
,Laima,DAŽĀDI CHEWIES (5 dažādi),MIXED CHEWIES (5 different),"2,5kg",80/kg,,4750001003208
,,Cremona vanilla,Cremona vanilla,1 kg,90/kg,,4820046867162
,Saldus partikas kombinats,Konfetkes GOTINA,Sweets GOTINA,1kg,110/kg,,4750057575049
,Skriveru saldumi,Konfektes Skriveru gotina ASORTI,Sweets Skriveru gotina ASORTI,2.5kg,110/kg,,4751010570552
,Skriveru saldumi,Piena iriss ar kakao,,60g,?,,4751010571085
,Skriveru saldumi,Piena iriss ar riekstiem,,60g,?,,4751010571078
,Skriveru saldumi,Piena iriss klasikais,,60g,?,,4751010571061
,Skriveru saldumi,SKRIVERU GOTINA. Lielkonfekte ar mandelriekstiem,,90g,14.00,,4751010573317
,Skriveru saldumi,SKRIVERU GOTINA. Latvijas Gotina ar kirsiem un dzervenem,,200g,20.00,,4751010573881
,Skriveru saldumi,SKRIVERU GOTINA. Konfektes ar piparmētru,,200g,20.00,,4751010574086
,Skriveru saldumi,SKRIVERU GOTINA. Konfektes,,200g,20.00,,4751010574079
,Skriveru saldumi,SKRIVERU GOTINA. Piena konfektes ar rumu un rozīnēm,,200g,20.00,,4751010571214
,Skriveru saldumi,Zemenes baltaja sokolade BERRY PRINCESS,,105G,49.00,,4751010572228
,NO BRAND,Konfektes Vit.C Ar cuk.(APELSĪNS) Askorbinka 10gab.,Sweets “Vitamin C” (Oranges),,,, 
,NO BRAND,Konfektes Vit.Car cuk. Askorbinka 10gab.25mg.,Sweets “Vitamin C”,,,,
,Skriveru saldumi,ASPASIA. Plūmes un mandele tumšajā šokolādē,Plum and almond in dark chocolate,180g,?,,4750011823445
NEW PRODUCTS,Skriveru saldumi,ASPASIA. Kirši glazūra,Glazed cherries,150g,35.00,,4751010571276
,Skriveru saldumi,ASPASIA. Toffee putotais iriss,,50g,?,,4751010571115
,Skriveru saldumi,ASPASIA. Mellenes sokolade,,120g,39.00,,4751010572242
,Skriveru saldumi,ASPASIA. Mandelrieksti sokolade,,120g,39.00,,4751010572082
,Skriveru saldumi,ASPASIA. Lazdu rieksti sokolade,,120g,39.00,,4751010572051
,Skriveru saldumi,ASPASIA. Zemenes dzervenes sokolade,,120g,39.00,,4751010573669
,LAIMA,Plūmes šokolādē,Plum in chocolate,180g,29.00,,4750011823452
,PURE CHOCOLATE,Šokolades trifelu kolekcija DECO 15 Asorti,Chocolate truffle collection DECO 15 Assorted,133g,30.00,,4751011198656
,PURE CHOCOLATE,Trifelu kolekcija,Truffle collection,165g,90.00,,4751011198632
,PURE CHOCOLATE,Mellenu trifelu kolekcija,Blueberry Truffle Collection,110g,45.00,,4751011191220
,PERGALE,Konfekšu izlase Pergalė Dream,Assorted sweets Pergalė Dream hot chocolate taste and brandy,174g,?,,4770179182833
,LAIMA,Konfektes ar Rigas Melno balzamu,Chocolates with Riga Black balsam,135g,39.00,,4750001820010
,LAIMA,Šokolades konfektes MAESTRO ar karamelizetam vafelem,Chocolates MAESTRO with caramelised wafers,205g,49.00,,4750001946796
,LAIMA,Ipašas tumšas šokolades konfektes MON AMI ipašiem mirkliem,Special dark chocolates MON AMI for special moments,245g,49.00,,4750001946239
,LAIMA,Tumšas šokolades konfekšu asorti VILNIUS,Asorti dark chocolates VILNIUS,360g,60.00,,4750001008067
,LAIMA,Tumšas šokolades konfekšu asorti LATVIJA,Asorti dark chocolates LATVIA,360g,60.00,,4750001816808
,LAIMA,Tumšas šokolades konfekšu asorti RIGA,Asorti dark chocolates RIGA,360g,60.00,,4750001008012
,LAIMA,Konfektes SERENADE ar auglu pildijumu un drupinatiem lazdu riekstiem,Sweets SERENADE with fruit jelly and crumbled hazelnuts,235g,60.00,,4750001009187
,LAIMA,"Tumšas šokolades konfekšu asorti ""Maskava torņi""","Dark chocolate assortment ""Moscow Towers""",360g,60.00,,4750001008043
,LAIMA,Tumšas šokolades konfekšu asorti ГОРДОСТЬ МОСКВЫ (Gordost Moskvy),"Dark chocolate assortment ""Moskva Pride""",360g,60.00,,4750001817058
,LAIMA,Karameles piena lase,Hard candies ,300g,49.00,,4750011169253
,LAIMA,"Karamelu izlase ""Rigas maisijums""",Hard boiled candies,500g,59.00,,4750011271260
,LAIMA,Konfektes RUDZUPUKE ar burvigu piena un lazdu riekstu pomadi,Sweets RUDZUPUKE with lovely milk and hazelnut fondant,160g,28.00,,4750001944952
,LAIMA,Dražeju asorti,Assorted dragees,210g,60.00,,4750011813248
,LAIMA,Konfektes VETRASPUTNS ar neparasti maigu piena pomadi,Sweets  VETRASPUTNS with especially mild milk fondant,160g,28.00,,4750001944969
,LAIMA,Šokolades konfektes SERENADE ar kardinošu aprikožu un riekstu pildijumu,Chocolate candies SERENADE with tempting apricot and hazelnut filling,160g,38.00,,4750001944983
,LAIMA,Konfektes VAVERITE ar gardiem drupinatiem lazdu riekstiem maiga praline,Sweets VAVERITE with delicious crumbled hazeelnuts in mild praline,160,35.00,,4750001944907
,LAIMA,Konfekšu kārba mini Piena Rigerts ASORTI,Candy box mini milk Rigerts ASORTI,215g,,,
,LAIMA,Konfekšu kārba mini Tumšais Rigerts ASORTI,Candy box mini dark Rigerts ASORTI,215g,,,
,LAIMA,Šokolades konfekšu asorti,Assorted chocolates,95g,25.00,,4750001945157
,LAIMA,Šokolades konfekšu asorti “Asorti” (pink),"Chocolate candy assortment ""Asorti"" (pink)",95g,25.00,,4750001946253
,LAIMA,Šokolades konfekšu asorti “Asorti” (white),"Chocolate candy assortment ""Asorti"" (white)",95g,25.00,,4750001943412
NEW PRODUCT,LAIMA,Tumšas šokolades konfekšu asorti,Dark chocolate assortment,215g,39.00,,4750001008166
NEW PRODUCT,LAIMA,Konfekšu asorti,Quality assortment,480g,59.00,,4750001819335
NEW PRODUCT,LAIMA,Ogu izlase,Berry selection,210g,39.00,,4750001949575
NEW PRODUCT,LAIMA,Šokolades konfekšu asorti,Chocolate assortment,470g,59.00,,4750001818734
NEW PRODUCT,LAIMA,Desertu izlase,Dessert selection,100g,27.00,,4750001949407
NEW PRODUCT,LAIMA,Dzervenu škelites glazūra,Cranberry jellies in glazing,190g,29.00,,4750011849063
NEW PRODUCT,LAIMA,Apelsinu marmelades škelites glazūra,Orange jellies in glazing,190g,29.00,,4750011814511
,LAIMA,Konfekšu kārba tumšās LUKSS,Candy box dark LUKSS,140g,,,
,LAIMA,Konfekte VAVERITE,Sweet “Vaverite” (“Squirrel”),40g,7.00,,4750001005202
,LAIMA,Konfekte SERENADE,"Sweet ""Serenade""",40g,7.00,,4750001330977
,LAIMA,Marcipana konfekte Classic,Marzipan Classic,45g,10.00,,4750007504327
,LAIMA,Marcipans ar dzervenev,Marzipan with cranberries,45g,7.00,,4750011849087
NEW PRODUCTS,LAIMA,VIJOLITE konfektes ar kiršu un bumbieru garšu,VIJOLITE sweets with cherry and pear taste,170g,17.00,,4750011849490
NEW PRODUCTS,LAIMA,GUNDEGA konfektes ar citronu garšu,GUNDEGA sweets with lemon taste,170g,17.00,,4750011849483
,LAIMA,Zemesriekstu šerbets,Oriental sweets with peanuts,200g,22.00,,4750011848608
NEW PRODUCT,LAIMA,Konfektes ar Rigas Melno upenu balzamu, Sweets with Riga balsam black currant filling,35g,12.00,,4750001820003
,SALDUS,"Piena konfekte , Gotiņa",Milk candy “Gotina” (“Cow”),1 kg,,,
,SKRĪVERU SALDUMI,Piena konfekte Skriveru Gotina,Assorted sweets Skriveru Gotina,200g,19.00,,4751010570057
,SKRĪVERU SALDUMI,Piena konfekte Skriveru Gotina Classic,Assorted  Skriveru Gotina “Classic”,200g,19.00,,4751010570033
,,ZEFIRS,ZEPHYR,"Weight, KG","Price, DKK",,Ean CODE
,LAIMA,Zefirs piena šokolade “Magnums” ar kokosriekstu skaidinam,"Zephyr in milk chocolate ""Magnums"" with coconut chips",140g,29.00,,4750011849230
,LAIMA,Zefirs piena šokolade “Magnums” ar kokosriekstu skaidinam,"Zephyr in milk chocolate ""Magnums"" with coconut chips",185g,29.00,,4750001000771
,LAIMA,Zefirs mellenu,Zephyr blueberry,200g,20.00,,4750011848646
,LAIMA,Zefirs vanilas,Zephyr vanilla,200g,20.00,,4750001002508
,LAIMA,Zefirs krejuma,Zephyr cream,200g,20.00,,4750001002843
,LAIMA,Zefirs abolu-kanela,Zephyr apple-cinnamon,200g,20.00,,4750011848837
,LAIMA,Zefirs šokolade ar mellenu pildijumu “Maigums”,Zephyr in chocolate with blueberry filling “Maigums”,200g,22.00,,4750011849186
,LAIMA,Zefirs šokolade ar mellenu pildijumu “Maigums”,Zephyr in chocolate with blueberry filling “Maigums”,140g,35.00,,4750011849179
,LAIMA,Zefirs šokolade vanilas “Maigums”,Zephyr in chocolate vanilla “Maigums”,200g,22.00,,4750001004267
,LAIMA,Zefirs šokolade ar kafijas pildijumu “Maigums”,Zephyr in chocolate with coffee filling “Maigums”,200g,22.00,,4750011849162
,LAIMA,Zefirs šokolade ar kafijas pildijumu “Maigums”,Zephyr in chocolate with coffee filling “Maigums”,140g,35.00,,4750011849155
,ADUGS,Zefirs balti-roza,Zephyr white-rose,"1,8 kg",100/kg,,4751008660265
,,ŠOKOLADE,CHOCOLATE,"Weight, KG","Price, DKK",,Ean CODE
,KALEV,Baltā šok. ar cepumu gab.un zemenēm,White chocolate biscuits with strawberries,100g,18.00,,
,KALEV,Baltā šok. ar kraukšķīgiem rīsiem un mellenēm ,White chocolate with crunchy rice and blueberries,95g,18.00,,
,PERGALE,Pergale melnā ar mango pildījumu,Black chocolate with mango filling,100g,,,
,Daisena,Balta šokolade “Schogetten”,"White chocolate ""Schogetten""",100g,12.00,,4000415856601
,Laima,Pieno šokolade,Milk chocolate,,,,
,Laima,Pieno šokolade ar lazdu riekstiem,Milk chocolate with hazelnuts,100g,12.00,,4750001943795
,Laima,Rūgta šokolade 70% cocoa,Extra dark chocolate 70% cocoa ,100g,12.00,,4750001943849
,Laima,Rūgta šokolade ar dzervenem un drupinatam piparkūkam,Extra dark chocolate with cranberries and crumbled gingerbread,220g,32.00,,4750001948080
,Laima,Rūgta šokolade 90% cocoa,Extra ark chocolate 90% cocoa,100g,20.00,,4750001946871
,Laima,VAVERITE Piena šokolade ar veseliem un drupinatiem lazdu riekstiem,Milk chocolate VAVERITE with whole and crumbed hazelnuts,100g,?,,4750001819939
,Laima,Riga black Balsam cream liquer,Riga black Balsam with liquer cream,44g,7.00,,4750001819496
,Laima,Riga black Balsam,Riga black Balsam,44g,7.00,,4750001819502
,,KALTETI FRUITS/ RIEKSTI,DRIED FRUITS/ NUTS,"Weight, KG","Price, DKK",,Ean CODE
,ARIMEX,Banānu čipsi,Banana chips,100g,12.00,,4771249812735
,ARIMEX,Žavetas dzervenes,Dried cranberries,100,12.00,,4771249817082
,Laima,Rozines šokolade,Raisins in chocolate,100g,14.00,,4750011813187
,Laima,Lazdu rieksti šokolade,Hazelnuts in chocolate,100g,24.00,,4750011813163
,,KOZINAK,KOZINAK,"Weight, KG","Price, DKK",,Ean CODE
,Krieger  GmbH,Kozinak sesam,Kozinak sesam,100g,12.00,,4740299000973
,Krieger  GmbH,Kozinak zemesrieksti,Kozinak peanut,100g,12.00,,4740299000980
,Krieger  GmbH,Kozinak saulespuķu sēklas,Kozinak sunflower seeds,100g,12.00,,4740299000942
,,SAULESPUĶU SĒKLAS,SUNFLOWER SEEDS,"Weight, KG","Price, DKK",,Ean CODE
,BABKINY,Ceptas saulespuķu sēklas,Fried sunflower seeds,500g,,,
,BARIN,Saulespuķu sēkliņas apceptas,Fried sunflower seeds,280g,,,
,BARIN,Saulespuķu sēkliņas apceptas sālītas,"Sunflower seeds (roasted, salted)",280g,,,
,VOT TAKIJE,Melnas ceptas saul. sēklas ar sāli,Black baked in the sun seeds with salt,100g,,,
,VOT TAKIJE,Melnas ceptas saul. sēklas ar sāli,Black baked in the sun seeds with salt,290g,40.00,,
,VOT TAKIJE,Melnas ceptas saulespuķu sēklas,Black fried sunflower seeds,100g,15.00,,
,VOT TAKIJE,Melnas ceptas saulespuķu sēklas,Black fried sunflower seeds,290g,40.00,,
,,POPKORNS,POPKORN,"Weight, KG","Price, DKK",,Ean CODE
,BLOCKBUSTER,Popkorns ar čedaras siera garšu,Popcorn with cheddar cheese flavor,99g,10.00,,4607030830780
,BLOCKBUSTER,Popkorns ar iebiez. piena garšu,Popcorn with condenced milk flavor,99g,10.00,,4607099091689
,ESTRELLA,Micropopcorn ar sviesta garšu,Micropopcorn with butter flavor,90g,10.00,,7310532160442
,ESTRELLA,Micropopcorn Saldais,Micropopcorn Sweet,90g,10.00,,4479028343166
,,HALVA,HALVA,"Weight, KG","Price, DKK",,Ean CODE
,BONA DEA,Saulespuķu sēklu halva,Sunflower seed halva,170g,,,
,BONA DEA,Zemesriekstu halva,Peanut halva,170g,,,
,,FRESH CAKE,FRESH CAKE,"Weight, KG","Price, DKK",,Ean CODE
,STABURADZE,Citronu kūciņas “Vēsma” (4x45g),Lemon cakes “Vēsma” (4x45g),180g,,,
,STABURADZE,Kūciņas ''Cielaviņa'' 6 gab.,Cakes “Cielaviņa” 6 pcs.,150g,,,
,STABURADZE,Mellenīte kūka,Blueberry cake,500g,,,
,STABURADZE,Selgas cepumu kūka ar šokolādi,“Selga” biscuit cake with chocolate,550g,,,
,STABURADZE,Skudru pūznīši ar dzērveņu pild.,,300g,,,
,STABURADZE,Skudru pūznīši kūciņas 6 gab.,,300g,,,
,STABURADZE,Tiramisu kūka,Cake “Toramisu”,400g,,,
,STABURADZE,Vēja pikas ar biezpienu,Wind clumps with curd,200g,,,
,STABURADZE,Vēja pikas ar kondens.pienu,Wind clumps with condensed milk,200g,,,
,GLOCERY,,,,,,
,,ZUPA,SOUPS,"Weight, KG","Price, DKK",,Ean CODE
,ALMAS TANTE,Zupa RASOĻŅIK,RASOLNIK soup,500g,?,,4751001630241
,ALMAS TANTE,Zirnu zupa,Peas soup,500g,16.00,,4751001630463
,ALMAS TANTE,Borscs skabu kapostu,,500g,16.00,,4751001630289
,ALMAS TANTE,Harčo zupa,,500g,16.00,,4751001630272
,ALMAS TANTE,Solanka darzenu,,500g,16.00,,4751001630258
,DELIKA,Zupa RASOĻŅIK,RASOLNIK soup,480g,25.00,,4770583215639
,DELIKA,Zupa GULAŠA,GULASH soup,480g,25.00,,4770583215585
NEW PRODUCT,DELIKA,Zupa zirnu ar kūpinatu cukas krūtinu,Peas soup with smoked breast of pork,480g,20.00,,4770583215677
NEW PRODUCT,DELIKA,Borščs ar baravikam,Borsch with mushrooms,480g,24.00,,4770583215615
,KOK,Zupa konservēta HARČO,HARČO soup,500g,16.00,,4751010860134
,KOK,Zupa konservēta PUPIŅU,Beans soup,500g,?,,4751010860622
,KOK,Zupa konservēta RASOĻŅIK,RASOLNIK soup,500g,22.00,,4751010860080
,KOK,Zupa konservēta SOĻANKA,Sauerkraut soup,480g,?,,4751010860097
,KOK,Zupa konservēta ZIRŅU,Peas soup,500g,16.00,,4751010860615
,SPILVA,Zupa aukstā VASARA,Cold soup “Summer”,580g,24.00,,4750022142047
,SPILVA,Zupa konservēta Harčo,HARČO soup,580g,25.00,,4750022148049
,SPILVA,Zupa konservēta Solanka,Sauerkraut soup,580g,30.00,,4750022146045
,,IELEJ ZUPAS / PASTA / KARTUPEĻU PULVERIS,POURED SOUPS/ PASTA/ POTATOE POWDER,"Weight, KG","Price, DKK",,Ean CODE
,Maggi,Kartupelu biezputra ar dillem un sviesta garšu “5minutes”,Potato puree,35g,5.00,,7613032210526
,Maggi,Kartupelu biezputra ar krejumu “5minutes”,Potato puree,35g,5.00,,7613032210205
,,GRIKI,BUCKWHEAT,"Weight, KG","Price, DKK",,Ean CODE
,DOBELES DZIRNAVNIEKS,Griķi,Buckwheat,1 kg,25.00,,4750020030414
,OMA,Griķi,Buckwheat,1 kg,,,
,OMA,Griķi (4x125g),Buckwheat (4x125g),500g,,,
,Voldemars,Griki VALDO,Buckwheat (4x125g),500g,20.00,,?
,Voldemars,Griki VALDO,"Buckwheat ""Valdo""",1kg,29.00,,4750133000106
,,KAZAS/ PUTRAIMI,GOATS/ GROATS,"Weight, KG","Price, DKK",,Ean CODE
,DOBELES DZIRNAVNIEKS,Manna,Manna,1 kg,16.00,,4750020020132
,Valdo,Manna,Manna,1kg,?,,4750133060100
,OMA,Manna,Manna,1 kg,,,
,OMA,Miežu putraimi,Barley groats,1 kg,12.00,,4751014930031
,DOBELES DZIRNAVNIEKS,Miežu putraimi,Barley groats,1kg,10.00,,4750020030315
,OMA,Prosa,Millet,1 kg,,,
,,ZIRNIE,PEAS,"Weight, KG","Price, DKK",,Ean CODE
,OMA,Zirņie šķeltie,Peas (broken),1 kg,,,
,,PARSLAS/ AUZU PARSLU BIEZPUTRA,FLAKES/ OATMEAL,"Weight, KG","Price, DKK",,Ean CODE
,HERKULES,5 graudu pārslas,5 grains cereals,500g,19.00,,4750121812032
,HERKULES,Atri vārāmās auzu pārslas,Instant oatmeal flakes,450g,15.00,,4750121112231
,HERKULES,Griķu pārslas,Buckwheat flakes,500g,30.00,,4750121692030
,HERKULES,Pilngraudu auzu pārslas,Whole grain oatsmeal,500g,15.00,,4750121102034
,HERKULES,Pilngraudu auzu pārslas,Whole grain oatsmeal,"1,5kg",30.00,,4750121154149
,HERKULES,Pilngraudu auzu pārslas,Whole grain oatsmeal,450g,10.00,,4750121122254
,HERKULES,Auzu pārslu biezputra ar mellenēm (6x35g),Oatmeal porridge with blueberries (6x35g),210g,28.00,,4750121111135
,HERKULES,Auzu pārslu biezputra ar mellenēm,Oatmeal porridge with blueberries,35g,6.00,,4750121117564
,HERKULES,Auzu pārslu biezputra ar persikiem (6x35g),Oatmeal porridge with peaches (6x35g),210g,28.00,,4750121111104
,HERKULES,Auzu pārslas biezputra ar kiršiem,Oatmeal porridge with cherries,35g,6.00,,4750121117557
,HERKULES,Auzu pārslas biezputra ar meža ogam,Oatmeal porridge with wild berries,35g,6.00,,4750121117595
,HERKULESS,Ātri pagatavojamā auzu pārslu biezputra ar ķiršu gabaliņiem,Instant oatmeal porridge with cherry pieces,35g,6.00,,
,HERKULESS,Ātri pagatavojamā auzu pārslu biezputra ar meža ogu gabaliņie,Instant oatmeal porridge with pieces of forest berries,35g,6.00,,
,KUNCEVO,Auzu pārslas aprikožu Minutka,Oatmeal with apricot “Minutka”,185g,,,
,KUNCEVO,Auzu pārslas ķiršu Minutka,Oatmeal with cherry “Minutka”,185g,?,,4601159072984
,KUNCEVO,Auzu pārslas zemeņu Minutka,Oatmeal with strawberry “Minutka”,185g,?,,4601159072977
,,KEČUPS/ MERCES,KETCHUP/ SAUCE,"Weight, KG","Price, DKK",,Ean CODE
,NARŠARAB,Granātābolu mērce,Pomegranate sauce,330g,,,
,SPILVA,Kečups bērniem,Ketchup “Children”,330g,?,,4750022016805
,SPILVA,Kečups Klasiskais,Ketchup “Classic”,330g,20.00,,4750022000804
,SPILVA,Šašliku tomatu merce,Shashlik tomato sauce,510g,20.00,,4750022012111
,SPILVA,Steika merce,Steak sauce,310g,20.00,,4750022094254
,,SINEPES/MARRUTKI,MUSTARD/ HORSERADISH,"Weight, KG","Price, DKK",,Ean CODE
,ALMAS TANTE,Sinepes Krievu,Russian mustard,200g,?,,4751001630333
,SPILVA,Sinepes Krievu,Russian mustard,140g,?,,4750022171283
,SPILVA,Sinepes Franču,French mustard,200g,?,,4750022174239
,SPILVA,Sinepes Klasiskas,Mustard Classic,220g,16.00,,4750022170231
,SPILVA,Sinepes Klasiskas,Mustard Classic,140g,12.00,,4750022170286
,SPILVA,Sinepes Krievu,Mustard Russian,140g,12.00,,4750022171283
,SPILVA,Mārrutki klasiskie,Horseradish classic,140g,12.00,,4750022172280
,,ELLA,OIL,"Weight, KG","Price, DKK",,Ean CODE
,DARI KUBANI,Saulespuķu eļļa,Sunflower oil,650ml,22.00,,
,SOLNEČNAJA DOĻINA,Saulespuķu eļļa,Sunflower oil,1 L,,,
,,ETIKIS,VINEGAR,"Weight, KG","Price, DKK",,Ean CODE
,ALMAS TANTE,"Etikis, 9% galda","Vinegar, 9%",500ml,8.00,,4751001630012
,ALMAS TANTE,Partikas etika esence 70%,"Vinegar, 70%",300ml,19.00,,4751001630029
,,MILTI,FLOUR,"Weight, KG","Price, DKK",,Ean CODE
,DOBELES DZIRNAVNIEKS,Maisījums PANKŪKAS PLĀNĀS,Mixture PANKŪKAS PLĀNĀS (for pancakes),400g,15.00,,
,DOBELES DZIRNAVNIEKS,Maisījums PANKŪKAS RAUGA,Mixture PANCAKES YEAST,500g,15.00,,
,,SALS,SALT,"Weight, KG","Price, DKK",,Ean CODE
,ARTIOMSOL,"Galda sals, rupjais",Salt,1 kg,7.00,,4820002270012
,ARTIOMSOL,"Galda sals ar jodu, rupjais",Salt with iodine,1 kg,8.00,,4820002270128
,ARTIOMSOL,Sals,Salt,1 kg,8.00,,4771323250088
,,PULVERIS,POWDER,"Weight, KG","Price, DKK",,Ean CODE
,Aloja,Kartupelu ciete,Potato starch,400g,15.00,,4750073221142
,DOBELES DZIRNAVNIEKS,Planas pankūkas,Thin pankace mix,400g,12.00,,4750020040130
,DOBELES DZIRNAVNIEKS,Rauga pankūkas,Yeast pancake mix,508g,15.00,,4750020040314
,DOBELES DZIRNAVNIEKS,Šokolades kekss,Chocolate cake mix,450g,12.00,,4750020040451
,DOBELES DZIRNAVNIEKS,Iecienitas pankūkas,Favourite thick pancake mix,400g,12.00,,4750020040116
,DOBELES DZIRNAVNIEKS,Majas kekss,Home cake mix,450g,12.00,,4750020040437
,Baš. Sod. Komp,Soda dzerama,Drinking soda,500g,15.00,,4771323251115
,,TAUPA,CONSERVES,"Weight, KG","Price, DKK",,Ean CODE
,GOSPODAROČKA,Ikri baklažānu,Eggplant caviar,475g,25.00,,
,GOSPODAROČKA,Ikri kabaču,Zucchini caviar,475g,25.00,,48200247911465
,KRONIS,Lečo dārzeņu,Leco vegetables,460g,,,
,KRONIS,Lečo pupiņu,Leco beans,440g,20.00,,4750211610418
,KRONIS,Lečo sēņu,Leco mushroom,440g,22.00,,4750211660819
,Saldus galas kombinats,Vistas škinkis,Chicken ham,250g,15.00,,4750398920980
,,PELEKIE ZIRNI,GRAY PEAS,"Weight, KG","Price, DKK",,Ean CODE
,KRONIS,Pelēkie zirņi ar cūku taukiem,Grey peas with pig fat,460g,22.00,,4750211790417
,SPILVA,Pelēkie zirņi cūku taukos,Grey peas with pig fat,570g,26.00,,4750022186102
,ALMAS TANTE,Pelēkie zirņi cūku taukos,Grey peas with pig fat,500g,25.00,,4751001630449
,Milda,Pelēkie zirņi cūku taukiem,Grey peas with pig fat,520g,20.00,,4750097001317
,Dimdini,Pelekie zirni variti,Boiled grey peas,400g,14.00,,4751001620969
,,,,,,,
,Dimdini,Varitas pupinas,Bolied beans,300g,14.00,,4751001620976
,,SKABENES,SORREL,"Weight, KG","Price, DKK",,Ean CODE
,SPILVA,Skabenes,Sorrel,530g,22.00,,4750022150103
,,SALATI,SALADS,"Weight, KG","Price, DKK",,Ean CODE
,ZELTA SAULE,Salāti Čigānu Gaume,Salad “Gypsy”,900g,20.00,,4750259015558
,ZELTA SAULE,Salāti Grieķu,Greek salad,900g,20.00,,
,DIMDINI,PIKNIKA SALATI. Korean salat,Korean carrots salad,500g,29.00,,4751001621522
,DIMDINI,PIKNIKA SALATI. Bietes salat,Beets salad,500g,29.00,,4751001621386
,,FOOD STIKLA,FOOD IN GLASS,"Weight, KG","Price, DKK",,Ean CODE
,SPILVA,Plovs,Pilaf,520g,25.00,,4750022144041
,ALMAS TANTE,Plovs ar žavetu galu,Pilaf with dried beef,500g,25.00,,4751001630579
,,MARINETA GURKUS,MARINATED CUCUMBERS,"Weight, KG","Price, DKK",,Ean CODE
,Delika,"Marineti gurki (pikanti, veseli, saldskabi)","Pickles (spicy, healthy, sweet and sour)",660g (330g),19.00,,4770583215547
,Almas tantes ,Marineti gurki,Pickles,3000g,55.00,,4751001630098
,KRONIS,Gurķi marinēti ar saldinataju,Marinated cucumbers,680g,20.00,,4750211031213
,SPILVA,Gurķi marinēti asie (6-9cm),Marinated cucumbers (6-9cm),670g,25.00,,4750022074126
,SPILVA,Gurķi marinēti asie (6-9cm),Marinated cucumbers (6-9cm),330g,15.00,,4750022074072
,SPILVA,Gurķīši marinēti (3-6cm),Marinated cucumbers (3-6cm),670g (360g),25.00,,4750022074102
,SPILVA,Latvijas lauku gurķi,Latvian countryside cucumber,"1,6kg",50.00,,4750022074270
,SPILVA,Pipargurķīši asie,Chilli cucumbers,370ml,,,
,,MARINETA TOMATUS,MARINATED TOMATOES,"Weight, KG","Price, DKK",,Ean CODE
,ALMAS TANTE,Tomati želeja,Tomatoes in jelly,500g,16.00,,4751001630319
,Taste Land,Tomati sava sula,Tomatoes in own juice,660g (330g),16.00,,4771459047439
,,VARITAS BIETES,BOILED BEETS,"Weight, KG","Price, DKK",,Ean code
,Dimdini,Varitas rivetas bietes,Boiled grated beets,350g,?,,4751001621768
,,MATINETA BIETES,BEETROOT,"Weight, KG","Price, DKK",,Ean CODE
,SPILVA,Bietes ar kimenem,Beets with caraway,570g (330g),18.00,,4750022077103
,SPILVA,Bietes Klasiskas,Beets classic,570g (330g),18.00,,4750022072108
,Almas tantes,Marinetas bietes,Marinated beets,275g,12.00,,4751001630067
,,KAPOSTI,SAUERKRAUT,"Weight, KG","Price, DKK",,Ean CODE
,Dimdinkaposti,Štoveti kaposti,Stewed sauerkraut,500g,15.00,,4751001620624
,Dimdini,BIO skabeti kaposti ar burkaniem,,900g,35.00,,4751001621508
,Dimdini,SPICIE skabeti kaposti ar burkaniem,,850g,20.00,,4751001620662
,Dimdini,SMAILIE svaigi kaposti ar burkaniem marinade,,1kg,22.00,,4751001620525
,Ensat,Jūras kaposti,Sea cabbage,200g,12.00,,4751000360200
,,IEBAZINATS PIENAS,CONDENSED MILK ,"Weight, KG","Price, DKK",,Ean CODE
,EXPORT,Iebezinats piena produkts ar cukru,Condensed milk,,17.00,,
,COFFEE/ TEA,,,,,,
,,KAFIJAS,COFFEE,"Weight, KG","Price, DKK",,Ean CODE
,INDIAN INSTANT,Šķīstoša Indijas kafija,Soluble Indian coffee,90g,25.00,,8901030083273
,,TEJA,TEA,"Weight, KG","Price, DKK",,Ean CODE
,Zelta Zilonis Možums,Zalu teja KUMELITES,Herbal tea CAMOMILE,20g,10.00,,4750536000826
,Zelta Zilonis Možums,Ziedu teja KARKADE,Flower tea KARKADE,35g,10.00,,4750536000840
,Zelta Zilonis Možums,Auglu teja MEŽROZITES,Fruit tea ROSEHIPS,35g,12.00,,4750536000833
,Zelta Zilonis Možums,Zalu teja LIEPZIEDU,Herbal tea LINDEN BLOSSOM,30g,12.00,,4750536001496
,Zelta Zilonis Možums,Piparmetru zala teja,Peppermint green tea,30g,10.00,,4750536001700
,MAJSKIJ,Tēja Čornij Brilliant (25x2g),Tea Čornij Brilliant (25x2g),50g,20.00,,
,MAJSKIJ,Tēja Korolevskoje Safari,Tea Korolevskoje Safari,100g,28.00,,
,MAJSKIJ,Tēja Korolevskoje Safari (25x2g),Tea Korolevskoje Safari (25x2g),50g,20.00,,4607051150348
,MAJSKIJ,Tēja Otbornij (100x2g),Tea Otbornij,200g,,,
,MAJSKIJ,Tēja Otbornij,Tea Otbornij (100x2g),100g,28.00,,4607051151321
,MAJSKIJ,Tēja Otbornij Ceilon (25x2g),Tea Otbornij Ceilon (25x2g),50g,20.00,,4607051151345
,JAM/ HONEY,,,,,,
,,JAM,JAM,"Weight, KG","Price, DKK",,Ean CODE
,SPILVA,Biezenis ābolu ar saldo krējumu,Apple puree with whipped cream,500g,?,,4750022140326
,SPILVA,Mežrozīšu ievārījums,Rosehip jam,400g,35.00,,4750022119384
NEW PRODUCT,PURE,Brūklenu ievarijums,Cranberry jam,410g,35.00,,4750145022387
NEW PRODUCT,PURE,Mellenu ievarijums,Blueberry jam,410g,35.00,,4750145022486
,,MEDUS,HONEY,"Weight, KG","Price, DKK",,Ean CODE
,VINNIS,Griķu ziedu medus,Buckwheat blossom honey,300g,35.00,,4750241111725
,VINNIS,Dazadu ziedu medus,Different flowers' honey,500g,50.00,,4750241111237
,NON ALCOCHOL DRINKS,,,,,,
,,SULA/ NEKTARS/ DZERIENS/ MORSS,JUICE/ NECTARS/ DRINKS/ CHOKEBERRY,"Capacity, l","Price, DKK",,Ean CODE
,ALMAS TANTE,Ābolu sula,Apple juice,3L,40.00,,4751001630128
,ALMAS TANTE,Ābolu-ķiršu nektārs,Apple- cherry nectar,3L,50.00,,4751001630364
,ALMAS TANTE,Ābolu-zemenu nektārs,Apple- strawberry nectra,3L,50.00,,4751001630340
,ALMAS TANTE,Tomātu sula,Tomato juice,3L,35.00,,4751001630111
,PURE,Plumju nektars,Plum nectar,3L,45.00,,4750145016232
,GRANDA,Granātābolu sula,Pomegranate juice,1L,35.00,,
,GUTTA,Plūmju nektārs,Plum nectar,1L,15.00,,4750009736511
,GUTTA,Baltijas upenes (min25%),Baltic black currant,1L,15.00,,4750009941892
,GUTTA,Apelsinu sula (100%),Orange juice,1L,15.00,,4750009711518
,GUTTA,Citronu nektars,Lemon juice,1L,15.00,,4750009752511
,GUTTA,Kiršu dzeriens,Cherry drink,1L,15.00,,4750009798502
,GUTTA,Dzervenu dzeriens,Cranberry drink,1L,15.00,,4750009786509
,GUTTA,Miltiauglu nektars,Multifruit nectar,1L,15.00,,4750009742512
,GUTTA,Tomatu sula,Tomato juice,1L,15.00,,4750009761513
,GUTTA,Granātābolu dzeriens,Pomegranate drink,1L,15.00,,4750009788503
,GUTTA,LOTTE vinogu-zemenu nektars,LOTTE grape-strawberry nectar,200ml,7.00,,4750009941939
,GUTTA,LOTTE abolu-bumbieru nektars,LOTTE apple-pear nectar,200ml,7.00,,4750009941687
,GUTTA,LOTTE miltiauglu nektars,LOTTE multifruit nectar,200ml,7.00,,4750009941670
,GUTTA,Negazets dzeriens ar tejas ekstraktu un avenu garšu “Ice Tea”,"Soft drinks with the tea extract and raspberry flavor ""Ice Tea""","1,5L",20.00,,4750009942004
,GUTTA,Negazets dzeriens ar tejas ekstraktu un citronu garšu “Ice Tea”,"Soft drinks with the tea extract and lemon flavor ""Ice Tea""","1,5L",20.00,,4750009573543
,GUTTA,Dažadu ogu dzeriens “Ogu kokteilis” GUTTA MAX,Mixed berry drink “Berry coctail” GUTTA MAX,2 L,24.00,,4750009942653
,GUTTA,Abolu nektars GUTTA MAX,Apple nectar GUTTA MAX,2 L,24.00,,4750009312968
,GUTTA,Sarkano vinogu nektars “Romiešu vinogas”,Red grape nectar “Roman grape”,2 L,24.00,,4750009941908
,GUTTA,Apelsinu- mango nektars GUTTA MAX,Orange – mango nectar GUTTA MAX,2 L,24.00,,4750009942844
,GUTTA,Dzervenu dzeriens GUTTA MAX,Cranberry drink GUTTA MAX,2 L,24.00,,4750009386976
,GUTTA,Dzeriens ar abolu-piparmetru garšu GUTTA FRESH,Soft drink with apple-peppermint taste GUTTA FRESH,2 L,?,,4750009942202
,GUTTA,Upenu- janogu dzeriens GUTTA FRESH,Black and red currant drink GUTTA FRESH,2 L,?,,4750009942882
,GUTTA,Mandarinu dzeriens ar citronu-laima garšu GUTTA FRESH,Mandarin drink with lemon-lime taste GUTTA FRESH,2 L,?,,4750009942196
,GUTTA,"ZIEMAS KARSTAIS kiršu, dzervenu, aroniju dzeriens","WINTER HOT cherries, cranberries, chokeberry drink",1L,22.00,,4750009943469
,GUTTA,KARSTAIS upenu-sarkano vinogu dzeriens,HOT black currant-red grape drink,1L,22.00,,4750009711266
,Cido Group,Tomatu sula no koncentretas sulas Cido Selection,Tomatoe juice Cido Selection,1 L,16.00,,4750042300878
,Cido Group,Sarkanie apelsini sula Cido Selection,Red orange juice Cido Selection,1 L,16.00,,4750042303619
,Cido Group,Granatabolu nektars ražots no koncentretas sulas,Pomegranate nectar Cido Selection,1 L,16.00,,4750042303336
,Cido Group,Mango nektars ražots no koncentreta biezena Cido Selection,Mango nectar Cido Selection,1 L,16.00,,4750042303411
,Cido Group,Ananass- kokoss sula Cido Selection,Ananas- coconut juice Cido Selection,1 L,16.00,,4750042303312
,Cido Group,Citrons- laims sula Cido,Lemon- lime juice Cido,1 L,16.00,,4750042303053
,Cido Group,Bananu nektars no biezena Cido,Banana nectar Cido,1 L,16.00,,4750042302698
,Cido Group,Darzenu sula no koncentretam salam Cido,Vegetable juice Cido,1 L,16.00,,4750042804338
,Cido Group,Tomatu sula no koncentretas sulas Cido,Tomatoe juice Cido,1 L,16.00,,4750042804222
,Cido Group,Apelsinu sula no koncentretas sulas Cido,Orange juice Cido,1 L,16.00,,4750042804208
,Cido Group,Multiauglu mix sula Cido,Multifruit juice Cido,1 L,16.00,,4750042300557
,SADAČOK,Morss dzērveņu-ābolu ,Apple-cranberry chokeberry,950ml,16.00,,4823063110051
,,MINERALUDENS,MINERAL WATER (pant price is NOT included),"Capacity, l","Price, DKK",PANT,Ean CODE
,BORJOMI,Minerālūdens gāzēts Pet,Sparkling mineral water,1L,19.00,3.00,4860019001360
,ESSENTUKY,Nr.17 gāzēts dzēriens ar dab.sāļu saturu,No.17 carbonated drink,1L,12.00,3.00,4640001853364
,ESSENTUKY,Nr.4 gāzēts dzēriens ar dab.sāļu saturu,No.4 carbonated drink,1L,13.00,3.00,4607160011547
,,KVASS ,KVAS (pant price is NOT included),"Capacity, l","Price, DKK",PANT,Ean CODE
,BORODINSKIJ,Kvasa dzēriens,Kvas drink,3L,32.00,3.00,4750099523404
,GUTTA,Rigas kvass,Rigas kvas,"0,5L",11.50,1.50,4750009942424
,GUTTA,Rigas kvasa dzeriens,,,17.00,3.00,4750009913455
,CIDO grupa,"Kvass ""Livu"" (nefiltrets)",Livu kvas,1.5L,17.00,3.00,4750132002101
,CIDO grupa,Senču kvasam,,"1,5L",17.00,3.00,4750042201441
,IĻĢUCIEMS,Dzēriens Veselība,Health drink,"1,5L",17.00,3.00,
,IĻĢUCIEMS,Kvass,Kvas,500ml,11.50,1.50,4750239577717
,IĻĢUCIEMS,Kvass Iļģuciems,Kvas,"1,5L",17.00,3.00,4750239577724
,ULMAŅLAIKU,Kvass,Kvas,"1,5L",17.00,3.00,4750142105137
,ULMAŅLAIKU KVASS,Kvass,Kvas,568ml,11.50,1.50,4750142105281
,,LIMONADE,LIMONADE (pant price is NOT included),"Capacity, l","Price, DKK",PANT,Ean CODE
,GUTTA,Klasiska limonade,Classic limonade,"1,5L",13.00,3.00,4750009942929
,GUTTA,Bumbieru limonade,Pear limonade,"1,5L",13.00,3.00,4750009942936
,ČERNOGALOVKA,Limonāde gāzēta Baykal,Carbonated limonade “Baykal”,1L,17.00,3.00,4602441000067
,ČERNOGALOVKA,Limonāde gāzēta Dueshes,Carbonated limonade “Dueshes”,1L,17.00,3.00,4602441000609
,ČERNOGALOVKA,Limonāde gāzēta Tarhun,Carbonated limonade “Tarhun”,1L,17.00,3.00,4602441000081
,ČERNOGALOVKA,Limonāde gāzēta Buratino,Carbonated limonade “Buratino”,1L,17.00,3.00,
,ČERNOGALOVKA,Limonāde gāzēta Krjušon,Carbonated limonade “Krjušon”,1L,17.00,3.00,4602441011339
,,SPARKLING DRINKS (NON ALCOHOL),SPARKLING DRINKS (NON ALCOHOL),"Capacity, l","Price, DKK",,Ean CODE
,DŽUNGĻI,Dzirkstošais dzēriens ar Cidoniju un ābolu garšu,Sparkling with quince and apple flavor,750ml,35.00,,4750108005419
,DŽUNGĻI,Dzirkstošais dzēriens ar zemeņu garšu,Sparkling drink with strawberry flavor,750ml,35.00,,4750108005167
,DŽUNGĻI,Dzirkstošais dzēriens ar mango-persiku garšu,Sparkling drink with mango-peach flavor,750ml,35.00,,4750108005143
,RĪGAS ŠAMPANIETIS,DZIRKSTOŠAIS BEZALKOHOLISKAIS,Sparkling soft drink,750ml,44.00,,4750012498857
,,KOMPOTS,COMPOTE,"Weight, KG","Price, DKK",,Ean CODE
,ZELTA SAULE,"Kompots, ķiršu",Compote cherry,900g,30.00,,
,ZELTA SAULE,"Kompots, plūmju",Compote plum,900g,25.00,,4750259015442
,ZELTA SAULE,"Kompots, zemenu",Compote strawberry,900g,25.00,,4750259015428
,ALCOCHOL DRINKS,,,,,,
,,ALUS,BEER (pant price is NOT included),"Weight, KG","Price, DKK",PANT,Ean CODE
,Aldaris,"Alus LUKSUS 5,2% alk.","Beer LUKSUS 5,2% alc",500ml,12.00,1.00,47500358
,Aldaris,"Alus LUKSUS 5,2% alk.","Beer LUKSUS 5,2% alc",568ml,12.00,1.00,4750049000573
,Aldaris,"Alus LUKSUS 5,2% alk. (nefiltretais)","Beer LUKSUS 5,2% alc (unfiltered)",500ml,12.00,1.00,4750049215342
,Aldaris,"Alus LUKSUS 5,2% alk. (nefiltretais)","Beer LUKSUS 5,2% alc (unfiltered)",568ml,12.00,1.00,4750049000580
,Aldaris,"Alus 1865 4,8% alk.","Beer 1865 4,8% alc",500ml,12.00,1.00,4750049000726
,Aldaris,Alus GAIŠAIS 5% alk ,Beer GAIŠAIS 5% alc,500ml,12.00,1.00,4750049052015
,Aldaris,Alus GAIŠAIS 5% alk ,Beer GAIŠAIS 5% alc,568ml,12.00,1.00,4750049005684
,Aldaris,"Alus ZELTA Light 4,2% alk","Beer ZELTA Light 4,2% alc",500ml,12.00,1.00,4750049004113
,Aldaris,"Alus ZELTA Light 4,2% alk","Beer ZELTA Light 4,2% alc",500ml,12.00,1.00,4750049104110
,Aldaris,"Alus ZELTA Premium 5,2% alk","Beer ZELTA Premium 5,2% alc",568ml,12.00,1.00,4750049122183
,Aldaris,"Alus ZELTA Premium 5,2% alk","Beer ZELTA Premium 5,2% alc",500ml,12.00,1.00,4750049050004
,Aldaris,"Alus APINITIS 5,3% alk",Beer APINITIS,568ml,12.00,1.00,4750049675559
,Aldaris,RADLER. Alus ar greipfrutu sulu 2% alk,RADLER. Beer with greipfruit juice 2% alc,500ml,12.00,1.00,4770349225667
,Aldaris,"MEŽPILS tumšais alus 5,7% alk","MEŽPILS dark beer 5,7% alc",500ml,15.00,1.00,4750049810097
,Aldaris,"Alus PORTERIS 24 menešus noturets, 6,8% alk","Beer Latvian PORTER aged for 24 month, 6,8% alc",500ml,29.00,1.00,4750049354652
,Brick by Brick,"Alus EEL LEGS (unfiltered lager) 5,3% alk","Beer EEL LEGS (unfiltered lager) 4,5% alc",330ml,11.00,1.00,4770349226596
,Brick by Brick,"Alus RUNNING DUNE (witbier) 4,5% alk","Beer RUNNING DUNE (whit4e beer) 4,5% alc",330ml,11.00,1.00,4770349226589
,Brick by Brick,"Alus BONUN'S MOUSTACHE (american style ipa) 6,0% alk","Beer BONUN'S MOUSTACHE (american style ipa) 6,0% alc",330ml,11.00,1.00,4770349226800
,Brick by Brick,"Alus RUNNING DUNE (witbier) 4,5% alk","Beer RUNNING DUNE (whit4e beer) 4,5% alc",750ml,26.00,1.00,4770349226572
,Brick by Brick,"Alus BONUN'S MOUSTACHE (american style ipa) 6,0% alk","Beer BONUN'S MOUSTACHE (american style ipa) 6,0% alc",750ml,26.00,1.00,4770349226817
,Brick by Brick,Alus SHARK'S COFFEE POT (sweet stout) 4.5% alk,Beer SHARK'S COFFEE POT (sweet stout) 4.5%alc,750ml,26.00,1.00,4770075446374
,Brick by Brick,Alus UNKNOWN SHORE (oak dubbel) 6.0% alk,Beer UNKNOWN SHORE ( oak dubbel) 6.0% alc,750ml,26.00,1.00,4770349226619
,Baltika Breweries,"Alus BALTIKA EXPORT NO 7 5,4% alk","Beer BALTIKA EXPORT NO 7 5,4% alc",1 L,17.00,3.00,4600682001522
,,DZIRKSTOŠAIS VĪNS,SPARKLING WINE,"Weight, KG","Price, DKK",,Ean CODE
,Latvijas balzams,"Dzirkstošais vins RIGAS BRUT, 11.5% alk","Sparkling wine RIGAS BRUT, 11.5% alc","0,75 L",59.00,,4750012453856
,Latvijas balzams,"Dzirkstošais vins RIGAS ROSE (salds), 11.5% alk","Sparkling wine RIGAS ROSE (sweet), 11.5% alc","0,75 L",59.00,,4750012469857
,Latvijas balzams,"Dzirkstošais vins RIGAS SWEET, 11.5% alk","Sparkling wine RIGAS SWEET, 11.5% alc",0.2 L,20.00,,4750012450275
,Latvijas balzams,"Dzirkstošais vins RIGAS ROSE (salds), 11.5% alk","Sparkling wine RIGAS ROSE (sweet), 11.5% alc","0,2 L",20.00,,4750012469277
,Latvijas balzams,"Рижское ИГРИСТОЕ полусладкое, 11.5% alk","Rizhskoe IGRISTOE polusladkoe, 11.5% alc",0.75 L,59.00,,4750012445851
,Latvijas balzams,"Dzirkstošais vins COSMOPOLITAN DIVA , 6% alk","Sparkling wine COSMOPOLITAN DIVA, 6% alc","0,75 L",39.00,,4750012025855
,Latvijas balzams,"Dzirkstošais vins COSMOPOLITAN DIVA citrus fusion, 6% alk","Sparkling wine COSMOPOLITAN DIVA citrus fusion, 6% alc","0,75 L",39.00,,4750012027859
,Latvijas balzams,"Dzirkstošais vins COSMOPOLITAN DIVA berry fusion, 6% alk","Sparkling wine COSMOPOLITAN DIVA berry fusion, 6% alc","0,75 L",39.00,,4750012026852
,,SIDER,CIDER (pant price is NOT included),"Weight, KG","Price, DKK",PANT,Ean CODE
,Aldaris,Apple cider Zelta,Apple cider Zelta,500ml,13.00,1.00,4750049987652
,,BRENDIJS,BRANDY,"Weight, KG","Price, DKK",,Ean CODE
,Yerevan Brandy Company,Brendis ARARAT 3-jų metų brandinimo,Ararat – 3 years,"0,5l",140.00,,4850001001904
,Yerevan Brandy Company,Brendis ARARAT 5-ių metų brandinimo,Ararat – 5 years,"0,5l",150.00,,4850001001935
,Yerevan Brandy Company,Brendis ARARAT 6-ių metų brandinimo,Ararat – 6 years,"0,5l",160.00,,4850001001966
,Yerevan Brandy Company,Brendis ARARAT 10-ies metų brandinimo,Ararat – 10 years,"0,5l",200.00,,4850001002024
,Latvijas Balzams,Brandy  GRAND CAVALIER,Brand GRAND CAVALIER,"0,7l",120.00,,4750021523328
,,VODKA/ UZLEJUMS,VODKA/ SPIRIT DRINK,,,,
,Latvijas Balzams,"Originals Latvijas Degvins Vodka, 40% alk","Original Latvian  vodka, 40% alc","0,7l",100.00,,4750021228339
,Latvijas Balzams,"Riga Black Vodka, 40% alk","Riga black vodka, 40% alc","0,7l",120.00,,4750021221361
,Latvijas Balzams,"Dzervenu uzlejums CRANBERRY, 36% alk","Spirit drink Infusion Cranberry, 36% alc","0,5l",80.00,,4750021542237
,Latvijas Balzams,"RIGAS MELNAIS BALSAMS, 45% alk","RIGA BLACK BALSAM, 45% alc","0,04l",20.00,,4750021101991
,Latvijas Balzams,"RIGAS MELNAIS BALSAMS ar upenu garšu, 30% alk",RIGA BLACK BALSAM currant. 30% alc,0.04 l,20.00,,4750021538995
,Latvijas Balzams,"RIGAS MELNAIS BALSAMS element, 40% alk","RIGA BLACK BALSAM element, 40% alc",0.04 l,20.00,,4750021107993
,Latvijas Balzams,"RIGAS MELNAIS BALSAMS, 45% alk","RIGA BLACK BALSAM, 45% alc","0,2 l",60.00,,4750021101984
,Latvijas Balzams,"RIGAS MELNAIS BALSAMS ar upenu garšu, 30% alk","RIGA BLACK BALSAM currant, 30% alc","0,2 l",50.00,,4750021538957
,Latvijas Balzams,"RIGAS MELNAIS BALSAMS, 45% alk","RIGA BLACK BALSAM, 45% alc","0,35 l",120.00,,4750021101786
,Latvijas Balzams,"RIGAS MELNAIS BALSAMS, 45% alk","RIGA BLACK BALSAM, 45% alc","0,5 l",130.00,,4750021101281
,Latvijas Balzams,"RIGAS MELNAIS BALSAMS ar upenu garšu, 30% alk","RIGA BLACK BALSAM currant, 30% alc","0,5l",100.00,,4750021537288
,Latvijas Balzams,"RIGAS MELNAIS BALSAMS ar upenu garšu (aile), 30% alk","RIGA BLACK BALSAM currant (in box), 30% alc","0,5 l",100.00,,4750021537295
,Latvijas Balzams,"RIGAS MELNAIS BALSAMS element, 40% alk","RIGA BLACK BALSAM element, 40% alc","0,5 l",100.00,,4750021107283
,Latvijas Balzams,"RIGAS MELNAIS BALSAMS, 45% alk","RIGA BLACK BALSAM, 45% alc","0,7 l",170.00,,4750021101380
,Latvijas Balzams,"RIGAS MELNAIS BALSAMS (aile), 45% alk","RIGA BLACK BALSAM (in box), 45% alc","0,7 l",170.00,,4750021101373
,Latvijas Balzams,"RIGAS MELNA BALSAMA komplekts ar 2 glazitem, 45% alk","Gift set of RIGA BLACK BALSAM with 2 shot-glasses, 45% alc","0,5l",180.00,,4750021101229
,Latvijas Balzams,"RIGAS MELNA BALSAMA ar upenu garšu komplekts ar 2 glazitem, 45% alk","Gift set of RIGA BLACK BALSAM currant with 2 shot-glasses, 45% alc","0,5 l",150.00,,4750021537219
,Latvijas Balzams,RIGAS MELNAIS BALSAMS Collection (4x40ml),RIGA BLACK BALSAM currant Collection (4x40ml),4x40ml,80.00,,4750021108112
,,LIKIERIS,LIQUEUR,,,,
,Latvijas Balzams,"RIGA BLACK BALSAM CREAM. Krejuma likieris, 17% alk","RIGA BLACK BALSAM CREAM. Cream liqueur, 17% alc","0,5l",110.00,,4750021358296
,Latvijas Balzams,"Krejuma likieris ŠARLOTE kafijas, 17% alk","Cream liueur ŠARLOTE coffee, 17% alc","0,5 l",75.00,,4750021302251
,Latvijas Balzams,"Likieris ALLAŽU KIMELIS, 40% alk","Liqueur ALLAŽU KIMELIS, 40% alc","0,35l",75.00,,4750021304798
,MILK PRODUCTS,,,,,,
,,SWEET BIEZPIENS,SWEET CURD CHEESE,"Weight, KG","Price, DKK",,Ean CODE
,BALTAIS,Baltais biezpiena sieriņš Medus kūka,White curd cheese Honey Cake,38g,5.00,,4750072511138
,BALTAIS,Biezpiena sieriņš kartupelis,Curd cheese potato,38g,5.00,,
,BALTAIS,Biezpiena sieriņš Skudru pūznis,Curd cheese Skudru pūznis,38g,5.00,,
,EHRMANN,Bērnu biezpiens Rby,Children curd Rby,50g,5.00,,
,VILKYSKIU PIENINE,Saldais biezpiena deserts ar šokolādes garšu,Sweet cheese dessert with chocolate flavor,35g,5.00,,
,VILKYSKIU PIENINE,Saldais biezpiena deserts ar vaniļas garšu,Sweet cheese dessert with vanilla flavor,35g,5.00,,
,VILKYSKIU PIENINE,Saldais biezpiena deserts ar zemeņu garšu,Sweet cheese dessert with strawberry flavor,35g,5.00,,
,KĀRUMS,BIEZPIENA SIERINŠ AR SUKĀDEM,Curd cheese with candies,45g,7.00,,
,KĀRUMS,Biezpiena sierinš KARUMS karamelu,Curd cheese KARUMS with caramel,45g,7.00,,4750050341481
,KĀRUMS,Biezpiena sierinš KARUMS vanilla,Curd cheese KARUMS with vanilla,45g,7.00,,4750050341405
,KĀRUMS,BIEZPIENA SIERIŅŠ VANILLA MULTIPAKA 45G*7,Curd cheese with vanilla,315g,35.00,,4750050342211
,KĀRUMS,Biezpiena sierinš KARUMS ar šokolades gabaliniem,Curd cheese KARUMS with chocolate,45g,7.00,,4750050341511
,KĀRUMS,Biezpiena sierinš KARUMS ar rozinem,Curd cheese KARUMS with raisins,45g,7.00,,4750050341740
,KĀRUMS,Biezpiena sirienš KARUMS ar mellenem,Curd cheese KARUMS with blueberries,45g,7.00,,4750050342112
,KĀRUMS,Biezpiena sirienš KARUMS ar kokosriekstu skaidinam,Curd cheese KARUMS with coconut shavings,45g,7.00,,4750050341412
,LATGALE,"Biezp.sier.""Gardumiņš"" ar aprikožu 1gab",Curd cheese “Gardumins” with apricot,,7.00,,
,LATGALE,Biezpiena sieriņš ar marmelādi GARDUMIŅŠ,Curd cheese “Gardumins” with jelly,90g,7.00,,
,LATGALE,Biezpiena sieriņš ar rozīnēm GARDUMIŅŠ,Curd cheese “Gardumins” with raisins,90g,7.00,,
,,SIERA,CHEESE,"Weight, KG","Price, DKK",,Ean CODE
,DZINTARS,Kūpināta kausēta siera desa,Smoked processed cheese sausage,295g,30.00,,
,DZINTARS,Kūpināta kausēta siera desa ar šķiņķi,Smoked sausage processed cheese with ham,295g,30.00,,
,Rigas Piensaimnieks,Kausetais siers DZINTARS ar zalumu garsu,Processed cheese DZINTARS with herbs taste,30g,3.00,,4750050545544
,Rigas Piensaimnieks,Kausetais siers DZINTARS ar šampinjonu garsu,Processed cheese DZINTARS with mushroom taste,30g,3.00,,4750050545551
,Rigas Piensaimnieks,Kausetais siers DZINTARS ar škinka garsu,Processed cheese DZINTARS with ham taste,30g,3.00,,4750050545575
,Rigas Piensaimnieks,Kauseta siera DZINTARS škelites ar augu taukiem,Processed cheese slices DZINTARS with vegetable fat,130g,16.00,,4750050534814
,Rigas Piensaimnieks,Kausetas DZINTARS škelites,Processed cheese slices DZINTARS,130g,16.00,,4750050534807
,JAUNPILS,Kūpinatais siers MEDNIEKU,Smoked cheese MEDNIEKU,~200-400g,85/kg,,237080060
,JAUNPILS,Kūpinatas siera bumbas,Smoked cheese balls,140g,16.00,,4751004060724
,JAUNPILS,Siers KIMENU,Cheese KIMENU,220g,24.00,,4751004060687
,JAUNPILS,Siers PIKANTAIS,Cheese PIKANTAIS,430g,39.00,,4751004060298
,JAUNPILS,"Siers BAUSKAS ar tauku saturu sausna, 35%",,420,39.00,,4751004060472
,JAUNPILS,Siers KURZEMES,Cheese KURZEMES,420g,38.00,,4751004060472
,JAUNPILS,"Nenogatavinats siers SULGUNI, kūpinats","Fresh pasta filata type cheese, smoked",~300-400g,100/kg,,237080620
,JAUNPILS,Siers JAUNPILS FETINA,Cheese JAUNPILS FETINA,~100-300g,75/kg,,237080390
,JAUNPILS,Siers PAVASARIS,Cheese PAVASARIS,~200-400g,80/kg,,237080350
,JAUNPILS,Siers DIPLOMATS,Cheese DIPLOMATS,~150-250g,75/kg,,237080320
,JAUNPILS,Siers ZELTA,Cheese ZELTA,~250-400g,85/kg,,237080100
,JAUNPILS,"Salits, kūpinats svagais siers MŪKA",Salted smoked cheese MŪKA,~150-250g,100/kg,,237080470
,JAUNPILS,Mozzarellas bumbas,Mozzarella balls,160g,14.00,,4751004060717
,JAUNPILS,Siers OLIMPS ar valriekstu garšu,Cheese OLIMPS with walnut flavor,~570g,95/kg,,Bi
,ANNELE,"Cietais siers Parnidžio 40%, 18 mēn. Fasēts",Hard cheese Parnidžio 40% 18 months. Packed,200g,35.00,,
,ANNELE,"Cietais siers Parnidžio 40%, 6 mēn.,fas.","Hard cheese Parnidžio 40%, 6 m.",200g,35.00,,
,VILKYSKIU PIENINE,Mīkstais siers 82% Mascarpone,Soft cheese 82% Mascarpone,190g,22.00,,
,VILKYSKIU PIENINE,"Siers, 45% Mozzarella",Cheese Mozzarella 45%,100g,10.00,,
,LAUKU SĒTA,Siers DOKTORA 45% skelet,Cheese DOCTORA 45% skelet,150g,22.00,,
NEW PRICE,TRIKATA,Sniega bumbas ar paprika,Cheese snow balls  with paprika,240g,40.00,35.00,4751020491595
NEW PRICE,TRIKATA,Sniega bumbas ar kiplokiem,Cheese snow balls with,240g,40.00,35.00,4751020491571
NEW PRICE,TRIKATA,Sniega bumbas ar tomatiem un baziliku,Cheese snow balls with tomatoes and bazilik,240g,40.00,35.00,4751020491601
,,KEFIRS,KEFIR,"Weight, KG","Price, DKK",,Ean CODE
,Baltais,Kefirs 2%,Kefir 2%,1 kg,12.00,,4750072020227
,,PIENS,MILK,"Weight, KG","Price, DKK",,Ean CODE
,ANNELE,"Piens 3,5%,Tetra- Rex","Milk 3,5%",900ml,15.00,,
,,RJAŽENKA,RJAŽENKA,"Weight, KG","Price, DKK",,Ean CODE
,Annele,"Rjaženka ar bifido bakterijam 3,2%",Rjaženka with bifido bacteria 3.2%,500g,12.00,,4770265043987
,,RŪGUŠPIENS,CURDLED MILK,"Weight, KG","Price, DKK",,Ean CODE
,JAUNPILS,Rūgušpiens 4%,Curdled milk 4%,400g,12.00,,4751004060694
,,BIEZPIENS,CURD,"Weight, KG","Price, DKK",,Ean CODE
NEW PRICE,JAUNPILS PIENOTAVA,Biezpiens,Curd 9%,275g,16.00,14.00,4751004060021
,JAUNPILS PIENOTAVA,Biezpiens,Curd 5%,275g,16.00,14.00,4751004060625
NEW PRICE,JAUNPILS PIENOTAVA,Biezpiens,"Curd 0,5%",275g,16.00,14.00,4751004060038
,JAUNPILS PIENOTAVA,Biezpiens,"Curd 0,5%",600g,30.00,,4751004060601
,JAUNPILS PIENOTAVA,Biezpiens,Curd 5%,600g,30.00,,47510040606332
,JAUNPILS PIENOTAVA,Biezpiens,Curd 9%,600g,30.00,,4751004060595
,Annele ,Graudainais biezpiens,Grainy curd 7%,180g,14.00,,4770237050579
,BALTAIS,Baltais saldais biezpiens vaniļas,White sweet cottage cheese vanilla,180g,15.00,,
,BALTAIS,Baltais saldais biezpiens ar rozinem,White sweet cottage cheese with raisins,180g,15.00,,4750072510551
,BALTAIS,Vajpiena biezpiens 0.5%,Curd 0.5%,180g,14.00,,4750072062265
,VILKYSKIU PIENINE,"Biezpiens 0,5%, Kelmės",Curd 0.5% “Kelmės”,200g,12.00,,
,VILKYSKIU PIENINE,"Biezpiens 9%, Kelmės",Curd 9% “Kelmės”,200g,14.00,,
,LATGALE,Biezpiens 9% t.s.,Curd 9%,180g,14.00,,
,,SKĀBAIS KRĒJUMS,SOUR CREAM,"Weight, KG","Price, DKK",,Ean CODE
,VILKYSKIU PIENINE,"Skābā krējuma izstrādājums 30%, Žemaitėška",Sour cream product 30% Žemaitėška,450g,14.00,,
,JAUNPILS,Skabais krejums Zelta 25%,Sour cream  Zelta 25%,400g,12.00,,4751004060540
,JAUNPILS,"Skabais ""Latviyskoe zolotko"" 25%","Sour cream ""Latviyskoe zolotko"" 25%",350g,12.00,,4751004060489
,,MAJONEZE,MAYONNAISE,"Weight, KG","Price, DKK",,Ean CODE
,SPILVA,"Majonēze Rosola 51,8%",Mayonnaise “Rosola” 51.8%,250g,12.00,,4750022045508
,SPILVA,Majonēze Provansas 67%,Mayonnaise “Provansas” 67%,250g,12.00,,4750022141507
,SPILVA,Majonēze Brokastu,Mayonnaise “Brokastu”,250g,12.00,,4750022049506
,ALTA,Majonēze Gimines,Mayonnaise “Gimines”,250g,12.00,,4750022042515
,,DESERTS,DESSERTS,"Weight, KG","Price, DKK",,Ean CODE
,BALTAIS,Biezpiena krēms ar mango un persikiem,Curd cream with mango and peaches,150g,,,
,KĀRUMS,DESERTS AR STRŪDELI,Dessert with strudel,120g,10.00,,
,KĀRUMS,SALDĀ KRĒJ. KRĒMS AR ŠOKOLĀDES GARŠU,Sweet cream with chocolate taste,150g,15.00,,
,KĀRUMS,SALDĀ KRĒJ.KRĒMS KARAMEĻU,Sweet cream with caramel taste,150g,15.00,,
,KĀRUMS,"SALDĀ KRĒJ.KRĒMS, VANIĻAS",Sweet cream with vanilla taste,150g,15.00,,
,FISH PRODUCTS,,,,,,
,,FILEJAS/ ROLMOPSI,,"Weight, KG","Price, DKK",,Ean CODE
,BALTIJAS ZIVIS - 97,"Siļķu filejas eļļā ""Matje""","Herring fillet in oil ""Matje”",200g,22.00,,4750289001378
,BALTIJAS ZIVIS - 97,"Siļķu filejas un dārzeņu asorti ""Jūras orhideja""",Herring fillet and vegetables assorted “Jūras orchideja”,200g,27.00,,4750289030132
,BALTIJAS ZIVIS - 98,Silku titeni marinade ar apelsiniem,Herring bindweed marinade with orange,300g,39.00,,4750289001804
,LATIS,Siļķes fileja eļļā “Matje”,"Herring fillet in oil ""Matje”",200g,20.00,,4751004070013
,LATIS,Silku filejas majoneze ar ananasiem,Herring fillet with pineapple,500g,36.00,,4751004071799
,BERZCIEMS,Silku filejas gabalini,Herring fillet,250g,29.00,,4750217001173
,BALTIJAS ZIVIS - 97,"Skumbrijas fileju gabaliņi eļļā ""Jums""","Mackerel fillet pieces in oil ""Jums”",200g,27.00,,
,BALTIJAS ZIVIS -97,Ceptas skumbriju filejas tom.mērcē Rudens,Fried mackerel fillets in tomato sauce “Rudens”,250g,27.00,,
,KAIJA,"""GARDUMS"" Siļķu filejas eļļā",Herring fillet in oil “Gardums”,250g,24.00,,
,KAIJA,Gardums siļķu fileja Ungāru gaumē,Delicacy herring fillet Hungarian style,450g,35.00,,
,KAIJA,Makrelu filejas ella,Mackerel fillets in oil,170g,15.00,,4751007730723
,BERZCIEMS,Siļķu rolmopši marinādē,Marinated herring rolls,500g,40.00,,4750217602882
,ViCI,Silku filejas rolmopši ar konservetiem gurkiem ella (ar cukuru un saldinataju),Herring fillet rolls with cucumbers,200g,?,,4770190351089
,DECENT,Seld file v masle DYMOK,Herring fillets in oil “Dymok”,200g,21.00,,4750501001179
,,ŽAVETAS ZIVIS,DRIED FISH,"Weight, KG","Price, DKK",,Ean CODE
,BEER CLUB CLASSIC,Putasu vītināta,Dried blue whiting,36g,10.00,,4751013350076
,BEER CLUB CLASSIC,Stavrida žāvēta,Dried yellow stripe fish,36g,10.00,,4751013350106
,BEER CLUB CLASSIC,Kalmars vitinats,Dried squid,46g,20.00,,4751013350038
,BEER CLUB CLASSIC,Kalmars (gredzeni),Squid (ring),43g,20.00,,4751013350069
,FISHKA,Anšovi sālīti,Dried anchovy,20g,10.00,,4751013350090
,FISHKA,Kalmārs vitinats kūpinats,Dried smoked squid,20g,10.00,,4751013350083
,FISHKA,Kalmārs vitinats,Dried squid,20g,10.00,,4751013350014
,FISHKA,Putasu vītināta,Blue whiting dried,20g,10.00,,
,GEORGA,Breksis vītināts,Breksis wilted,~150g,110/kg,,
,GEORGA,Vobla vītināta,Vobla dried,~100g,140/kg,,2763006001607
,GEORGA,Auksti kūpinati,Cold smoked fish,~500g,110/kg,,2746330004704
,MSDM,Kalmaru škeles salitas- kaltetas,Dried squid shredded,36g,20.00,,4260147170158
,MSDM,Pikantas kalmaru škeles salitas- kaltetas,Dried squid shredded with chilli,36g,20.00,,4260147170349
,MSDM,Kupinati Kalmaru Jerky,Smoked squid jerky,36g,20.00,,4260147170509
,MSDM,Indijas okeana Salaka salitas- kaltetas,Brushtooth lizardfish,36g,20.00,,4260147170134
,MSDM,Pikantas mencas stremeles salitas- kaltetas,Pacific Cod with chilli,36g,20.00,,4260147170288
,MSDM,Dzeltensvitru stavrida salitas- kaltetas,Yellow striped trevally,36g,20.00,,4260147170028
,,ZIVJU KONSERVI,CANNED FISH,"Weight, KG","Price, DKK",,Ean CODE
,BRASLA,Skumbrija eļļā,Mackerel in oil,240g,15.00,,4751006980808
,BRASLA,Skumbrija savā sulā,Mackerel in own juice,240g,15.00,,4751006980822
,BRASLA,Makrele tom.mērcē,Mackerel in tomato sauce,240g,27.00,,4751006980815
,BRASLA,Zivju tefteli tom.mērcē,Fish balls in tomato sauce,240g,10.00,,
,BRASLA,Zivju tefteli,Fish balls,240g,15.00,,4751006980570
,BRASLA,Aknu pastete lauku,Liver pate,240g,19.00,,4751006980440
,KAIJA,Skumbrijas fileja eļļā,Mackerel fillet in oil,170g,22.00,,
,KAIJA,Skumbrijas fileja tomātu krēmā,Mackerel fillet in tomato cream,170g,22.00,,
,Kolumbija,Atlantijas skumbrija sava sula ar ellu,Atlantic mackerel own juice with oil,240g,15.00,,4750571000775
,Saldus galas kombinats,Siļķe savā sulā ar eļļu,Herring in own juice with oil,240g,15.00,,4750398900159
,Saldus galas kombinats,Cepti šprotes eļļā,Fried sprats in oil,240g,19.00,,4750398642240
,BRĪVAIS VILNIS,Lielās šprotes eļļā,Big sprats in oil,240g,20.00,,4750616001668
,BRĪVAIS VILNIS,Šprotes eļļā,Sprats in oil,160g,16.00,,4750616000135
,BRĪVAIS VILNIS,Šprotes tomatu merce ,Sprats in tomatoe juice,,19.00,,4750616002122
,BRĪVAIS VILNIS,Rīgas šprotes eļļā,Rigas sprats in oil,190g,23.00,,
,BRĪVAIS VILNIS,Šprotu pastēte,Sprats pate,160g,10.00,,4750616000463
,BRĪVAIS VILNIS,Zivju frikadeles tom. mēr. ar dārz.,Fish balls in tomato sauce with vegetables,240g,10.00,,4750616000777
,BRĪVAIS VILNIS,Sardines savā sulā ar eļļā,Sardines in own juice with oil,240g,21.00,,4750616000432
,BRĪVAIS VILNIS,Sardines tom.mērcē,Sardiens in tomato sauce,240g,21.00,,4750616000401
,BRĪVAIS VILNIS,Renges kupinatas ella,Smoked herring in oil,240g,21.00,,4750616000302
,BRĪVAIS VILNIS,Bretlinas apceptas tomatu merce ar papriku,Baked sprats in tomatoe sauce with paprika,240g,21.00,,4750616002290
,LIBAVA PREMIUM,Lielās šprotes eļļā,Big sprats in oil,240g,10.00,,4750571000508
,LIBAVA PREMIUM,Šprotes eļļā,Sprats in oil,240g,19.00,,4750571000348
,LIBAVA PREMIUM,Kūpinats zutis želejas uzlejuma,Smoked eel in jelly infusions,180g,35.00,,4750571003295
,LIBAVA PREMIUM,Lidaka želejas uzlejuma,Pike in gels infusions,180g,25.00,,4750571003523
,LIBAVA PREMIUM,Jūras asari želejas uzlejuma,Sea bass in gels infusions,180g,26.00,,4750571003202
,LIBAVA PREMIUM,Karpa želejas uzlejuma,Carp gels infusions,180g,23.00,,4750571003301
,SENGA,Šprotes eļļā,Sprats in oil,240g,21.00,,4750252057135
,SENGA,Bretlinas tomatu merce,Sprat in tomato sauce,240g,18.00,,4750252031135
,ROJA FCT,Килька обжаренная в томатном соусе,Sprat fried in tomato sauce,240g,21.00,,4750300001899
,Diamir,Anšovu fileja augu ella,Anchovy fillets in vegetable oil,90g,30.00,,8436033879115
,Elanders,килька соленая с приправами,Salted sprats with spices,700g,32.00,,4750240234005
,SAIVA,Mencu aknas,Cod liver,230g,18.00,,4750935001875
,Leon Gmbh,Kalmar fillet in oil,Kalmar fillet in oil,185g,22.00,,4751004282140
,Leon Gmbh,Kalmar fillet in own juice,Kalmar fillet in own juice,185g,22.00,,4751004282249
,Leon Gmbh,Šprotes ella Старая Рига (Staraja Riga),Sprats in oil Old Riga,240g,21.00,,4751001585602
,Leon Gmbh,Šprotes ella Старая Рига (Staraja Riga),Sprats in oil Old Riga,160g,14.00,,4751001589006
,Leon Gmbh,Šprotes tomatu merce Старая Рига (Staraja Riga),Sprats in tomatoe sauce Old Riga,240g,16.00,,4750265000647
,Leon Gmbh,Atlantic herring in oil Старая Рига (Staraja Riga),Atlantic herring in oil Old Riga,240g,19.00,,4751001585763
,Leon Gmbh,Сайра тихоокеанская натуральная с добавлением масла,,280g,35.00,,4751001589457
,Leon Gmbh,Печень трески натуральня,,250g,39.00,,4751001585909
,Leon Gmbh,Шпротный паштет Рижское Золото (Rigas Zelts),Sprats pate Riga Gold,160g,12.00,,4751001582557
,Leon Gmbh,Рыбные тефтели в томатном соусе Рижское Золото (Rigas Zelts),Fish balls in tomatoe sauce Riga Gold,240g,16.00,,4751001582564
,Leon Gmbh,Обжаренная салака ЖАРЕНКА в томатном соусе с овощами Рижское Золото (Rigas Zelts),Baked sprats in tomatoe sauce with vegetables Gold Riga,280g,22.00,,4751001580195
,Рижская жемчужина,Черноморские бычки обжаренные в томатном соусе,Black Sea gobies fried in tomato sauce,240g,21.00,,4750897001616
,,,HERRING,"Weight, KG","Price, DKK",,Ean CODE
,ZigmaS,Salitas Atlantijas silkes bez galvam ar garšvielam,"Salted herring (gutted, head off) with spices","1,3 kg",60.00,,4770221362022
,MEAT PRODUCTS,,,,,,
,,VARITAS GALAS PRODUKTI,COOKED MEAT PRODUCTS,"Weight, KG","Price, DKK",,Ean CODE
,GRĀVENDĀLE,Desa DOKTORA PREMIUM (varita),Sausage “Doctora Premium” (cooked),400g,29.00,,4751001132264
,GRĀVENDĀLE,Desa DOKTORA dabiga apvalka,"Sausage ""Doctora"" in natural casing (cooked)",500g,35.00,,4751001131472
,Rigas Miesnieks,Dumdesa JUBILEJAS,Sausage “Jubilejas”,270g,35.00,,4750174443153
,RGK,Aukstā gaļa (vak ),Cooked meat,500g,25.00,,
,JELGAVA,Jelgavas Jubilejas,Jelgava Anniversary,280g,35.00,,4751002209903
,Nakotne,Desa berniem TIGERITIS,Cooked meat for kids TIGERS,400g,35.00,,4751003570910
,Rezeknes Galas Kombinats,Reala Doktordesa,"Real cooked meat ""Doktorskaya""",450g,37.00,,4751005454980
,,VITINATA/ KUPINATA DESA,SMOKED MEAT,,,,
,GRĀVENDĀLE,Jubilejas dūmdesa,Sausage “Jubilejas”,240g,30.00,,4751001138082
,GRĀVENDĀLE,Maskavas desa a/k,Sausage “Maskavas”,240g,30.00,,4751001138259
,GRĀVENDĀLE,Vitinata  majas desa a/k,"Sausage ""Home""",240g,30.00,,4751001131632
,Nakotne,Majas desa,,340g,,,4751003571832
,Cepeškungs,"""Vasalu"" varita, karsti kupinata salami",,250g,,,4740574081826
,Rezeknes Galas Kombinats,Knakeri,Kebanos,415g,35.00,,4751005450173
,Rezeknes Galas Kombinats,Grill cisini,Smoked sausages for grill,400g,oked ,,4751005452580
,Rezeknes Galas Kombinats,"Smoked shoulder ""Pirtnieka""","Smoked shoulder ""Pirtnieka""",~ 400-600g,76/kg,,237401410
,Rezeknes Galas Kombinats,"Smoked pork back fat ""Pirtnieka""","Smoked pork back fat ""Pirtnieka""",~300-600g,67/kg,,237406490
,Rezeknes Galas Kombinats,Alkšnu desinas,Sausages with alder smoke,360g,27.00,,4751005453600
,Rezeknes Galas Kombinats,MASKAVAS desa ar kiplokiem,"Smoked sausage ""Moskovskaja"" ",400g,25.00,,4751005454591
,,SALAMI,SALAMI,"Weight, KG","Price, DKK",,Ean CODE
,Rezeknes Galas Kombinats,Mednieku odzinas,"Salami ""Berry""",365g,35.00,,4751005450180
,Rezeknes Galas Kombinats,Klasiska auskti kūpinata desa ar seklinam,Dried salami with sunflower seeds,80g,20.00,,4751005456182
,Rezeknes Galas Kombinats,Klasiska auksti kūpinata desa,Dried salami Classic,80g,18.00,,4751005454683
,Rezeknes Galas Kombinats,Raznas Jubilejas,Dried salami Raznas Jubilejas,280g,38.00,,4751005454041
,Rezeknes Galas Kombinats,Rezeknes desa,Dried salami Rezeknes ,250g,34.00,,4751005454072
,Rramata,"""Rigas salami"" ",,500g,,,4750559333352
,,SERVELADE,SERVELAT,"Weight, KG","Price, DKK",,Ean CODE
,Rezeknes Galas Kombinats,ALKŠNU servelade,Servelat with alder smoke,400g,35.00,,4751005454379
,,RIEKSTAS,HAM,"Weight, KG","Price, DKK",,Ean CODE
,Rezeknes Galas Kombinats,Riekstu rulete,Ham with nuts,120g,20.00,,4751005450265
,Rezeknes Galas Kombinats,Meat rolls with garlic,Meat rolls with garlic,~250-450g,76/kg,,237406480
,Rezeknes Galas Kombinats,Smoked ham an juniper,Smoked ham an juniper,~400-600g,85/kg,,237403710
,,DESA,SAUSAGES,"Weight, KG","Price, DKK",,Ean CODE
,LIDO,Desa Bernu ar sieru,Children sausage with cheese,440g,35.00,,4750077100498
,Kekava,Desinas cepamas ar sieru,Cooking sausage with cheese,400g,30.00,,4750303703387
,Rezeknes Galas Kombinats,Sardeles augstaka labuma,"Boiled sausage ""Extra""",400g,37.00,,4751005454478
,Rezeknes Galas Kombinats,Reals cisinš no rezeknes,Real sausages,485g,40.00,,4751005455079
,Rezeknes Galas Kombinats,Bernu cisini,Sausages for children without E,370g,36.00,,4751005455406
,Rezeknes Galas Kombinats,Sudžuks,Sudzhuk,220g,38.00,,4751005455390
,Rezeknes Galas Kombinats,Kalnu servelade,Mountain cervelat,265g,30.00,,4751005455277
,Rezeknes Galas Kombinats,Doktordesa,"Boiled sausage ""Doktora extra""",400g,37.00,,4751005453846
,Rigas Miesnieks,"Cisini klasiskie ""Doktora""",,900g,,,4740003007489
,Rigas Miesnieks,Rakveres cisini,,500g,,,4750174056360
,Rramata,"Sardeles ""Krejuma"" (apkupinatas)",,"~1,5 kg",,,2310405516
,Rramata,"Desa ""Rigas""",,250g,,,4750559306165
,,VISTA,CHICKEN ,"Weight, KG","Price, DKK",,Ean CODE
,LIDO,Zaveta vista,Smoked chicken,~ 1kg,100/kg,,231030071
,Rezeknes Galas Kombinats,Žavetas vistu kajinas,Smoked chicken hips,400g,28.00,,4751005451682
,Rezeknes Galas Kombinats,Smoked chicken quarter,Smoked chicken quarter,~500g-1kg,60/kg,,237401640
,Rezeknes Galas Kombinats,"Smoked chicken hips ""Rezekne""", ,~500-800g,60/kg,,237405270
,Rezeknes Galas Kombinats,Kūpinati vistu sparnini,Smoked chicken wings,375g,29.00,,4751005450425
,Rezeknes Galas Kombinats,Smoked chicken rool,Smoked chicken rool,~450g,60/kg,,237406360
,Rezeknes Galas Kombinats,Marinated smoked chicken,Marinated smocked chicken,~400-600g,85/kg,,237403480
,,TONGUE,TONGUE,,,,
,Rezeknes Galas Kombinats,Lauku delikatese ar meli forma,Deliacacy with tongue,415g,27.00,,4751005453235
,,LARD,LARD,"Weight, KG","Price, DKK",,Ean CODE
,Rezeknes Galas Kombinats,Lard with salt,Lard with salt,~ 300-500g,62/kg,,237401670
,Rezeknes Galas Kombinats,Sviestmaižu spekis ar kiplokiem,Sandwich lard with garlic,200g,14.00,,4751005450159
,,KONSERVI,CANNED FOOD,"Weight, KG","Price, DKK",,Ean CODE
,Rezeknes Galas Kombinats,Zirga galas delikatese,Horse meat delicacy,250g,28.00,,4751005455260
,Rezeknes Galas Kombinats,Lauku sauteta cukgala,"Stewed pork ""Country""",250g,12.00,,4751005453594
,Rezeknes Galas Kombinats,Vista želeja,Chicken in jelly,250g,11.00,,4751005454294
,Rezeknes Galas Kombinats,Cūkgala ar pupinam,Pork with beans,250g,13.00,,4751005453044
,Rezeknes Galas Kombinats,Tūristu brokastis,Tourist's breakfast with pork,250g,15.00,,4751005453037
,Rezeknes Galas Kombinats,Sauteta cūkgala,Stewed pork,250g,16.00,,4751005452993
,,Sauteta cūkgala,Stewed pork,325g,22.00,,4751005454812
,,Cūkgalas gulašs,Pork goulash,250g,17.00,,4751005453167