,SWEET PRODUCTS,,,,,,
,,ПРЯНИКИ/ СУШКИ,GINGERBREAD/ KRINGLE PASTRIES,WEIGHT,PRICE,,BARCODE
,Родные Просторы,"Пряники ""Холодок""","Gingerbread ""Холодок"" (""Cold"")",350g,16.00,,
,Родные Просторы,"Пряники ""Медовые""","Gingerbread “Медовые"" (""Honey"")",350g,16.00,,4260130030810
,Родные Просторы,"Пряники ""Клюквенные""","Gingerbread ""Клюквенные"" (""Cranberries"")",350g,16.00,,4260130030865
,Родные Просторы,Пряники с карамельным вкусом,"Gingerbread "" с карамельным вкусом"" (""caramel"")",350g,16.00,,4260130031183
,Родные Просторы,Пряники фруктовые,"Gingerbread ""Фруктовые"" (""Fruits"")",350g,16.00,,4260130030827
,Родные Просторы,Пряники мятные,"Gingerbread ""Мятные""(""Mint"")",350g,16.00,,4260130030803
,Родные Просторы,Пряники ореховые,"Gingerbread ""Ореховые"" (""Nuts"")",350g,16.00,,4260130031084
,Родные Просторы,Пряники клубничные,"Gingerbread ""Клубничные""(""Strawberry"")",350g,16.00,,4260130031008
,Родные Просторы,Пряники ванильные,"Gingerbread ""Ванильные""(""Vanilla"")",350g,16.00,,4260130030858
,Родные Просторы,Пряники северные,"Gingerbread ""Северные""(""Northern"")",350g,16.00,,4260130031077
,Родные Просторы,Пряники запарожские,"Gingerbread ""Запарожские""(""Zaparozh"")",350g,16.00,,4260130030841
,Родные Просторы,Пряники шоколадные ,Gingerbread chocolate,350g,16.00,,4260130030995
,Бабушкины сладости,"Пряники ""Кульбабка весенняя""","Gingerbread ""Кульбабка весенняя"" (""Spring"")",450g,18.00,,4820008833198
,Бабушкины сладости,Пряники сказочные,"Gingerbread ""Fairytale"" ",450g,18.00,,4820008833228
,Бабушкины сладости,Пряники аромат мяты,Gingerbread with mint aroma,450g,18.00,,4820008833181
,Пензенская Кондитерская Фабрика,"Пряники ""Северянка""","Gingerbread ""Северянка"" (""Northern"")",400g,18.00,,4601021047843
,Пензенская Кондитерская Фабрика,Пряники с ароматом мяты,"Gingerbread ""С ароматом мяты"" (""Mint flavoured"")",400g,18.00,,4601021044606
,Wija,"Пряники ""Колосок""","Gingerbread ""Колосок"" (""Spica"")",450g,18.00,,4820008833204
,Wija,"Пряники ""Сказочные""","Gingerbread ""Сказочные"" (""Fairytale"")",450g,18.00,,4820008833228
,Wija,"Пряники ""Кульбабка весенняя""","Gingerbread ""Кульбабка весенняя"" (""Spring"")",450g,18.00,,4820008833198
,OS Retail GmbH,"Пряники ""Подмосковные""","Gingerbread ""Подмосковные"" (""Near Moscow"")",360g,16.00,,4260352190767
,OS Retail GmbH,Пряники со сгущенкой,Gingerbread with condensed milk,360g,16.00,,4260352190774
,OS Retail GmbH,Пряники вишневые,Gingerbread with cherry,360g,16.00,,4260352190798
,H&B,"""Русское Чаепитие"" сушки любительские","Kringle pastries ""Любительские"" ",500g,20.00,,4820076920226
,H&B,"""Русское Чаепитие"" сушки яичные","Kringle pastries “Яичные” (""With eggs"")",500g,20.00,,4820076920196
,H&B,"""Русское Чаепитие"" сушки с маком",Kringle pastries with poppy seeds,500g,35.00,,4820076920202
,H&B,"""Русское Чаепитие"" сушки ванильные",Kringle pastries with vanilla,500g,20.00,,4820076920233
,H&B,"""Русское Чаепитие"" сушки овальные",Kringle pastries oval,500g,20.00,,4820076920219
,H&B,"Сушка ""Малютка"" любительская","Kringle pastries ""Любительская"" ",500g,20.00,,4820076920226
,H&B,"Сушка ""Малютка"" с маком",Kringle pastries with poppy seeds,500g,20.00,,4820076920271
,H&B,"Сушка ""Малютка"" ванильная",Kringle pastries with vanilla,500g,20.00,,4820076920295
,H&B,"Сушка ""Малютка"" глазированная",Kringle pastries glazed,500g,20.00,,4820076920288
,Ксюша,"Сушки ""От Ксюши"" классические",Kringle pastries classic,500g,20.00,,8594166820241
,Ulan,Сушки мятные ,Kringle pastries mint,500g,20.00,,4260007244746
,Ulan,"Сушки ""Ромашка ванильная""","Kringle pastries ""Vanilla chamomile""",500g,20.00,,4260007244265
,,ПЕЧЕНЬЕ,BISCUITS,WEIGHT,PRICE,,BARCODE
,Родные Просторы,Овсяное печенье классическое,"Oatmeal cookies ""Классическое"" (""Classic"")",400g,23.00,,4260130030926
,Родные Просторы,Овсяное печенье со сгущёнкой,Oatmeal with condensed mik,400g,23.00,,
,Родные Просторы,Овсяное печенье с изюмом,Oatmeal with raisins,400g,23.00,,4260130030933
,Родные Просторы,Овсяное печенье с семечками подсолнуха,Oatmeal cookies with sunflower seeds,400g,23.00,,4260130030940
,Родные Просторы,Овсяное печенье с отрубями,Oatmeal cookies with bran,400g,23.00,,4260130030872
,К.И.О. Кондитерское Объединение,"Печенье ""Карамелька""","Biscuit ""Карамелька"" (""Caramel"")",255g,15.00,,4607021097833
,К.И.О. Кондитерское Объединение,"Печенье ""Молочная деревушка"" творожное","Biscuit ""Mолочная деревушка"" with cottage cheese",260g,15.00,,4607021093545
,К.И.О. Кондитерское Объединение,"Печенье ""Молочная деревушка"" на сгушенном молоке","Biscuit ""Mолочная деревушка"" with condensed milk",260g,15.00,,4607021093521
,К.И.О. Кондитерское Объединение,"Печенье ""Сгущённое молоко""","Biscuit ""Cгущённое молоко"" with condensed milk",195g,15.00,,4607021098625
,К.И.О. Кондитерское Объединение,"Печенье ""Кружева Василиси""","Biscuits ""Кружева Василиси""",270g,15.00,,4607021093507
,К.И.О. Кондитерское Объединение,Печенье творожное,Biscuits cotagge cheese,260g,15.00,,4607021095150
,,ШОКОЛАД,CHOCOLATE,WEIGHT,PRICE,,BARCODE
,Daisena,Белый шоколад “Schogetten”,"White chocolate ""Schogetten""",100g,12.00,,4000415856601
,Daisena,Альпийский молочный шоколад с лесными орехами,Alpine milk chocolate with hazelnuts,100g,12.00,,4000607851001
,,КОНФЕТЫ ,SWEETS,WEIGHT,PRICE,,BARCODE
,Кондитерслая фаб. Микаелло,Груша с миндалём в бело- тёмном шоколадой глазури ,Pear with almonds in white-dark chocolate glaze,3 kg,135.00,,4607033690510
,Кондитерслая фаб. Микаелло,Чернослив в шоколадой глазури,Prune in chocolate glaze,3 kg,135.00,,4607033690091
,Кондитерслая фаб. Микаелло,Чернослив с миндалём в шоколадой глазури ,Prune with almonds in chocolate glaze,3 kg,135.00,,4607033690077
,Кондитерслая фаб. Микаелло,Чернослив с лесным орехом в шоколадой глазури ,Prune with nuts in chocolate glaze,3 kg,135.00,,
,Кондитерслая фаб. Микаелло,Финик с грецким орехом в бело-темной шоколадной глазури,Date with walnuts in white and dark chocolate glaze,3 kg,135.00,,4607033690503
,Кондитерслая фаб. Микаелло,Абрикос в шоколадной глазури,Apricot in chocolate glaze,3 kg,135.00,,4607033690046
,Кондитерслая фаб. Микаелло,Инжир с грецким орехом в бело- темной шоколадной глазури,Fig with walnuts in a white-dark chocolate glazed,3 kg,135.00,,4607033690275
,Кондитерслая фаб. Микаелло,Клюква в шоколадной глазури,Cranberry in chocolate glaze,3 kg,135.00,,
,Кондитерслая фаб. Микаелло,Дыня в шоколадной глазури,Melon in chocolate glaze,3 kg,135.00,,
,Кондитерслая фаб. Микаелло,Персик в бело- темной шоколадной глазури,Peach in white-dark chocolate glaze,3 kg,135.00,,
,Кондитерслая фаб. Славянка,"Конфеты вафельные ""Топленое молоко""","Wafery glazed sweets ""Baked Milk""",1 kg,100.00,,4605142020570
,Финтур,"Конфеты ""Царская птица""","Sweets ""Royal bird""",3 kg,100.00,,
,Доминик,"Конфеты ""А-ля суфле!""","Sweets ""A la sufle""",3 kg,100.00,,
,,"Конфеты ""Пилот""","Sweets ""Pilot""",3 kg,100.00,,
,,"Конфеты ""Подарок от белочки""","Sweets ""Present from squirrel""",3 kg,100.00,,
,,НАБОР КОНФЕТ,COLLECTION OF SWEETS,WEIGHT,PRICE,,BARCODE
,"ЗАТ ""одессаКондитер""","Эксклюзивная коллекция шоколадных конфет ""Сладкая сказка""","Exclusive collection of chocolate sweets ""Sweet Fairytale""",675g,100.00,,4823007009434
,Laima,"Конфеты ассорти в темном шоколаде ""Гордость Москвы""",,360g,60.00,,4750001817058
,Laima,"Конфеты ассорти в темном шоколаде ""Москва Златоглавая""",,360g,60.00,,4750001008043
,Доминик,"Конфеты ""Белочка с золотым орешком""",,150g,20.00,,4823055511255
,РотФронт,"Конфеты ассорти ""Подмосковные Вечера""",,200g,45.00,,4600300080762
,,"Набор конфет ""Русь- тройка""",,350g,65.00,,4600300002290
,,ЗЕФИР,ZEPHYR,WEIGHT,PRICE,,BARCODE
,Пензенская Кондитерская Фабрика,"Зефир ""Обожайка"" в шоколадной глазури",,200g,22.00,,4601021048550
,Makro Trade Baltic,Зефир с ванильным вкусом,,250g,22.00,,4751008660135
,Белевские сладости,Зефир Белёвский яблочный,,250g,25.00,,4612737280523
,Белевские сладости,Зефир Белёвский груша,,250g,25.00,,4612737280547
,,ХАЛВА,CHALVA,WEIGHT,PRICE,,BARCODE
,Дружковская халва,Халва ванильная подсолнечная,,200g,25.00,,4820046910875
,Дружковская халва,Халва с какао подсолнечная,,200g,25.00,,4820046910752
,,ПИРОГИ/ ТОРТЫ,CAKES,WEIGHT,PRICE,,BARCODE
,Родные простоыры,Пирожное Лакомый медовичок,,330g,29.00,,4260130030193
,Красный Октябрь,"Торт вафельный Алёнка с мягким сливочным вкусом, покрытый глазурью",,250g,25.00,,4607144730013
,,КОРЖИ ДЛЯ ТОРТОВ,LAYERS FOR CAKES,WEIGHT,PRICE,,BARCODE
,Merci,Коржи для торта Наполеон,,400g,27.00,,4820080570035
,Merci,Коржи для торта Медовик,,500g,27.00,,4820080570196
,Merci,"Коржи для торта ""Киевский""",,450g,37.00,,4820080570172
,,ВАФЕЛЬНЫЕ ЛИСТЫ,WAFFLE SHEETS,WEIGHT,DKK,,BARCODE
,Franzeluta,Листы вафельные ,Waffle sheets,700g,39.00,,4840008014618
,SNACKS,,,,,,
,,СЕМЕЧКИ,SEEDS,WEIGHT,PRICE,,BARCODE
,КДВ Краснодар,Бабкины семечки,"Sunflower seeds ""Бабкины""",500g,38.00,,4605362007023
,КДВ Краснодар,Бабкины семечки,"Sunflower seeds ""Бабкины""",450g,35.00,,4605362007146
,Барин,Жареные семечки подсолнечника – соленые,"Roasted, Salted sunflower seeds",280g,25.00,,4612663500153
,Барин,Жареные семечки подсолнечника,Roasted sunflower seeds,280g,25.00,,4612663500108
,"KochSnack'""s",Семечки жареные,Roasted sunflower seeds,300g,25.00,,4250459500361
,,Семечки Царские жареные ,Roasted sunflower seeds,500g,55.00,,4820147570077
,,Семечки жареные по-домашнему,Roasted sunflower seeds (homestyle),350g,25.00,,4260010128675
,,"Тыквенные семечки От Маруси жареные, солёные ","Roasted pumpkin seeds, salted",250g,30.00,,4260127124911
,Мартин,"Семечки ""От Мартина"" отборные",,100g,15.00,,4607012350992
,Мартин,"Семечки ""От Мартина"" отборные",,200g,25.00,,4607012351005
,Мартин,"Семечки ""От Мартина"" отборные с морской солью",,200g,25.00,,4607012351999
,,СУХАРИКИ,DRIED BREAD SNACKS,WEIGHT,PRICE,,BARCODE
,Кириешки,MAX – охотничьи колбаски,,40g,7.00,,4607010748616
,Кириешки,LIGHT – Сливочный сыр,,33g,7.00,,4607120852470
,Кириешки,Холодец с хреном,,40g,7.00,,4607010742027
,Кириешки,Ветчина с сыром,,40g,7.00,,4607010740078
,Кириешки,Салями,,40g,7.00,,4607010740191
,Кириешки,Бекон,,40g,7.00,,4607010740016
,Компашки,Сметана и лук,,35g,7.00,,4607120858328
,Flint,Сухарики пшенично-пжаные со вкусом сыра,Baked bread snacks with cheese,35g,6.00,,4820047462236
,Flint,Сухарики пшенично-пжаные со вкусом бекона,Baked bread snacks with bacon,35g,6.00,,4820047462212
,Flint,Сухарики пшенично-пжаные со вкусом салями,Baked bread snacks with salami,35g,6.00,,4820047462168
,GLOCERY,,,,,,
,,КОНСЕРВЫ,CONSERVES,WEIGHT,PRICE,,BARCODE
,Dorshleber,Печень трески,,,30.00,,
,Import&Export,Тушёнка куриная,,320g,30.00,,4260352190095
,Weberleng,Свиная закуска,,320g,22.00,,616204192962
,Weberleng,"Свиная тушёнка, крупнокусковая",,320g,30.00,,616204192931
,Leon GmbH,Баранина тушеная крупнокусковая,,525g,45.00,,4751010853075
,Leon GmbH,Тушеный куриный окорок,,525g,40.00,,4751010852115
,Leon GmbH,Говядина тушеная крупнокусковая,,525g,45.00,,4751010852108
,,ГОТОВЫЕ СУПЫ/ ЗАПРАВКИ ДЛЯ СУПА,ALREADY MADE SOUPS/ BASE FOR SOUPS,WEIGHT,PRICE,,BARCODE
,Тещины рецепты,Борш украинский,,460g,18.00,,4260099272528
,Тещины рецепты,Суп Харчо,,460g,18.00,,4260099272559
,Тещины рецепты,Грибной суп,,460g,22.00,,4260099272504
,Тещины рецепты,Шавельный суп,,460g,18.00,,4260099272511
,Русский Стиль,Суп Рассольник ,,460g,20.00,,5901008045442
,Русский Стиль,Суп Солянка,,460g,18.00,,5901008045664
,Dworek,Щи по-деревенски,,680g,20.00,,5904603191835
,Leon,Борщ украинский густой,,460g,18.00,,5901008044469
,Тещины рецепты,Заправка для борша с болгарским перцем,,370g,16.00,,4260099272191
,Тещины рецепты,Заправка для борша свекольно- томатная,Spices for Borsch,370g,16.00,,4260099272146
,Тещины рецепты,Заправка для рассольника,,370g,16.00,,4260099272467
,Едим дома,Заправка для красного борща,,470g,18.00,,4820015947000
,,КОНСЕРВИРОВАНЫЕ ПОМИДОРЫ,TOMATOES,WEIGHT,PRICE,,BARCODE
,Русский Стиль,Томаты с укропом без уксуса,,900ml,20.00,,5901008045114
,Русский Стиль,Томаты бочковые,,900ml,20.00,,5901008045206
,Тещины рецепты,Томаты,Pickled tomatoes,840g,22.00,,4260099274270
,Тещины рецепты,Консервированные томаты по-болгарски,Pickled tomatoes,980g,25.00,,4260099275208
,Тещины рецепты,"Консервированные томаты ""черри"" по-болгарски",,980g,25.00,,4260099275338
,Тещины рецепты,Консервированные помидоры с листом вишни по-астрахански,Pickled tomatoes with cherry leaf,850g,22.00,,4260099274195
,Тещины рецепты,Консервированные помидоры по-крымски,Pickled tomatoes with dill and garlic,880g,20.00,,4260099274294
,Тещины рецепты,Бочковые помидоры красные дачные,Pickled tomatoes,860g,22.00,,4260099274133
,Тещины рецепты,Консервированные помидоры по-херсонски,Pickled tomatoes,880g,22.00,,4260099274232
,Тещины рецепты,Консервированные помидоры с укропом и чесноком по-нежински,Pickled tomatoes with dill and garlic,880g,22.00,,4260099274010
,Тещины рецепты,Консервированные помидоры по-алтайски,Marinated tomatoes,880g,20.00,,4260099275345
,Тещины рецепты,Консервированные помидоры по-краснодарски пикантные,Pickled tomatoes spicy,880g,22.00,,4260099274249
,Тещины рецепты,Консервированные помидоры по-кубански,Pickled tomatoes,880g,22.00,,4260099274034
,Тещины рецепты,Консервированные помидоры по-кавказски гранатовые,Pickled tomatoes,880g,22.00,,4260099274218
,Тещины рецепты,Консервированные помидоры с листьями винограда по-одесски,Tomatoes in spicy pickling liquid with vine leaves,900g,22.00,,4260099274133
,Тещины рецепты,Острые помидоры по-полтавски Первак,,880g,20.00,,4260099274072
,Элит,Томаты консервированные с чесноком,,1850g,39.00,,4260010124738
,Элит,Томаты консервированные по-кавказски с бархаткой,,1850g,39.00,,4260010124721
,Элит,Томаты консервированные по-карпатски без уксуса,,1850g,39.00,,4260010124745
,Элит,Томаты консервированные укропные,,1850g,39.00,,4260010124714
,Элит,Томаты Консервированные классические,,1850g,39.00,,4260010124752
,Сядко,Помидоры пикантные,,1100g,49.00,,4260305240303
,,"Помидоры черри с перчиком, острые",,350g,20.00,,
,,ОГУРЦЫ ,CUCUMBERS,WEIGHT,PRICE,,BARCODE
,Ваш продукт,Огурцы квашенные,Pickled cucumbers,900g,20.00,,4260352190156
,Ваш продукт,Огурцы чесночные,Pickled cucumbers with garlic,900g,20.00,,4260352190149
,Тещины рецепты,Огурцы по-краснодарски с паприкой,Pickled gherkinswith paprika,860g,20.00,,4260099273211
,Тещины рецепты,Огурцы по-крымски с листом винограда,,860g,20.00,,4260099273174
,Тещины рецепты,Огурцы по-одесски с чесноком,Pickled gherkins with garlic,860g,20.00,,4260099273167
,Тещины рецепты,Огурцы по-кубански с листьями смородины,,860g,20.00,,4260099273136
,Тещины рецепты,Огурцы по-херсонски хрустяшие ,,860g,20.00,,4260099273051
,Тещины рецепты,Консервированные огурцы хрустяшие по херсонски,Pickled cucumbers with dill,890g,20.00,,4260099273051
,Тещины рецепты,"Малосольные огурцы ""Дачные""",Cucumbers Malosolnije Dachnije,840g,20.00,,4260099273099
,Тещины рецепты,Бочковые огурцы домашние ,,880g,20.00,,4260099273037
,Todorka,Огурцы домашние хрустящие,,1kg,20.00,,3800740011024
,Todorka,Огурцы с чесноком,,1kg,20.00,,3800740014285
,Todorka,Огурцы закусочные перченные ,,1kg,20.00,,3800740010997
,Todorka,Огурцы укропные ,,1kg,20.00,,3800740011017
,Ecohoff,Домашние хрустяшие огурцы,Pickled cucumbers,890g,20.00,,4260130030070
,Маринадо,Кубанские Закусончики острые от Атамана,Spicy pickled cucumbers,520g ,16.00,,4260130030421
,Dworek,Огурцы маринованные укропные с чесноком,,860g,20.00,,5904603190340
,H&B,Огурцы малосольные Кузина кадушка,,600g,35.00,,4260010126572
,,ПАТИССОНЫ,SQUASH,WEIGHT,PRICE,,BARCODE
,Тещины рецепты,Консервированные патиссоны по-херсонски ,,840g,22.00,,4260099273129
,,АССОРТИ,ASSORTED VEGETABLES,WEIGHT,PRICE,,BARCODE
,Русский Стиль,Ассорти помидоры с огурцами,,900ml,20.00,,5901008045152
,Тещины рецепты,Ассорти из томатов и огурцов по болгарски,Pickled tomatoes and cucumbers,1680g,35.00,,4260099275413
,Тещины рецепты,"Ассорти из томатов, огурцов и патиссонов",,860g,22.00,,4260099275130
,Тещины рецепты,Консервированное ассорти из помидоров и огурцов,Pickled tomatoes and cucumbers,1600g,35.00,,4260099275024
,Тещины рецепты,Консервированное ассорти из помидоров и огурцов,Pickled tomatoes and cucumbers,860g,20.00,,4260099275017
,Тещины рецепты,Ассорти Пикник,Pickled mixed vegetables with white cabbage,830g,22.00,,4260099275109
,Todorka,Консервированные помидоры и огурцы ,,1 kg,20.00,,3800740010072
,,КУКУРУЗА,CORN,WEIGHT,PRICE,,BARCODE
,Чумак,Кукуруза сахарная нежная,,425g,10.00,,4820001352887
,,КАПУСТА,CABBAGE,WEIGHT,PRICE,,BARCODE
,Санта Бремор,Морская капуста маринованная,,150g,16.00,,4810168020309
,Санта Бремор,Морская капуста по-корейски сморковью,,150g,16.00,,4810168020392
,Elanders,Морская капуста в майонезе с чесноком,,400g,25.00,,4750240233299
,Elanders,Морская капуста в рапсовом масле,,300g,25.00,,4750240233879
,Elanders,Морская капуста с морковью в рапсовом масле,,300g,25.00,,4750240233909
,Elanders,Салат с морской капустой в рапсовом масле ,,300g,25.00,,4750240233831
,Leon GmbH,Капуста по-корейски,,700g,27.00,,
,H&B,Капуста Ким-Чи острая,,400g,20.00,,4260010129306
,,КВАШЕННАЯ КАПУСТА,SAUERKRAUT,WEIGHT,PRICE,,BARCODE
,Русский Стиль,Капуста квашенная с марковью ,,900ml,20.00,,5901008045343
,Тещины рецепты,Капуста с клюквой,Sauerkraut with cranberries,840g,20.00,,4260099272627
,H&B,Капуста квашенная с марковью Кузина кадушка,,900g,30.00,,4260010126619
,,КОНСЕРВИРОВАНЫЙ АРБУЗ,WATERMELON,WEIGHT,PRICE,,BARCODE
,Вкус Лета,Арбузы консервированные,Pickled watermelon,1470g,37.00,,4260010128347
,,КОНСЕРВИРОВАНЫЕ ГРИБЫ,MUSHROOMS,WEIGHT,PRICE,,BARCODE
,Тещины рецепты,Рыжики в солено-чесночном рассоле,Whole saffron milk cap mushrooms in spicy pickling liquid,500g,29.00,,4260099272276
,Тещины рецепты,Лисички маринованные ,,280g,29.00,,4260099273372
,Тещины рецепты,Маслята в солено-чесночном рассоле,Whole slippery jack mushrooms in spicy pickling liquid,500g,29.00,,4260099272238
,Тещины рецепты,"Маслята маринованные, лесные ",,500g,29.00,,4260099273334
,Тещины рецепты,Опята в солёно- чесночном рассоле,,500g,29.00,,4260099272252
,Тещины рецепты,Грибы подосиновики,,550g,29.00,,
,Тещины рецепты,Грибное ассорти маринованное,,500g,29.00,,4260099273341
,Сосновый Бор,Белый гриб боровик,,580ml,29.00,,6907992503073
,Сосновый Бор,Белый гриб боровик в чесночно лавровом засоле,,580ml,29.00,,6907992503066
,Сосновый Бор,Опята в солёно- лавровом засоле,,530g,29.00,,6907992503035
,Сосновый Бор,Опята малосольные без уксуса,,530g,29.00,,6907992503028
,Сосновый Бор,Ассорти в чесночно- лавровом засоле,,530g,29.00,,6907992502915
,,ОВОШИ,VEGETABLES,WEIGHT,PRICE,,BARCODE
,Тещины рецепты,Жареные баклажаны с овощами по болгарски,Roasted Aubergines with vegetables,540g,28.00,,4260099272429
,Тещины рецепты,Щавель консервированный,Pickled Sorrel,350g,17.00,,4260099272221
,Тещины рецепты,Консервированная петрушка,,180g,12.00,,4260099272207
,Тещины рецепты,Перец маринованный,Marinated Pepper,850g,25.00,,4260099272795
,Тещины рецепты,Морковь по корейски,Salad Korean carrot,460g,18.00,,4260099272320
,Ecohoff,Корейская морковь,,460g,18.00,,4260130030254
,Art Leon,Корейская морковь,,500g,15.00,,
,Storko,Кабачки в аджике,,540g,35.00,,3800721005448
,Storko,Баклажаны с овошами,Eggplant with vegetables,540g,35.00,,3800721004403
,Storko,Баклажаны в томатном соусе,,540g,35.00,,3800721004212
,Тещины рецепты,Баклажаны пикантные по-кавказски,,540g,28.00,,4260099272580
,Bazar Balkan,Баклажаны с черносливом,Eggplant with prunes,530g,35.00,,3800026116634
,Leon GmbH,Баклажан с черносливом,,540g,35.00,,3800026115866
,Todorka,Баклажаны по-грузински острые ,,560g,25.00,,3800740011789
,Todorka,Баклажаны по-гречески,,560g,25.00,,3800740011796
,Todorka,Баклажан жареный с черносливом,,560g,25.00,,3800740022440
,Todorka,Баклажаны жаренные со сладким перцем Княжеское блюдо,,560g,25.00,,3800023601058
,Todorka,Баклажаны жаренные с овощами Царская закуска,,560g,25.00,,3800023601041
,Todorka,Баклажаны с овощами,,560g,25.00,,3800740012410
,Скатерть самобранка,Черемша маринованная,,330g,30.00,,
,От Маруси,Черемша маринованная с чесноком,,370g,22.00,,4260127124034
,,ОЛИВКИ,OLIVES,WEIGHT,PRICE,,BARCODE
,,"Греческие оливки зеленые в рассоле, пастеризованные ",Greek green olives in brine,400g,29.00,,5204403218016
,,"Греческие черные оливки в рассоле, стеризованные ",Greek black olives in brine,400g,20.00,,5204403618908
,,"Греческие черные оливки в рассоле, стеризованные ",Greek black olives in brine,200g,16.00,,5204403619011
,,ГОТОВЫЕ САЛАТЫ,PREPARED SALADES,WEIGHT,PRICE,,BARCODE
,Тещины рецепты,Салат Оливье минутка,Salad Olivje,680g,18.00,,4260099272337
,,ГОТОВЫЕ БЛЮДА,PREPARED DISH,WEIGHT,PRICE,,BARCODE
,Leon,Гречневая каша с грибами,Buchwheat with mushrooms,460g,18.00,,5901008044735
,,ОВОШНАЯ ИКРА,VEGETABLE CAVIAR,WEIGHT,PRICE,,BARCODE
,Storko,Икра из красного болгарского перца,,360g,17.00,,3800721000429
,Storko,Икра баклажанная,,350g,17.00,,3800721004540
,Тещины рецепты,Икра кабачковая домашняя,,460g,18.00,,4260099272443
,Господарочка,Икра из кабачков Летняя,,475g,22.00,,4820024791465
,Господарочка,Икра баклажанная,,445g,22.00,,4820024797535
,Todorka,Баклажанная икра,,560g,20.00,,3800740011772
,Todorka,Кабачковая икра,,560g,20.00,,3800740011765
,,КРУПА ГРЕЧНЕВАЯ,BUCKWHEAT,WEIGHT,PRICE,,BARCODE
,Aldim Gmbh,Крупа гречневая ядрица (buckwheat unground),"Buckwheat unground ""Ядрица""",1 kg,33.00,,4260099271019
,Aldim Gmbh,"Крупа гречневая особенная (buckwheat, special)","Buckwheat unground ""Oсобенная"" (""Special"")",1 kg,33.00,,
,Воложка,"Гречка в пакетиках ""Варим парим на радость""",Buchwheat in packs,400g,19.00,,4607070080572
,Царь ,Крупа гречневая,Buchwheat ,500g,25.00,,4603134002498
,,КРУПА/ ПШЕНО,GROATS/ MILLET,WEIGHT,PRICE,,BARCODE
,Царь,Крупа Ячневая,Barley Groats,800g,25.00,,4603134003174
,Царь,Пшено Шлифованное,Polished Millet,800g,20.00,,4603134002801
,Еврозлат,Пшено Шлифованное,Polished Millet,750g,17.00,,4607114150179
,,ОТРУБИ,BRAN,WEIGHT,PRICE,,BARCODE
,ОГО,Отруби бородинские,Brain,200g,18.00,,4630012080491
,,ЕДА БЫСТРОГО ПРИГОТОВЛЕНИЯ,FAST FOOD,WEIGHT,PRICE,,BARCODE
,БиоФуд,Картофельное пюре с соусом с говядиной Биг Ланч,"Mashed potatoes ""Big lunch"" with beef sauce",50g,12.00,,4607160451008
,БиоФуд,Картофельное пюре с соусом с курицей Биг Ланч,"Mashed potatoes ""Big lunch"" with chicken sauce",50g,12.00,,4607160450995
,БиоФуд,Картофельное пюре с соусом с луком и гренками Биг Ланч,"Mashed potatoes ""Big lunch"" with onion  sauce and toasts",50g,12.00,,4607160451015
,БиоФуд,"Лапша со  свининой, чесноком и перцем","Noodles with pork, garlic and pepper",90g,15.00,,4607160450032
,БиоФуд,"Лапша с ароматной говядиной, грибами и зеленью","Noodles with fragrant beef, mushrooms and herbs",90g,15.00,,4607160450025
,Ролтон,Вермишель с курицей,Noodles with chicken,60g,5.00,,4605496007494
,Ролтон,Вермишель с говядиной,Noodles with beef,60g,5.00,,4605496007517
,,ПОДСОЛНЕЧНОЕ МАСЛО,SUNFLOWER OIL,WEIGHT,PRICE,,BARCODE
,Дары Кубани,Масло подсолнечное нерафинированное,Unrefined sunflower oil,0.65l,22.00,,4607014782036
,Премиум продукт,Подсолнечное масло Золота рафинированное ,,920g,20.00,,4820078570702
,Гранд- Стар,"Подсолнечное масло Кубаночка, ароматное нерафинированое вымороженное",,1 l,27.00,,4607029050373
,Укролия,Подсолнечное масло Диканька нерафинированное,,1 l,30.00,,4820077081940
,,СОУСЫ,SAUCES,WEIGHT,PRICE,,BARCODE
,Тещины рецепты,Соус Краснодарский домашний,"Tomato sauce ""A la cuisine Krasnodarskij""",300g,16.00,,4260099272085
,Тещины рецепты,Соус Кухарский,"Sauce ""Kukharskij""",300g,16.00,,4260099272078
,Русский Стиль,Соус Грузинский,"Tomato sauce ""Georgian""",300g,16.00,,5901008045220
,H&B,Хреновина соус острый с хреном,Hot sauce with horseradish,300g,16.00,,4260010122262
,Kedainiu konservai,Хреновина томатный соус острый с хреном,Hot tomatoe sauce with horseradish,300g,15.00,,4770583213840
,Чумак,Соус Херсонський,"Sauce ""Hersonskij""",500g,20.00,,4820001356298
,Чумак,Соус Кухарський,"Sauce ""Kukharskij""",500g,15.00,,4820001354409
,Чумак,Соус Козацький з хроном,"Sauce ""Kazackij"" with horseradish",200g,10.00,,4820156765709
,Чумак,Соус Грузинський до мяса,Geirgian sauce for meat,220g,16.00,,4820001355383
,Чумак,Соус Французький з гирчицею,French sauce with horseradish,200g,10.00,,4820001354140
,Едим дома,Соус Сацебели,"Sauce ""Sacebeli""",485g,20.00,,4820015946980
,,МАЙОНЕЗ,MAYONNAISE,WEIGHT,PRICE,,BARCODE
,Ильинский,Майонез классический,Classic mayonnaise,800ml,20.00,,4683875202487
,Ильинский,Майонез оливковый,Olive mayonnaise,400ml,19.00,,4683875202432
,Махеевь,Майонез провансаль,"Mayonnaise ""Provencal""",770g,37.00,,4604248002664
,Махеевь,Майонез провансаль,"Mayonnaise ""Provencal""",380g,20.00,,4604248000196
,Махеевь,Майонез с перепелиным яйцом,Mayonnaise with quail eggs,380g,23.00,,4604248003081
,Махеевь,Майонез оливковый,Olive mayonnaise,400ml,20.00,,4604248000844
,Махеевь,Майонез сметанный,Sour cream mayonnaise,770g,37.00,,4604248014124
,,КЕТЧУП/ ТОМАТНАЯ ПАСТА,KETCHUP/ TOMATOE PUREE,WEIGHT,PRICE,,BARCODE
,Чумак,Кетчуп томатный,Tomato ketchup,300g,10.00,,4820001352979
,Чумак,Кетчуп томатный,Tomato ketchup,450g,15.00,,4820001357936
,Чумак,Кетчуп чили,"Ketchup, hot",300g,10.00,,4820001355840
,Чумак,Паста томатна 25%,Tomatoe puree 25% ,70g,6.00,,4820001352801
,,АДЖИКА,ADJIKA,WEIGHT,PRICE,,BARCODE
,Тещины рецепты,Аджика пикантная,"Adjika, hot",300g,16.00,,4260099272016
,Тещины рецепты,Аджика острая с чесноком,"Adjika with garlic, hot",300g,16.00,,4260099272030
,H&B,Аджика домашняя,Home adjika,550g,39.00,,4260010127982
,Deroni,Аджика домашняя,Home adjika,350g,16.00,,3800740011116
,,ХРЕН,HORSERADISH,WEIGHT,PRICE,,BARCODE
,Махеевь,Хрен столовый,Table horseradish,190g,12.00,,4604248012601
,Тещины рецепты,Хрен с красной свеклой,Horseradish with beetroot,180g,12.00,,4260099272047
,H&B,Хрен со свеклой,Horseradish with beetroot,180g,12.00,,5906245444546
,H&B,Хрен крепкий,"Horseradish, hot",180g,12.00,,5906245444539
,,ЛЕЧО,LECHO,WEIGHT,PRICE,,BARCODE
,Сядко,Лечо по болгарски,Bulgarian lecho,680g,18.00,,4260305240198
,,ПРИПРАВА,SPICES,WEIGHT,PRICE,,BARCODE
,Avokado,Приправа Азербайджанская,Spices / Azerbaijan style,210g,22.00,,8595012061184
,Avokado,Приправа для шашлыка,Spices for shashlik,179g,22.00,,8595012061160
,Avokado,Приправа Грузинская,,170g,22.00,,8595012061191
,Avokado,Приправа Армянская,,170g,22.00,,8595012061177
,Avokado,Приправа для рыбы,,200g,22.00,,8595012061061
,Avokado,Приправа аппетитная,,220g,22.00,,8595012061122
,Alex produkte,Лавровый лист,,50g,15.00,,40100630
,Alex produkte,Кинза сушёная,,30g,12.00,,40120171
,Alex produkte,Кинза кориандер целый,,100g,12.00,,40120140
,Alex produkte,Имбирь,,75g,15.00,,40500850
,Alex produkte,Чиа семена,,200g,39.00,,40500935
,Alex produkte,"Перец душистый, горошек",,50g,15.00,,40000251
,Alex produkte,Чеснок гранулированый,,50g,12.00,,40100579
,Alex produkte,Чабрец садовый,,50g,15.00,,40100692
,Alex produkte,Черемша Джусай,,30g,20.00,,41100691
,Alex produkte,Корица молотая,,100g,20.00,,40101200
,Alex produkte,Хмели сунели,,75g,12.00,,40880624
,Alex produkte,Тмин чёрный цельный,,75g,15.00,,40193403
,Alex produkte,Мята перечная ,,50g,15.00,,40500058
,Alex produkte,Вегета универсальная приправа,,250g,20.00,,40103327
,Alex produkte,Приправа для малосольных огурчиков,,50g,15.00,,40500317
,Alex produkte,Приправа для жарки рыбы,,100g,15.00,,40990644
,Alex produkte,Крапива двудомная,,50g,15.00,,40500478
,Aroma bona,Семечки подсолнуха (очищеные),,500g,20.00,,4779022488856
,Aroma bona,Приправа для пельменей,,25g,5.00,,4779022481130
,Aroma bona,Приправа для борща,,25g,5.00,,4779022482960
,Aroma bona,Приправа для плова,,25g,5.00,,4779022481093
,Aroma bona,Приправа для моркови по-корейски,,25g,5.00,,4779022480959
,Беларуськалий,Соль каменная поваренная пищевая,,1kg,9.00,,4811005000201
,Мозырьсоль,Соль поваренная пищевая,,1kg,9.00,,4810023000149
,Мозырьсоль,Соль йодированная поваренная пищевая,,1kg,9.00,,4810023000156
,,ЧАЙ/ КОФЕ,TEA/ COFFEE,WEIGHT,PRICE,,BARCODE
,Майский,"Чай ""Отборный Цейлон""",,100g,29.00,,4607051151321
,Майский,"Чай ""Отборный Цейлон"" (25 пакетиков)",,50g,18.00,,4607051151345
,Принцесса Нури,"Чай ""Высокогорый"" листовый",,250g,28.00,,4605246002441
,Принцесса Нури,Чай Высокогорный (в пакетиках),,200g,45.00,,4605246002014
,Принцесса Нури,Чай отборный,,200g,45.00,,4605246003271
,Принцесса Ява,"Чай ""Жасмин"".Китайский зелёный чай с ароматом жасмина",,100g,20.00,,4605246001888
,Seve,Растворимый цикорий с черникой (порошок),,100g,30.00,,4740506100380
,,СГУШЁННОЕ МОЛОКО,CONDENCED MILK,WEIGHT,PRICE,,BARCODE
,Ваш продукт,Молоко сгушённое варёное,,397g,22.00,,4260352190507
,,Молоко сгушённое,,397g,17.00,,4260244871224
,,Молоко сгущенное цельное Ромашка,,397g,17.00,,5906245444676
,Leon GmbH,Молоко сгущенное Леонка цельное с сахаром,,397g,17.00,,4260127122283
,Ностальгия,Карамелизированный сгущенный молочный продукт с сахаром,,397g,17.00,,4771173209458
,,Сгущенка,,250g,15,,4740502002176
,,Сгущенное молоко с сахаром и какао,,250g,17,,4740502020392
,,Сгущенное молоко с сахаром,,250g,15,,4740502002084
,,ВАРЕНЬЕ/ ДЖЕМ,JAM,Kg,DKK,,ESN code
,Тещины рецепты,Варенье из клубники домашнее,,340g,20.00,,4260099275567
,Ратибор,Варенье клюква,,400g,29.00,,4601842001994
,От Маруси,Варенье из зеленых грецких орехов,,680g,39.00,,4840022002288
,ALCOHOL DRINKS,,,,,,
,,ПИВО,BEER (pant price is NOT included),l,DKK,PANT,ESN code
,Baltika Breweries,"Пиво BALTIKA EXPORT NO 7 5,4% alk","Beer BALTIKA EXPORT NO 7 5,4% alc",1l,17.00,3.00,4600682001522
,,ВОДКА,VODKA,l,DKK,,ESN code
,Белалко,Водка Дикая Утка Особая (Wild Duck Vodka – special),"Vodka ""Дикая Утка Особая"" (""Wild Duck Special"")","0,7l",150.00,,4810030009500
,Белалко,Водка Дикая Утка (Wild Duck Vodka),"Vodka ""Дикая Утка"" (""Wild Duck"")","0,7l",140.00,,4810030009494
,,Водка Русский Стандарт Platinum (Russian Standard Vodka – Platinum),"Vodka ""Русский Стандарт Platinum"" (""Russian Standart Platinum"")","0,7l",150.00,,4603400000180
,,Водка Русский Стандарт Gold (Russian Standard Vodka – Gold),"Vodka ""Русский Стандарт Gold"" (""Russian Standart Gold"")","0,7l",135.00,,4603400001026
,,Водка Русский Стандарт,"Vodka ""Русский Стандарт""",0.7l,125.00,,4603400000043
,Topaz Distillery,Водка Зелёная Марка (Green Mark Vodka),"Vodka ""Зелёная Марка"" (""Green Mark Vodka"")","1,0l",150.00,,4600893900812
,,БРЕНДИ,BRANDY,l,DKK,,ESN code
,Yerevan Brandy Company,Бренди ARARAT 3-ёхлетний,Ararat – 3 years,"0,5l",140.00,,4850001001904
,Yerevan Brandy Company,Бренди ARARAT 5-илетний,Ararat – 5 years,"0,5l",150.00,,4850001001935
,Yerevan Brandy Company,Бренди ARARAT 6-илетний,Ararat – 6 years,"0,5l",160.00,,4850001001966
,Yerevan Brandy Company,Бренди ARARAT 10-илетний,Ararat – 10 years,"0,5l",200.00,,4850001002024
,Yerevan Brandy Company,Бренди ARARAT 10-илетний Reserve,Ararat – 10 years Reserve,0.5l,799.00,,
,Yerevan Brandy Company,Бренди ARARAT 20-илетний,Ararat – 20 years,0.5l,499.00,,
,,ВИНО (КРАСНОЕ),WINE (RED),l,DKK,,ESN code
,Armenia,"Красное вино, сухое, 2011, 12.5% алк (Армения)","Red wine, dry,  2011, 12.5% alc (Armenia)",0.75,85.00,,4850008150094
,Marani,"Красное вино Kindzmarauli, 2014, 11.5% алк (Грузия)","Red wine Kindzmarauli, 2014, 11.5% alc (Georgia)",0.75,89.00,,4867616020091
,Marani,"Красное вино Saperavi, сухое, 13.5% алк (Грузия)","Red wine Saperavi, dry, 13.5% alc (Georgia)",0.75,72.00,,4867616020053
,Marani,"Красное вино Telavuri, сухое, 12.5% алк (Грузия)","Red wine Telavuri, dry, 12.5% alc (Georgia)",0.75,59.00,,4867616060400
,Marani,"Красное вино Satrapezo saperavi, сухое, 2013, 14.5% алк (Грузия)","Red wine Satrapezo Saperavi, dry, 2013, 14.5% alc (Georgia)",0.75,189.00,,4867616080347
,Marani,"Красное вино Saperavi, сухое, 14.5% алк (Грузия)","Red wine Saperavi, dry, 14.5% alc (Georgia)",0.75,89.00,,4867616020657
,Marani,"Красное вино Khvanchkara, полу- сладкое, 2014, 11.5% алк (Грузия)","Red wine Khvanchkara, medium sweet, 2014, 11.5% alc (Georgia)",0.75,89.00,,4867616020244
,,ВИНО (РОЗОВОЕ),WINE (ROSE),l,DKK,,ESN code
,Marani,"Розовое вино Saperavi Rose, сухое, 12.5% алк (Грузия)","Rose wine Saperavi Rose, dry, 12.5% alc (Georgia)",0.75,75.00,,4867616020343
,,ВИНО (БЕЛОЕ),WINE (WHITE),l,DKK,,ESN code
,Armenia,"Белое вино, сухое, 2012, 14% алк (Армения)","White wine, dry, 2012, 14% alc (Armenia)",0.75,85.00,,4850008150100
,Marani,"Белое вино Kondoli Mtsvane- kisi, 2013, 13.5% алк (Грузия)","White wine Kondolo Mtsvane- kisi, 2013, 13.5% alc (Georgia)",0.75,95.00,,4867616100045
,Marani,"Белое вино Mtsvane, сухое, 12.5% алк (Грузия)","White wine Mtsvane, dry, 12.5% alc (Georgia)",0.75,65.00,,4867616020220
,Marani,"Белое вино Telavuri, сухое, 12.5% алк (Грузия)","White wine Telavuri, dry, 12.5% alc (Georgia)",0.75,57.00,,4867616060370
,NON ALCOHOL DRINKS,,,,,,
,,НАПИТКИ,,l,DKK,PANT,ESN code
,Садочок,Яблоко клюква черхоплодная рябина,Apple-Cranberry-Chokeberry juice drink,"0,95l",15.00,1.00,4823063110051
,Напитки из Черноголовки,Напиток безалкогольный – Тархун,,"1,0l",17.00,3.00,4602441000081
,Напитки из Черноголовки,Напиток безалкогольный – Байкал,,"1,0l",17.00,3.00,4602441000067
,Напитки из Черноголовки,Напиток безалкогольный – Дюшец,,"1,0l",17.00,3.00,4602441000609
,Напитки из Черноголовки,Напиток безалкогольный – Крюшон,,"1,0l",17.00,3.00,4602441011339
,,СОК,JUICE,L,DKK,,ESN code
,,Сок гранатовый (азербайджанский гранат),,1 l,35.00,,4620755450040
,,КВАС,KVASS (pant price is NOT included),l,DKK,PANT,ESN code
,Ochakovo,"Квас ""Очаковский"" ",Kvass Ochakovskiy,2 l,27.00,3.00,4600068009043
,Ochakovo,"Квас ""Очаковский"" ",Kvass Ochakovskiy,1 L,,3.00,4600068009005
,BORODINSKIJ,Kvasa dzēriens,Kvas drink,3L,32.00,3.00,4750099523404
,GUTTA,Rigas kvass,Rigas kvas,"0,5L",11.50,1.50,4750009942424
,GUTTA,Rigas kvas dzeriens,,1.5l,17.00,3.00,4750009913455
,CIDO grupa,"Kvass ""Livu"" (nefiltrets)",Livu kvas,1.5L,17.00,3.00,4750132002101
,CIDO grupa,Senču kvasam,,"1,5L",17.00,3.00,4750042201441
,IĻĢUCIEMS,Dzēriens Veselība,Health drink,"1,5L",17.00,3.00,
,IĻĢUCIEMS,Kvass,Kvas,500ml,11.50,1.50,4750239577717
,IĻĢUCIEMS,Kvass Iļģuciems,Kvas,"1,5L",17.00,3.00,4750239577724
,ULMAŅLAIKU,Kvass,Kvas,"1,5L",15.00,3.00,4750142105137
,ULMAŅLAIKU KVASS,Kvass,Kvas,568ml,11.50,1.50,4750142105281
,Švyturys,Salyklo gira skardinėje ,Kvass in tin “Salyklo” ,0.5,11.00,1.00,4770349225780
,Gubernija,Duonos gira skardinėje ,Bread Kvass in tin ,0.5,12.00,1.00,4770395222061
,Gubernija,Duonos gira stikliniuose Buteliuose ,Bread Kvass in glass,0.33,11.00,1.00,4770395222047
,Gubernija,GIRA RUGILĖ plast.but ,Kvass RUGILĖ in plastic bottle ,1.5,17.00,3.00,4770395226694
,Gubernija,GIRA RUGILĖ plast.but ,Kvass RUGILĖ in plastic bottle,0.75,"12,50",1.50,4770395226700
,Volfas Engelman,Smetoniška Gira ,Kvass SMETONIŠKA,"1,5",17.00,3.00,4770301221621
,FROZEN PRODUCTS,,,,,,
,,ПЕЛЬМЕНИ,,Kg,DKK,,ESN code
,Best Time,Пельмени Сибирские,,1000g,57.00,,4250239103645
,Best Time,Пельмени Домашние,,1000g,57.00,,4250239103638
,UVIC,Иван – Пельмени казанские без свинины,,500g,30.00,,4740223001595
,UVIC,Иван – Пельмени рязанские,,500g,30.00,,4740223001540
,UVIC,Иван – Пельмени полтавские с чесноком,,500g,30.00,,4740223001502
,UVIC,Иван- Пельмени рязанские,,2000 g (2kg),90.00,,4740223001441
,JUDEX,"Пельмени ""Сказка""",,800g,45.00,,4770274485235
,Judex,"""Dzūkų"" koldūnai su mėsa (KLASICHESKIE)",,400g,27.00,,
,Judex,Koldūnai su vištienos blaudelių mėsa,,500g,30.00,25.00,4770274485105
,Judex,Koldūnai su jautienos įdaru,,1 kg,57.00,,4770274194229
,Judex,"""Pikantiški"" koldūnai",,500g,35.00,,
,Judex,“Kaimiški” koldūnai su mėsos įdaru,,1 kg,45.00,35.00,4770274193604
,Judex,"""Kauno"" koldūnai",,500g,30.00,,
,Judex,"""Bajorų"" koldūnai",,400g,30.00,,
,Judex,"""Studentiški"" koldūnai",,1 kg,45.00,40.00,4770274191334
,Judex,"""Močiutės"" koldūnai",,300g,22.00,,
,Judex,“Sibirietiški” koldūnai,,500g,30.00,25.00,4770274483477
,Judex,“Sibirietiški” koldūnai,,2 kg ,110.00,90.00,4770274483484
,Judex,“Tradiciniai” koldūnai su mėsos įdaru (su vištiena),,500g,30.00,,4770274483415
,Judex,“Ukrainietiški” koldūnai su mėsos įdaru (su jautiena ir kiauliena),,500g,30.00,,4770274483392
,Judex,“Kaimiški” koldūnai su mėsos įdaru (su vištiena),,500g,30.00,20.00,4770274482531
,Judex,“Vanka” koldūnai sibirietiški,,2 kg ,110.00,90.00,4770274482647
,Judex,Koldūnai su kiauliena ,,1.75 kg,100.00,90.00,4770274484283
,Judex,"Koldūnai ""Mamos"" su mėsos įdaru",,"1,75 kg",90.00,,4770274483972
,Judex,"Koldūnai ""Liux"" su kiaulienos įdaru",,"1,75 kg",90.00,,4770274484283
,Judex,“Uralskie” koldūnai,,500g,30.00,,
,Judex,“Sibirskie” koldūnai,,400g,27.00,28.00,4770274482999
,Judex,“Russkie” koldūnai,,400g,27.00,28.00,4770274482975
,Judex,“Jubiliejiniai” koldūnai su kiauliena,,"0,5",35.00,,4770274485099
,Judex,“Elitnyje” koldūnai su jautiena ir vištiena,,1 kg,100.00,,4770274484382
,Judex,“Grafskije” koldūnai su vištiena,,1 kg,100.00,,4770274484320
,Judex,“Zastolnyje” koldūnai,,1 kg,100.00,,4770274485129
,Judex,"""Tėviškės"" koldūnai",,500g,20.00,,4770274192188
,Judex,“Skazka” koldūnai,,800g,45.00,,4770274485235
,Viči,"TRADITIONAL. Koldūnai su jautiena, termiškai apdoroti, šaldyti",,400g,35.00,,4770190077835
,Viči,"STYLE MODERN. Koldunai su vištiena, sūriu ir baravykais, termiškai apdoroti, šaldyti",,400g,30.00,,4770190077873
,Viči,"STYLE MODERN. Koldūnai su lašiša, šaldyti",,400g,30.00,,4770190077859
,Viči,"STYLE ASIAN. Koldūnai su aštriomis daržovėmis, termiškai apdoroti, šaldyti",,400g,30.00,,4770190078719
,Viči,"STYLE ASIAN. Koldūnai su daržovėmis, termiškai apdoroti, šaldyti",,400g,35.00,,4770190078702
,Viči,STYLE ASIAN. Koldūnai su daržovėmis ir kiauliena,,400g,30.00,,4770190078726
,Viči,Koldūnai su kauliena,,400g,30.00,,
,Viči,Koldūnai su kiauliena ir darzovėm,,400g,35.00,,
,Viči,Koldūnai su varške,,300g,25.00,,
,Viči,"Koldūnai su vištiena ir juodaisiais grybais ""Fungus""",Dumplings with chicken and black fungus,400g,40.00,,4770190092951
,Viči,Koldūnai su lašiša ir sūriu,Dumplings with salmon and cheese,400g,40.00,,?
,Liūtukas ir Ko,Koldūnai su avienos įdaru,,700g,30.00,,4770090195530
,Liūtukas ir Ko,Koldūnai su mėsos įdaru (naminiai),,500g,18.00,,4770090192010
,Liūtukas ir Ko,Koldūnai ypatingieji su mėsos įdaru,,700g,25.00,,4770090192881
,Liūtukas ir Ko,Koldūnai Karališkieji su mėsos įdaru,,800g,35.00,,4770090192775
,Liūtukas ir Ko,"Koldūnai ""Sim Sim"" su kalakutiena",,400g,19.00,,4770090196629
,Liūtukas ir Ko,"""Bogatyrskije"" koldūnai",,800g,32.00,,4770090193437
,Liūtukas ir Ko,"Koldūnai ""Gimtinės"" su mėsos įdaru","Frozen dumplings ""Homeland"" with meat stuffing",1 kg,30.00,,4770090193550
,Liūtukas ir Ko,Koldūnai XL su mėsos įdaru,Frozen dumplings XL with meat stuffing ,"1,5 kg",40.00,,4770090194076
,Liūtukas ir Ko,Ekologiški koldūnai su jautienos įdaru,Ecological dumplings with beef filling,400g,35.00,,4770090194670
,Liūtukas ir Ko,Ekologiški koldūnai su bulvių įdaru,Ecological dumplings with potato filling,400g,25.00,,4770090194694
,Liūtukas ir Ko,Ekologiški koldūnai su varškės įdaru,Ecological dumplings with curd filling,400g,35.00,,4770090194687
,Uvic,“Ivan” koldūnai su mėsos ir česnakų įdaru,,500g,30.00,,4740223001502
,ARIOLS,Pelmeņi ar vistas gaļu “Oto”,Dumplings with chicken “Oto”,400g,?,,4750499004831
,ARIOLS,Pelmeņi Bambino,Dumplings “Bambino”,1 kg,?,,4750499002455
,ARIOLS,"Pelmeni ""Mazuliski""",Dumplings “Mazuliški”,400g,?,,4750499002240
,ARIOLS,Pelmeni EKSPRESSO,Dumplings EKSPRESSO,2kg,?,,4750499001342
,DAERS,Pelmeni SUPER,Dumplings SUPER,2 kg,?,,4751000805510
,DAERS,Pelmeni SIBIRIEŠU GAUME,Dumplings SIBIRIEŠU GAUME,"2,5 kg",?,,4751000800171
,,ВАРЕНИКИ,,Kg,DKK,,ESN code
,UVIC,Иван – Вареники казанские с творогом,,500g,25.00,,4740223001571
,UVIC,Иван – Вареники рязанские с картошкой и грибами,,500g,25.00,,4740223001786
,UVIC,Иван – Вареники кубанские с вишней,,500g,25.00,,4740223001717
,JUDEX,Вареники с творогом и изюмом,,500g,?,,4770274484610
,,Вареники Елисей с картофелем и грибами,,500g,30.00,,4750499003650
,,КРАБОВЫЕ ПАЛОЧКИ,,Kg,DKK,,ESN code
,Эконом маркет,Крабовые палочки ,,100g,?,,4810168002749
,Санта Бремор,Крабовые палочки (замороженные),,200g,?,,4810168001933
,Viči,Classic. Krabų skonio lazdelės,"Classic. Crab taste sticks (from surimi, fast frozen)",100g,9.00,,4770190036085
,Viči,Classic. Krabų skonio lazdelės,"Classic. Crab taste sticks (from surimi, fast frozen)",240g,20.00,,4770190036108
,Viči,Krabų lazdelės,,300g,29.00,,4770190037082
,Viči,Krabų lazdelės,,150g,18.00,,4770190036115
,,ГРИБЫ,,,,,
,Вологодская ягода,Смесь лесных грибов Грибноe лукошко,,300g,40,,4607072907310
,Вологодская ягода,"Смесь лесных грибов, резаные ",,300g,40,,4607072901516
,Вологодская ягода,Грибы белые ,,300g,69,,4607072901202
,,ЯГОДЫ,,,,,
,Вологодская ягода,Брусника ,,300g,32,,4607072901158
,Вологодская ягода,Клюква садовая,,300g,27,,4607072903275
,Вологодская ягода,Облепиха,,300g,40,,4607072900151
,,ТОРТЫ/ ПИРОЖНОЕ,,,,,
,Roshen,Торт Золотые ворота,,500g,90,,4823077612350
,Roshen,Торт Капучино,,500g,90,,4823005308430
,Roshen,Торт Киевский,,500g,90,,4823005302797
,Roshen,Торт Киевский,,1 kg,170,,
,Roshen,Торт Cremolino,,1 kg,140,,4823077611889
,Roshen,Торт Chocolissimo,,1 kg,140,,4823077611872
,ЛюксТорт,Торт Аркадия,,1 kg,140,,4823007009854
,Mirel,Торт Крем- брюле,,750g,85,,4607029340986
,Mirel,Торт Снежность,,800g,140,,4607029348197
,Mirel,Торт Прага,,600g,105,,4660011130019
,Mirel,Торт Долче Вишня,,850g,115,,4607029343307
,Mirel,Торт 3 Schokoladen,,900g,150,,
,Mirel,Пирожное Муравейник,,420g,50,,4607029348166
,VH,Торт Киевский,,800g,140,,
,VH,Торт Коровка,,600g,55,,
,VH,Торт Наполеон,,500g,45,,
,VH,Торт Волшебный ключик,,550g,75,,
,VH,Торт Пломбирный ?,,950g,110,,
,VH,Торт Труфалдино,,600g,75,,
,VH,Торт Грильяжный,,800g,120,,
,VH,Торт Зорепад,,,110,,
,VH,Торт Медовый,,700g,60,,
,VH,Торт Медовый Premium,,600g,55,,
,Усладов,Тирамису,,750g,100,,4660011131054
,Усладов,Бисквитный торт Латте,,450g,50,,4820060763877
,Усладов,Торт Медовый,,600g,55,,4820060764621
,,Торт Перекладец с черносливом и орехами,,1.1 kg,110,,
,MILK PRODUCTS,,,,,,
,,ТВОРОГ,,Kg,DKK,,ESN code
,Н&В,Бабушкин творог полужирный – 15%,,470g,27.00,,2702584004709
,Н&В,Бабушкин творог жирный – 30%,,470g,28.00,,2702586004707
,Ole,Творог деревенский- 30%,,470g,29.00,,5903565000827
,Ole,Творог деревенский- 15%,,470g,27.00,,5903565000834
,Pieno žvaigždės,"Varškė DVARO, 9%",,250g,16.00,,4770265046681
,Pieno žvaigždės,Varškė DVARO liesa 0.5%,,250g,16.00,,4770265046698
,Pieno žvaigždės,Varškė DVARO 15%,,250g,20.00,,4770265046674
,Pieno žvaigždės,Varškė SVALIA liesa,,250g,16.00,,4770265046667
,Pieno žvaigždės,Varškė SVALIA 15%,,250g,20.00,,4770265046643
,Pieno žvaigždės,Varškė SVALIA 9%,,250g,16.00,,
,JAUNPILS PIENOTAVA,Biezpiens,Curd 9%,275g,16.00,14.00,4751004060021
,JAUNPILS PIENOTAVA,Biezpiens,Curd 5%,275g,16.00,14.00,4751004060625
,JAUNPILS PIENOTAVA,Biezpiens,"Curd 0,5%",275g,16.00,14.00,4751004060038
,JAUNPILS PIENOTAVA,Biezpiens,"Curd 0,5%",600g,30.00,,4751004060601
,JAUNPILS PIENOTAVA,Biezpiens,Curd 5%,600g,30.00,,47510040606332
,JAUNPILS PIENOTAVA,Biezpiens,Curd 9%,600g,30.00,,4751004060595
,,КЕФИР,,Kg,DKK,,ESN code
,Лучший выбор,"Кефир настоящий, 2%",,1 L,20.00,,4260010128729
,Лучший выбор,"Кефир настоящий, 3.5%",,330g,12,,4260010128163
,Лучшее из деревни,Кефир Кавказский домашний ,,600g,20,,4260010129368
,Pieno žvaigždės,"Kefyras 2,5% „Žemaitijos“",,500g,10.00,,4770299042017
,Pieno žvaigždės,"Kefyras 2,5% „Žemaitijos“",,1 L,16.00,,4770299042086
,Pieno žvaigždės,"Kefyras “Dvaro”, 3,2%",,1L,15.00,,4770265042911
,Pieno žvaigždės,"Kefyras “Dvaro”, 3,2%",,500ml,10.00,,4770265047206
,Baltais,Kefirs 2%,Kefir 2%,1 kg,12,,4750072020227
,,,,,,,
,Лучший выбор,"Ряженка, 3.5%",,330g,12,,4260010128170
,Pieno žvaigždės,Riaženka rauginto pieno gėrimas,,500g,12.00,,4770265042775
,Annele,"Rjaženka ar bifido bakterijam 3,2%",Rjaženka with bifido bacteria 3.2%,500g,12,,4770265043987
,,,,,,,
,Молочная страна,"Сметана деревенская, 18%",,200g,9,,5906245444591
,,МОЛОЧНЫЕ НАПИТКИ,,,,,
,Сваля,Банановый молочный напиток Мяу,,250 ml,8,,4770237041386
,Сваля,Банановый молочный напиток Мяу,,450 ml,12,,4770237041010
,Сваля,Клубничный молочный напиток Мяу,,450 ml,12,,4770237041034
,Сваля,Шоколадный молочный напиток Мяу,,250 ml,8,,4770237041393
,Сваля,Шоколадный молочный напиток Мяу,,450ml,12,,4770237041126
,MEAT PRODUCTS,,,,,,
,,КОЛБАСА,,Kg,DKK,,ESN code
,,"Колбаса ""Серый Олень""",,,200.00,,
,,"Колбаса ""Юбилейная""",,,250.00,,
,KELLER,"Колбаса ""Одесская""",,~500g,90.00,,
,Delikates,Для гурманов,,~300g,150.00,,2405856902
,Дымовские колбасы ,Колбаса вареная любительская,,380g,25.00,,4260130031213
,Дымовские колбасы ,Колбаса варенная Докторская,,380g,25,,4260130031398
,Дымовские колбасы ,Колбаса варенная Молочная,,380g,25,,4260130031404
,,СОСИСКИ,,,,,
,Советский стандарт,Сосиски сливочные ,,300g,20,,4770058000319
,,,,,,,
,Советский стандарт,Ушки своные копченные,,~ 1kg,85,,2610010008
,Советский стандарт,Щечки свиные конченные,,~ 1kg,75,,2610016009
,Дымовские колбасы ,Грудинка столичная,,~400g,100,,2619050002
,Дымовские колбасы ,Казы на ребре казахские,,~500g,130,,2619002004
,,САЛО,FAT,Kg,DKK,,ESN code
,Дымовские колбасы ,Сало Сибирское бочковое,,~300g,100.00,,2610122002
,Дымовские колбасы ,Сало с чесноком От Ивана,,~400g,90.00,,2610126003
,FISH PRODUCTS,,,,,,
,,РЫБНЫЕ КОНСЕРВЫ,,Kg,DKK,,ESN code
,Lemberg Fisch,"Лосось, горбушка",,70g,25.00,,2800077000709
,Либава,Карп в желейной заливке,,180g,23.00,,4750571003301
,Saldus galaskombinats,Сельдь натуральная с добавлениями масла,,240g,?,,4750398900159
,Saldus galaskombinats,Килька обжаренная в масле,,240g,?,,4750398642240
,Bribais Vilnis,Крупные шпроты в масле,,240g,21.00,,4750616001668
,Bribais Vilnis,Сардина натуральная с добавлениями масла,,240g,?,,4750616000432
,Bribais Vilnis,Сардина в томатном соусе,,240g,?,,4750616000401
,Либава,Шпроты в масле,,240g,?,,4750571000348
,Либава,Большые шпроты в масле,,240g,?,,4750571000508
,Либава,"Скумбрия Атлантическая, натуральная с добавлениями масла",,240g,?,,4750571000775
,,РЫБА В СТЕКЛЯНОЙ БАНКЕ,FISH IN GLASS,Kg,DKK,,ESN code
,Наши,Рыба копченая в масле,,250g,25.00,,5200345505252
,AMBERFISH,"Шпроты Сказка ""Золотистые шпроты""",,250g,27.00,,4751005703569
,,РЫБНЫЙ ПАШТЕТ,,Kg,DKK,,ESN code
,Bribais Vilnis,Паштет шпротный,,160g,21.00,,4750616000463
,,ИКРИНКА/ ИКРА,,Kg,DKK,,ESN code
,Санта Бремор,Икринка No1 классическая,,160g,20.00,,4810168008253
,Санта Бремор,Икринка No2 с копченым лососем,,160g,20.00,,4810168008246
,Санта Бремор,"""Икрима"" икра мойвы с копченым лососем",,165g,25.00,,4810168030940
,Санта Бремор,"""Икрима"" икра мойвы подкопченная ",,165g,25.00,,4810168030933
,,СЕЛЬДЬ,HERRING,Kg,DKK,,ESN code
,Санта Бремор,"Филе сельди ""Матиас"" приправы",,250g,27.00,,4810168000066
,Санта Бремор,"Филе сельди ""Матиас"" прованс",,250g,27.00,,4810168002220
,Санта Бремор,"Филе сельди ""Матиас"" аромат дыма",,250g,27.00,,4810168000103
,Санта Бремор,"Филе сельди ""Матиас"" свежая зелень",,250g,27.00,,4810168010607
,Санта Бремор,"Филе сельди ""Матиас"" оригинал",,250g,27.00,,4810168000011
,Elanders,Сельдь филе МАТЬЕ в рапсовом масле ,,650g,50.00,,4750240233947
,Sanitex,"Филе сельди ""Шхуна"" с пряностями",,180g,23.00,,4810168025083
,Sanitex,"Филе сельди ""Шхуна"" слабосоленое",,180g,23.00,,4810168009373
,ZigmaS,Сельдь Атлантическая без головы с приправами ,"Salted herring (gutted, head off) with spices","1,3 kg",60.00,,4770221362022
,Viči,Tradicinė Atlantinių silkių filė aliejuje,,240gr,23.00,,4770190035781
,Viči,Tradicinė Atlantinių silkių filė aliejuje,,400g,36.00,,4770190350310
,Viči,Marinuota silkiu filė aliejuje,,240gr,23.00,,4770190035811
,Viči,Marinuota silkiu filė aliejuje,,400g,36.00,,4770190375443
,Viči,Rausvoji šaltai rūkyta silkių filė aliejuje,,240gr,23.00,,4770190035903
,Viči,Dūmų skonio silkių filė aliejuje,,240gr,23.00,,4770190035798
,Viči,Marinuota silkių filė su prieskoniniu užpilu,,250g,24.00,,4770190044967
,Viči,Marinuota silkių filė su gaiviuoju užpilu,,250g,24.00,,4770190044974
,Viči,"Silkių filė su krapais aliej. ""Pavasaris""",,200g,20.00,,
,Norvelita,Kaimiska Atlantiniu silkiu file,,240g,15.00,,4770486165079
,Desė,Silkių filė “Eglutė”,,300g,23.00,,4770875164270
,Desė,Sūdyta silkių filė su pievagrybiais ir daržovėmis majonezo padaže,,300g,22.00,,4770875164102
,Desė,Sūdyta silkių filė su burokėliais ir kitomis daržovėmis majonezo padaže,,300g,22.00,,4770875164126
,Santa Bremor,Silpnai sūdyta delikatesinė silkių filė “Matje” su prieskoniais,,250g,27.00,,4810168000066
,Santa Bremor,Silpnai sūdyta delikatesinė silkių filė “Matje” Original,,250g,27.00,,4810168000011
,Santa Bremor,Silpnai sūdyta delikatesinė silkių filė “Matje” Provanso,,250g,27.00,,4810168002220
,Santa Bremor,Silpnai sūdyta delikatesinė silkių filė “Matje” dūmų skonio,,250g,27.00,,4810168000103
,Santa Bremor,Silpnai sūdyta delikatesinė silkių filė “Matje” su žalumynais,,250g,27.00,,4810168010607
,Sanitex,Silpnai sūdyta silkių filė “Škuna” su prieskoniai ir su oda,,180g,23.00,,4810168025083
,Sanitex,Silpnai sūdyta silkių filė “Škuna” su oda,,180g,23.00,,4810168009373
,Edega,"Silkių filė ""Šventinė""",,1kg,66.00,,4770432199875
,ICECO,"Silkių filė ""Zigmas"" Klasikinė, aliejuje su dūmo skonio aromatu",,240g,22.00,,4770221164121
,ICECO,"Silkių filė ""Zigmas"" Klasikinė, aliejuje mažai sūdyta",,240g,22.00,,4770221164114
,ICECO,"Silkių filė ""Zigmas"" Klasikinė, aliejuje mažai sūdyta",,1kg,66.00,,4770221165579
,Viči,Silkių gabaliukai su keptais svogūnais,,200g,20.00,,4770190087759
,Viči,Silkių gabaliukai su keptom sėklom,,200g,20.00,,
,Viči,"Silkių filė su svogūnais aliej. ""Žiema""",,200g,20.00,,4770190352925
,Viči,Silkių gabaliukai su džiovintais baravykais,,200g,24.00,,4770190087797
,Viči,"Marin. silkių filė sukt.su al.,su kons.agurk.",,200g,24.00,,
,Viči,Atlantinių silkių salotos su burokėliais ,Atlantic herrring fillet & red beets,400g,24.00,,4770190065481
,Viči,Silkių salotos su daržovėmis,Herring salad with stewed vegetables,150g,12.00,,4770190350563
,Viči,Silkių salotos su bilvėmis,Potato and herring salad,400g,18.00,,4770190065504
,,Sūdyta silkė su galva (kibiras 4kg),,4kg,200.00,,
,Grundalas,"Atlanto silkė su galva, spacialaus sūdymo (metalinis indas)",,"1,3kg",65.00,,4770594206770
,Edega,Sūdyta silkė su galva (plast indas),,"1,3kg",65.00,,4770432002250
,ICECO,"Sūdytos Atlantinės silkės ""Zigmas"" be galvų su prieskoniais","Salted herring (gutted, head off) with spices","1,3kg",60.00,,4770221362022
,,Silkė su galva iš kibiro,,~250g,20.00,,
,BALTIJAS ZIVIS - 97,"Siļķu filejas eļļā ""Matje""","Herring fillet in oil ""Matje”",200g,22.00,,4750289001378
,BALTIJAS ZIVIS - 97,"Siļķu filejas un dārzeņu asorti ""Jūras orhideja""",Herring fillet and vegetables assorted “Jūras orchideja”,200g,27.00,,4750289030132
,BALTIJAS ZIVIS - 98,Silku titeni marinade ar apelsiniem,Herring bindweed marinade with orange,300g,39.00,,4750289001804
,LATIS,Siļķes fileja eļļā “Matje”,"Herring fillet in oil ""Matje”",200g,20.00,,4751004070013
,LATIS,Silku filejas majoneze ar ananasiem,Herring fillet with pineapple,500g,36.00,,4751004071799
,BERZCIEMS,Silku filejas gabalini,Herring fillet,250g,29.00,,4750217001173
,BALTIJAS ZIVIS - 97,"Skumbrijas fileju gabaliņi eļļā ""Jums""","Mackerel fillet pieces in oil ""Jums”",200g,27.00,,
,BALTIJAS ZIVIS -97,Ceptas skumbriju filejas tom.mērcē Rudens,Fried mackerel fillets in tomato sauce “Rudens”,250g,27.00,,
,KAIJA,"""GARDUMS"" Siļķu filejas eļļā",Herring fillet in oil “Gardums”,250g,24.00,,
,KAIJA,Gardums siļķu fileja Ungāru gaumē,Delicacy herring fillet Hungarian style,450g,35.00,,
,KAIJA,Makrelu filejas ella,Mackerel fillets in oil,170g,15.00,,4751007730723
,BERZCIEMS,Siļķu rolmopši marinādē,Marinated herring rolls,500g,40.00,,4750217602882
,ViCI,Silku filejas rolmopši ar konservetiem gurkiem ella (ar cukuru un saldinataju),Herring fillet rolls with cucumbers,200g,?,,4770190351089
,DECENT,Seld file v masle DYMOK,Herring fillets in oil “Dymok”,200g,21.00,,4750501001179