SWEET PRODUCTS,,,,,,
,ПРЯНИКИ/ СУШКИ,GINGERBREAD/ KRINGLE PASTRIES,WEIGHT,PRICE,BARCODE,Type
Родные Просторы,"Пряники ""Холодок""","Gingerbread ""Холодок"" (""Cold"")",350g,16.00,,    
Родные Просторы,"Пряники ""Медовые""","Gingerbread “Медовые"" (""Honey"")",350g,16.00,4260130030810,    
Родные Просторы,"Пряники ""Клюквенные""","Gingerbread ""Клюквенные"" (""Cranberries"")",350g,16.00,4260130030865,    
Родные Просторы,Пряники с карамельным вкусом,"Gingerbread "" с карамельным вкусом"" (""caramel"")",350g,16.00,4260130031183,    
Родные Просторы,Пряники фруктовые,"Gingerbread ""Фруктовые"" (""Fruits"")",350g,16.00,4260130030827,    
Родные Просторы,Пряники мятные,"Gingerbread ""Мятные""(""Mint"")",350g,16.00,4260130030803,    
Родные Просторы,Пряники ореховые,"Gingerbread ""Ореховые"" (""Nuts"")",350g,16.00,4260130031084,    
Родные Просторы,Пряники клубничные,"Gingerbread ""Клубничные""(""Strawberry"")",350g,16.00,4260130031008,    
Родные Просторы,Пряники ванильные,"Gingerbread ""Ванильные""(""Vanilla"")",350g,16.00,4260130030858,    
Родные Просторы,Пряники северные,"Gingerbread ""Северные""(""Northern"")",350g,16.00,4260130031077,    
Родные Просторы,Пряники запарожские,"Gingerbread ""Запарожские""(""Zaparozh"")",350g,16.00,4260130030841,    
Родные Просторы,Пряники шоколадные ,Gingerbread chocolate,350g,16.00,4260130030995,    
Бабушкины сладости,"Пряники ""Кульбабка весенняя""","Gingerbread ""Кульбабка весенняя"" (""Spring"")",450g,18.00,4820008833198,    
Бабушкины сладости,Пряники сказочные,"Gingerbread ""Fairytale"" ",450g,18.00,4820008833228,    
Бабушкины сладости,Пряники аромат мяты,Gingerbread with mint aroma,450g,18.00,4820008833181,    
Пензенская Кондитерская Фабрика,"Пряники ""Северянка""","Gingerbread ""Северянка"" (""Northern"")",400g,18.00,4601021047843,    
Пензенская Кондитерская Фабрика,Пряники с ароматом мяты,"Gingerbread ""С ароматом мяты"" (""Mint flavoured"")",400g,18.00,4601021044606,    
Wija,"Пряники ""Колосок""","Gingerbread ""Колосок"" (""Spica"")",450g,18.00,4820008833204,    
Wija,"Пряники ""Сказочные""","Gingerbread ""Сказочные"" (""Fairytale"")",450g,18.00,4820008833228,    
Wija,"Пряники ""Кульбабка весенняя""","Gingerbread ""Кульбабка весенняя"" (""Spring"")",450g,18.00,4820008833198,    
OS Retail GmbH,"Пряники ""Подмосковные""","Gingerbread ""Подмосковные"" (""Near Moscow"")",360g,16.00,4260352190767,    
OS Retail GmbH,Пряники со сгущенкой,Gingerbread with condensed milk,360g,16.00,4260352190774,    
OS Retail GmbH,Пряники вишневые,Gingerbread with cherry,360g,16.00,4260352190798,    
H&B,"""Русское Чаепитие"" сушки любительские","Kringle pastries ""Любительские"" ",500g,20.00,4820076920226,    
H&B,"""Русское Чаепитие"" сушки яичные","Kringle pastries “Яичные” (""With eggs"")",500g,20.00,4820076920196,    
H&B,"""Русское Чаепитие"" сушки с маком",Kringle pastries with poppy seeds,500g,35.00,4820076920202,    
H&B,"""Русское Чаепитие"" сушки ванильные",Kringle pastries with vanilla,500g,20.00,4820076920233,    
H&B,"""Русское Чаепитие"" сушки овальные",Kringle pastries oval,500g,20.00,4820076920219,    
H&B,"Сушка ""Малютка"" любительская","Kringle pastries ""Любительская"" ",500g,20.00,4820076920226,    
H&B,"Сушка ""Малютка"" с маком",Kringle pastries with poppy seeds,500g,20.00,4820076920271,    
H&B,"Сушка ""Малютка"" ванильная",Kringle pastries with vanilla,500g,20.00,4820076920295,    
H&B,"Сушка ""Малютка"" глазированная",Kringle pastries glazed,500g,20.00,4820076920288,    
Ксюша,"Сушки ""От Ксюши"" классические",Kringle pastries classic,500g,20.00,8594166820241,    
Ulan,Сушки мятные ,Kringle pastries mint,500g,20.00,4260007244746,    
Ulan,"Сушки ""Ромашка ванильная""","Kringle pastries ""Vanilla chamomile""",500g,20.00,4260007244265,    
,ПЕЧЕНЬЕ,BISCUITS,WEIGHT,PRICE,BARCODE,    
Родные Просторы,Овсяное печенье классическое,"Oatmeal cookies ""Классическое"" (""Classic"")",400g,23.00,4260130030926,    
Родные Просторы,Овсяное печенье со сгущёнкой,Oatmeal with condensed mik,400g,23.00,,    
Родные Просторы,Овсяное печенье с изюмом,Oatmeal with raisins,400g,23.00,4260130030933,    
Родные Просторы,Овсяное печенье с семечками подсолнуха,Oatmeal cookies with sunflower seeds,400g,23.00,4260130030940,    
Родные Просторы,Овсяное печенье с отрубями,Oatmeal cookies with bran,400g,23.00,4260130030872,    
К.И.О. Кондитерское Объединение,"Печенье ""Карамелька""","Biscuit ""Карамелька"" (""Caramel"")",255g,15.00,4607021097833,    
К.И.О. Кондитерское Объединение,"Печенье ""Молочная деревушка"" творожное","Biscuit ""Mолочная деревушка"" with cottage cheese",260g,15.00,4607021093545,    
К.И.О. Кондитерское Объединение,"Печенье ""Молочная деревушка"" на сгушенном молоке","Biscuit ""Mолочная деревушка"" with condensed milk",260g,15.00,4607021093521,    
К.И.О. Кондитерское Объединение,"Печенье ""Сгущённое молоко""","Biscuit ""Cгущённое молоко"" with condensed milk",195g,15.00,4607021098625,    
К.И.О. Кондитерское Объединение,"Печенье ""Кружева Василиси""","Biscuits ""Кружева Василиси""",270g,15.00,4607021093507,    
К.И.О. Кондитерское Объединение,Печенье творожное,Biscuits cotagge cheese,260g,15.00,4607021095150,    
,ШОКОЛАД,CHOCOLATE,WEIGHT,PRICE,BARCODE,    
Daisena,Белый шоколад “Schogetten”,"White chocolate ""Schogetten""",100g,12.00,4000415856601,    
Daisena,Альпийский молочный шоколад с лесными орехами,Alpine milk chocolate with hazelnuts,100g,12.00,4000607851001,    
,КОНФЕТЫ ,SWEETS,WEIGHT,PRICE,BARCODE,    
Кондитерслая фаб. Микаелло,Груша с миндалём в бело- тёмном шоколадой глазури ,Pear with almonds in white-dark chocolate glaze,3 kg,135.00,4607033690510,    
Кондитерслая фаб. Микаелло,Чернослив в шоколадой глазури,Prune in chocolate glaze,3 kg,135.00,4607033690091,    
Кондитерслая фаб. Микаелло,Чернослив с миндалём в шоколадой глазури ,Prune with almonds in chocolate glaze,3 kg,135.00,4607033690077,    
Кондитерслая фаб. Микаелло,Чернослив с лесным орехом в шоколадой глазури ,Prune with nuts in chocolate glaze,3 kg,135.00,,    
Кондитерслая фаб. Микаелло,Финик с грецким орехом в бело-темной шоколадной глазури,Date with walnuts in white and dark chocolate glaze,3 kg,135.00,4607033690503,    
Кондитерслая фаб. Микаелло,Абрикос в шоколадной глазури,Apricot in chocolate glaze,3 kg,135.00,4607033690046,    
Кондитерслая фаб. Микаелло,Инжир с грецким орехом в бело- темной шоколадной глазури,Fig with walnuts in a white-dark chocolate glazed,3 kg,135.00,4607033690275,    
Кондитерслая фаб. Микаелло,Клюква в шоколадной глазури,Cranberry in chocolate glaze,3 kg,135.00,,    
Кондитерслая фаб. Микаелло,Дыня в шоколадной глазури,Melon in chocolate glaze,3 kg,135.00,,    
Кондитерслая фаб. Микаелло,Персик в бело- темной шоколадной глазури,Peach in white-dark chocolate glaze,3 kg,135.00,,    
Кондитерслая фаб. Славянка,"Конфеты вафельные ""Топленое молоко""","Wafery glazed sweets ""Baked Milk""",1 kg,100.00,4605142020570,    
Финтур,"Конфеты ""Царская птица""","Sweets ""Royal bird""",3 kg,100.00,,    
Доминик,"Конфеты ""А-ля суфле!""","Sweets ""A la sufle""",3 kg,100.00,,    
,"Конфеты ""Пилот""","Sweets ""Pilot""",3 kg,100.00,,    
,"Конфеты ""Подарок от белочки""","Sweets ""Present from squirrel""",3 kg,100.00,,    
,НАБОР КОНФЕТ,COLLECTION OF SWEETS,WEIGHT,PRICE,BARCODE,    
"ЗАТ ""одессаКондитер""","Эксклюзивная коллекция шоколадных конфет ""Сладкая сказка""","Exclusive collection of chocolate sweets ""Sweet Fairytale""",675g,100.00,4823007009434,    
Laima,"Конфеты ассорти в темном шоколаде ""Гордость Москвы""","Assorted Candies in dark chocolate, ""Pride of Moscow""",360g,60.00,4750001817058,    
Laima,"Конфеты ассорти в темном шоколаде ""Москва Златоглавая""","Assorted Candies in dark chocolate ""Moscow Zlatoglavaya""",360g,60.00,4750001008043,    
Доминик,"Конфеты ""Белочка с золотым орешком""","Sweets ""Squirrel with golden nuts""",150g,20.00,4823055511255,    
РотФронт,"Конфеты ассорти ""Подмосковные Вечера""","Assorted Chocolates ""Moscow Nights""",200g,45.00,4600300080762,    
,"Набор конфет ""Русь- тройка""","Set candy ""Russia go troika""",350g,65.00,4600300002290,    
,ЗЕФИР,ZEPHYR,WEIGHT,PRICE,BARCODE,    
Пензенская Кондитерская Фабрика,"Зефир ""Обожайка"" в шоколадной глазури","Zephyr ""Obozhayka"" in chocolate glaze",200g,22.00,4601021048550,    
Makro Trade Baltic,Зефир с ванильным вкусом,Zephyr with vanilla flavor,250g,22.00,4751008660135,    
Белевские сладости,Зефир Белёвский яблочный,Zephyr Arsenyevsky apple,250g,25.00,4612737280523,    
Белевские сладости,Зефир Белёвский груша,Zephyr Arsenyevsky pear,250g,25.00,4612737280547,    
,ХАЛВА,HALVA,WEIGHT,PRICE,BARCODE,    
Дружковская халва,Халва ванильная подсолнечная,Vanilla sunflower halva,200g,25.00,4820046910875,    
Дружковская халва,Халва с какао подсолнечная,Sunflower halva with cocoa,200g,25.00,4820046910752,    
,ПИРОГИ/ ТОРТЫ,CAKES,WEIGHT,PRICE,BARCODE,    
Родные простоыры,Пирожное Лакомый медовичок,Honey cake,330g,29.00,4260130030193,    
Красный Октябрь,"Торт вафельный Алёнка с мягким сливочным вкусом, покрытый глазурью","Waffle cake ""Alenka"" with a mild creamy taste, glazed",250g,25.00,4607144730013,    
,КОРЖИ ДЛЯ ТОРТОВ,LAYERS FOR CAKES,WEIGHT,PRICE,BARCODE,    
Merci,Коржи для торта Наполеон,Layers for Napoleon cake,400g,27.00,4820080570035,    
Merci,Коржи для торта Медовик,Layers for honey cake,500g,27.00,4820080570196,    
Merci,"Коржи для торта ""Киевский""","Layers for cake ""Kievskij""",450g,37.00,4820080570172,    
,ВАФЕЛЬНЫЕ ЛИСТЫ,WAFFLE SHEETS,WEIGHT,DKK,BARCODE,    
Franzeluta,Листы вафельные ,Waffle sheets,700g,39.00,4840008014618,    
SNACKS,,,,,,    
,СЕМЕЧКИ,SEEDS,WEIGHT,PRICE,BARCODE,    
КДВ Краснодар,Бабкины семечки,"Sunflower seeds ""Бабкины""",500g,38.00,4605362007023,    
КДВ Краснодар,Бабкины семечки,"Sunflower seeds ""Бабкины""",450g,35.00,4605362007146,    
Барин,Жареные семечки подсолнечника – соленые,"Roasted, Salted sunflower seeds",280g,25.00,4612663500153,    
Барин,Жареные семечки подсолнечника,Roasted sunflower seeds,280g,25.00,4612663500108,    
"KochSnack'""s",Семечки жареные,Roasted sunflower seeds,300g,25.00,4250459500361,    
,Семечки Царские жареные ,Roasted sunflower seeds,500g,55.00,4820147570077,    
,Семечки жареные по-домашнему,Roasted sunflower seeds (homestyle),350g,25.00,4260010128675,    
,"Тыквенные семечки От Маруси жареные, солёные ","Roasted pumpkin seeds, salted",250g,30.00,4260127124911,    
Мартин,"Семечки ""От Мартина"" отборные","Семечки отборные ""От Мартина""",100g,15.00,4607012350992,    
Мартин,"Семечки ""От Мартина"" отборные","Семечки отборные ""От Мартина""",200g,25.00,4607012351005,    
Мартин,"Семечки ""От Мартина"" отборные с морской солью","Семечки ""От Мартина"" отборные с морской солью",200g,25.00,4607012351999,    
,СУХАРИКИ,BAKED BREAD SNACKS,WEIGHT,PRICE,BARCODE,    
Кириешки,MAX – охотничьи колбаски,Baked bread snack with hunter`s sausages taste,40g,7.00,4607010748616,    
Кириешки,LIGHT – Сливочный сыр,Baked bread snack with creamy cheese taste,33g,7.00,4607120852470,    
Кириешки,Холодец с хреном,Baked bread snack with aspic and horseradish taste,40g,7.00,4607010742027,    
Кириешки,Ветчина с сыром,Baked bread snack with ham and cheese taste,40g,7.00,4607010740078,    
Кириешки,Салями,Baked bread snack with salami taste,40g,7.00,4607010740191,    
Кириешки,Бекон,Baked bread snack with bacon taste,40g,7.00,4607010740016,    
Компашки,Сметана и лук,Baked bread snack with sour cream and onion taste,35g,7.00,4607120858328,    
Flint,Сухарики пшенично-пжаные со вкусом сыра,Baked bread snacks with cheese taste,35g,6.00,4820047462236,    
Flint,Сухарики пшенично-пжаные со вкусом бекона,Baked bread snacks with bacon taste,35g,6.00,4820047462212,    
Flint,Сухарики пшенично-пжаные со вкусом салями,Baked bread snacks with salami taste,35g,6.00,4820047462168,    
GROCERY,,,,,,    
,КОНСЕРВЫ,CONSERVES,WEIGHT,PRICE,BARCODE,    
Dorshleber,Печень трески,Cod liver,,30.00,,    
Import&Export,Тушёнка куриная,Chicken stew,320g,30.00,4260352190095,    
Weberleng,Свиная закуска,Pork appetizer,320g,22.00,616204192962,    
Weberleng,"Свиная тушёнка, крупнокусковая","Pork stew, lump",320g,30.00,616204192931,    
Leon GmbH,Баранина тушеная крупнокусковая,"Lamb stew, lump",525g,45.00,4751010853075,    
Leon GmbH,Тушеный куриный окорок,Braised chicken ham,525g,40.00,4751010852115,    
Leon GmbH,Говядина тушеная крупнокусковая,"Beef stew, lump",525g,45.00,4751010852108,    
,ГОТОВЫЕ СУПЫ/ ЗАПРАВКИ ДЛЯ СУПА,ALREADY MADE SOUPS/ BASE FOR SOUPS,WEIGHT,PRICE,BARCODE,    
Тещины рецепты,Борш украинский,Ukrainian Borsch,460g,18.00,4260099272528,    
Тещины рецепты,Суп Харчо,Soup Kharcho,460g,18.00,4260099272559,    
Тещины рецепты,Грибной суп,Mushroom soup,460g,22.00,4260099272504,    
Тещины рецепты,Шавельный суп,Shavelny soup,460g,18.00,4260099272511,    
Русский Стиль,Суп Рассольник ,Pickle soup,460g,20.00,5901008045442,    
Русский Стиль,Суп Солянка,Soup Solyanka,460g,18.00,5901008045664,    
Dworek,Щи по-деревенски,Rural style soup,680g,20.00,5904603191835,    
Leon,Борщ украинский густой,Ukrainian Borsch,460g,18.00,5901008044469,    
Leon,Уха из лосося,Soup from salmon,240g,16.00,4751004282904,    
Тещины рецепты,Заправка для борша с болгарским перцем,Dressing for Borsch with sweet pepper,370g,16.00,4260099272191,    
Тещины рецепты,Заправка для борша свекольно- томатная,Beetroot and tomato dressing for Borsch,370g,16.00,4260099272146,    
Тещины рецепты,Заправка для рассольника,Dressing for pickle soup,370g,16.00,4260099272467,    
Едим дома,Заправка для красного борща,Dressing for red Borsch,470g,18.00,4820015947000,    
,КОНСЕРВИРОВАНЫЕ ПОМИДОРЫ,TOMATOES,WEIGHT,PRICE,BARCODE,    
Русский Стиль,Томаты с укропом без уксуса,"Tomatoes with dill, without vinegar",900ml,20.00,5901008045114,    
Русский Стиль,Томаты бочковые,Drum tomatoes,900ml,20.00,5901008045206,    
Тещины рецепты,Томаты,Canned tomatoes,840g,22.00,4260099274270,    
Тещины рецепты,Консервированные томаты по-болгарски,Canned tomatoes Bulgarian style,980g,25.00,4260099275208,    
Тещины рецепты,"Консервированные томаты ""черри"" по-болгарски","Canned tomatoes ""cherry"" Bulgarian style",980g,25.00,4260099275338,    
Тещины рецепты,Консервированные помидоры с листом вишни по-астрахански,Canned tomatoes with cherry leaf,850g,22.00,4260099274195,    
Тещины рецепты,Консервированные помидоры по-крымски,Canned tomatoes with dill and garlic,880g,20.00,4260099274294,    
Тещины рецепты,Бочковые помидоры красные дачные,Drum canned red tomatoes,860g,22.00,4260099274133,    
Тещины рецепты,Консервированные помидоры по-херсонски,Canned tomatoes,880g,22.00,4260099274232,    
Тещины рецепты,Консервированные помидоры с укропом и чесноком по-нежински,Canned tomatoes with dill and garlic,880g,22.00,4260099274010,    
Тещины рецепты,Консервированные помидоры по-алтайски,Canned tomatoes,880g,20.00,4260099275345,    
Тещины рецепты,Консервированные помидоры по-краснодарски пикантные,Canned tomatoes spicy,880g,22.00,4260099274249,    
Тещины рецепты,Консервированные помидоры по-кубански,Canned tomatoes,880g,22.00,4260099274034,    
Тещины рецепты,Консервированные помидоры по-кавказски гранатовые,Canned tomatoes,880g,22.00,4260099274218,    
Тещины рецепты,Консервированные помидоры с листьями винограда по-одесски,Canned tomatoes  with grape leaves,900g,22.00,4260099274133,    
Тещины рецепты,Острые помидоры по-полтавски Первак,Spicy tomatoes,880g,20.00,4260099274072,    
Элит,Томаты консервированные с чесноком,Canned tomatoes with garlic,1850g,39.00,4260010124738,    
Элит,Томаты консервированные по-кавказски с бархаткой,Canned tomatoes Caucasian style,1850g,39.00,4260010124721,    
Элит,Томаты консервированные по-карпатски без уксуса,"Canned tomatoes Carpathian style, without vinegar",1850g,39.00,4260010124745,    
Элит,Томаты консервированные укропные,Canned tomatoes with dill,1850g,39.00,4260010124714,    
Элит,Томаты Консервированные классические,Classic canned tomatoes,1850g,39.00,4260010124752,    
Сядко,Помидоры пикантные,Spicy tomatoes,1100g,49.00,4260305240303,    
Сядко,"Помидоры черри с перчиком, острые","Spicy tomatoes ""cherry"" with pepper",350g,20.00,,    
,ОГУРЦЫ ,CUCUMBERS,WEIGHT,PRICE,BARCODE,    
Ваш продукт,Огурцы квашенные,Pickled cucumbers,900g,20.00,4260352190156,    
Ваш продукт,Огурцы чесночные,Canned cucumbers with garlic,900g,20.00,4260352190149,    
Тещины рецепты,Огурцы по-краснодарски с паприкой,Canned cucumbers with sweet pepper,860g,20.00,4260099273211,    
Тещины рецепты,Огурцы по-крымски с листом винограда,Canned cucumbers with grape leaves,860g,20.00,4260099273174,    
Тещины рецепты,Огурцы по-одесски с чесноком,Canned cucumbers with garlic,860g,20.00,4260099273167,    
Тещины рецепты,Огурцы по-кубански с листьями смородины,Canned cucumbers with currant leaves,860g,20.00,4260099273136,    
Тещины рецепты,Огурцы по-херсонски хрустяшие ,Crunchy canned cucumbers,860g,20.00,4260099273051,    
Тещины рецепты,Консервированные огурцы хрустяшие по херсонски,Pickled cucumbers with dill,890g,20.00,4260099273051,    
Тещины рецепты,"Малосольные огурцы ""Дачные""",Freshly-salted cucumbers,840g,20.00,4260099273099,    
Тещины рецепты,Бочковые огурцы домашние ,Homemade canned drum cucumbers,880g,20.00,4260099273037,    
Todorka,Огурцы домашние хрустящие,Crispy homemade canned cucumbers,1kg,20.00,3800740011024,    
Todorka,Огурцы с чесноком,Canned cucumbers with garlic,1kg,20.00,3800740014285,    
Todorka,Огурцы закусочные перченные ,Canned cucumbers with pepper,1kg,20.00,3800740010997,    
Todorka,Огурцы укропные ,Canned cucumber with dill,1kg,20.00,3800740011017,    
Ecohoff,Домашние хрустяшие огурцы,Crispy homemade canned cucumbers,890g,20.00,4260130030070,    
Маринадо,Кубанские Закусончики острые от Атамана,Spicy canned cucumbers,520g ,16.00,4260130030421,    
Dworek,Огурцы маринованные укропные с чесноком,Canned cucumbers with dill and garlic,860g,20.00,5904603190340,    
H&B,Огурцы малосольные Кузина кадушка,Freshly-salted cucumbers,600g,35.00,4260010126572,    
,ПАТИССОНЫ,SQUASH,WEIGHT,PRICE,BARCODE,    
Тещины рецепты,Консервированные патиссоны по-херсонски ,Canned squash,840g,22.00,4260099273129,    
,АССОРТИ,ASSORTED VEGETABLES,WEIGHT,PRICE,BARCODE,    
Русский Стиль,Ассорти помидоры с огурцами,Assorted tomatoes and cucumbers,900ml,20.00,5901008045152,    
Тещины рецепты,Ассорти из томатов и огурцов по болгарски,"Assorted tomatoes and cucumbers, Bulgarian style",1680g,35.00,4260099275413,    
Тещины рецепты,"Ассорти из томатов, огурцов и патиссонов","Assorted tomatoes, cucumbers and squash",860g,22.00,4260099275130,    
Тещины рецепты,Консервированное ассорти из помидоров и огурцов,Canned assorted tomatoes and cucumbers,1600g,35.00,4260099275024,    
Тещины рецепты,Консервированное ассорти из помидоров и огурцов,Canned assorted tomatoes and cucumbers,860g,20.00,4260099275017,    
Тещины рецепты,Ассорти Пикник,Canned assorted vegetables with white cabbage,830g,22.00,4260099275109,    
Todorka,Консервированные помидоры и огурцы ,Canned tomatoes and cucumbers,1 kg,20.00,3800740010072,    
,КУКУРУЗА,CORN,WEIGHT,PRICE,BARCODE,    
Чумак,Кукуруза сахарная нежная,Corn,425g,10.00,4820001352887,    
,КАПУСТА,CABBAGE,WEIGHT,PRICE,BARCODE,    
Санта Бремор,Морская капуста маринованная,Marinated sea kale,150g,16.00,4810168020309,    
Санта Бремор,Морская капуста по-корейски с морковью,"Sea kale with carrot, Korean style",150g,16.00,4810168020392,    
Санта Бремор,Морская капуста по-корейски с баклажанами,Sea kale with eggplants,150g,16.00,4810168020361,    
Elanders,Морская капуста в майонезе с чесноком,Sea kale in mayonnaise with garlic,400g,25.00,4750240233299,    
Elanders,Морская капуста в рапсовом масле,Sea kale in rapeseed oil,300g,25.00,4750240233879,    
Elanders,Морская капуста с морковью в рапсовом масле,Sea kale with carrots in rapeseed oil,300g,25.00,4750240233909,    
Elanders,Салат с морской капустой в рапсовом масле ,Salad with sea kale in rapeseed oil,300g,25.00,4750240233831,    
Leon GmbH,Капуста по-корейски,Cabbage Korean style,700g,27.00,,    
H&B,Капуста Ким-Чи острая,Spicy Kim Chi cabbage,400g,20.00,4260010129306,    
,КВАШЕННАЯ КАПУСТА,SAUERKRAUT,WEIGHT,PRICE,BARCODE,    
Русский Стиль,Капуста квашенная с марковью ,Sauerkraut with carrots,900ml,20.00,5901008045343,    
Тещины рецепты,Капуста с клюквой,Sauerkraut with cranberries,840g,20.00,4260099272627,    
H&B,Капуста квашенная с марковью Кузина кадушка,Sauerkraut with carrots,900g,30.00,4260010126619,    
,КОНСЕРВИРОВАНЫЙ АРБУЗ,WATERMELON,WEIGHT,PRICE,BARCODE,    
Вкус Лета,Арбузы консервированные,Pickled watermelon,1470g,37.00,4260010128347,    
,КОНСЕРВИРОВАНЫЕ ГРИБЫ,MUSHROOMS,WEIGHT,PRICE,BARCODE,    
Тещины рецепты,Рыжики в солено-чесночном рассоле,Whole saffron milk cap mushrooms in salty-garlic brine,500g,29.00,4260099272276,    
Тещины рецепты,Лисички маринованные ,Canned Chanterelles,280g,29.00,4260099273372,    
Тещины рецепты,Маслята в солено-чесночном рассоле,Suillus in salty-garlic brine,500g,29.00,4260099272238,    
Тещины рецепты,"Маслята маринованные, лесные ",Matinated forest boletus,500g,29.00,4260099273334,    
Тещины рецепты,Опята в солёно- чесночном рассоле,Honey mushrooms in salty-garlic brine,500g,29.00,4260099272252,    
Тещины рецепты,Грибы подосиновики,Aspen mushrooms,550g,29.00,4260099275475,    
Тещины рецепты,Грибное ассорти маринованное,Assorted marinated mushrooms,500g,29.00,4260099273341,    
Сосновый Бор,Белый гриб боровик,Boletus,580ml,29.00,6907992503073,    
Сосновый Бор,Белый гриб боровик в чесночно лавровом засоле,Boletus in garlic-bay leaf brine,580ml,29.00,6907992503066,    
Сосновый Бор,Опята в солёно- лавровом засоле,Honey mushrooms in salty-bay leaf brine,530g,29.00,6907992503035,    
Сосновый Бор,Опята малосольные без уксуса,"Fresh salted honey mushrooms, without vinegar",530g,29.00,6907992503028,    
Сосновый Бор,Ассорти в чесночно- лавровом засоле,Assorted mushrooms in garlic-bay leaf brine,530g,29.00,6907992502915,    
,ОВОШИ,VEGETABLES,WEIGHT,PRICE,BARCODE,    
Тещины рецепты,Жареные баклажаны с овощами по болгарски,"Roasted Aubergines with vegetables, Bulgarian style",540g,28.00,4260099272429,    
Тещины рецепты,Щавель консервированный,Canned sorrel,350g,17.00,4260099272221,    
Тещины рецепты,Консервированная петрушка,Canned parsley,180g,12.00,4260099272207,    
Тещины рецепты,Перец маринованный,Marinated pepper,850g,25.00,4260099272795,    
Тещины рецепты,Морковь по корейски,"Carrot, Korean style",460g,18.00,4260099272320,    
Ecohoff,Корейская морковь,"Carrot, Korean style",460g,18.00,4260130030254,    
Art Leon,Корейская морковь,"Carrot, Korean style",500g,15.00,,    
Storko,Кабачки в аджике,Courgettes in adzhika,540g,35.00,3800721005448,    
Storko,Баклажаны с овошами,Eggplant with vegetables,540g,35.00,3800721004403,    
Storko,Баклажаны в томатном соусе,Eggplant in tomato sauce,540g,35.00,3800721004212,    
Тещины рецепты,Баклажаны пикантные по-кавказски,"Savory eggplant, Caucaisian style",540g,28.00,4260099272580,    
Bazar Balkan,Баклажаны с черносливом,Eggplant with prune,530g,35.00,3800026116634,    
Leon GmbH,Баклажан с черносливом,Eggplant with prune,540g,35.00,3800026115866,    
Todorka,Баклажаны по-грузински острые ,"Savory eggplant, Georgian style",560g,25.00,3800740011789,    
Todorka,Баклажаны по-гречески,"Eggplant, Greek style",560g,25.00,3800740011796,    
Todorka,Баклажан жареный с черносливом,Roasted eggplant with prune,560g,25.00,3800740022440,    
Todorka,Баклажаны жаренные со сладким перцем Княжеское блюдо,Roasted eggplant with sweet pepper,560g,25.00,3800023601058,    
Todorka,Баклажаны жаренные с овощами Царская закуска,Roasted eggplant with vegetables,560g,25.00,3800023601041,    
Todorka,Баклажаны с овощами,Eggplant with vegetables,560g,25.00,3800740012410,    
Скатерть самобранка,Черемша маринованная,Marinated ramson,330g,30.00,4260127124027,    
От Маруси,Черемша маринованная с чесноком,Marinated ramson with garlic,370g,22.00,4260127124034,    
,ОЛИВКИ,OLIVES,WEIGHT,PRICE,BARCODE,    
,"Греческие оливки зеленые в рассоле, пастеризованные ",Greek green olives in brine,400g,29.00,5204403218016,    
,"Греческие черные оливки в рассоле, стеризованные ",Greek black olives in brine,400g,20.00,5204403618908,    
,"Греческие черные оливки в рассоле, стеризованные ",Greek black olives in brine,200g,16.00,5204403619011,    
,ГОТОВЫЕ САЛАТЫ,PREPARED SALADS,WEIGHT,PRICE,BARCODE,    
Тещины рецепты,Салат Оливье минутка,"Salad ""Olivje""",680g,18.00,4260099272337,    
,ГОТОВЫЕ БЛЮДА,PREPARED DISH,WEIGHT,PRICE,BARCODE,    
Leon,Гречневая каша с грибами,Buchwheat with mushrooms,460g,18.00,5901008044735,    
,ОВОШНАЯ ИКРА,VEGETABLE CAVIAR,WEIGHT,PRICE,BARCODE,    
Storko,Икра из красного болгарского перца,Red Bulgarian pepper caviar,360g,17.00,3800721000429,    
Storko,Икра баклажанная,Eggplant caviar,350g,17.00,3800721004540,    
Тещины рецепты,Икра кабачковая домашняя,Homemade squash caviar,460g,18.00,4260099272443,    
Господарочка,Икра из кабачков Летняя,Squash caviar,475g,22.00,4820024791465,    
Господарочка,Икра баклажанная,Eggplant caviar,445g,22.00,4820024797535,    
Todorka,Баклажанная икра,Eggplant caviar,560g,20.00,3800740011772,    
Todorka,Кабачковая икра,Squash caviar,560g,20.00,3800740011765,    
,КРУПА ГРЕЧНЕВАЯ,BUCKWHEAT,WEIGHT,PRICE,BARCODE,    
Aldim Gmbh,"Крупа гречневая, ядрица",Buckwheat,800g,33.00,4260099271040,    
Aldim Gmbh,"Крупа гречневая, особенная","Buckwheat ""Special""",1 kg,33.00,4260099271026,    
Воложка,"Гречка в пакетиках ""Варим парим на радость"" (5x80г)",Buchwheat in packs (5x80g),400g,19.00,4607070080572,    
Воложка,Гречневая крупа,Buchwheat,800g,20.00,4607070080411,    
Царь ,Крупа гречневая,Buchwheat,800g,25.00,4603134002184,    
Царь ,Крупа гречневая (8x62.5г),Buchwheat (8x62.5g),500g,25.00,4603134002498,    
Белоцерковские крупы,"Крупа гречневая, ядрица отборная (5x80г)",Buchwheat (5x80g),400g,19.00,4260099271064,    
,КРУПА/ ПШЕНО,GROATS/ MILLET,WEIGHT,PRICE,BARCODE,    
Царь,Крупа Ячневая,Barley groats,800g,25.00,4603134003174,    
Воложка,Кукурузная крупа,Corn grits,700g,15.00,4607070080817,    
Царь,Пшено Шлифованное,Polished millet,800g,20.00,4603134002801,    
Еврозлат,Пшено Шлифованное,Polished millet,750g,17.00,4607114150179,    
Белоцерковские Крупы,Пшено,Millet,800g,20.00,4260099270173,    
Natur-produkt,Пшено,Millet,800g,21.00,4260130030674,    
,ОТРУБИ,BRAN,WEIGHT,PRICE,BARCODE,    
ОГО,Отруби бородинские,Bran,200g,18.00,4630012080491,    
,ЕДА БЫСТРОГО ПРИГОТОВЛЕНИЯ,FAST FOOD,WEIGHT,PRICE,BARCODE,    
БиоФуд,Картофельное пюре с соусом с говядиной Биг Ланч,"Mashed potatoes ""Big lunch"" with beef sauce",50g,12.00,4607160451008,    
БиоФуд,Картофельное пюре с соусом с курицей Биг Ланч,"Mashed potatoes ""Big lunch"" with chicken sauce",50g,12.00,4607160450995,    
БиоФуд,Картофельное пюре с соусом с луком и гренками Биг Ланч,"Mashed potatoes ""Big lunch"" with onion  sauce and toasts",50g,12.00,4607160451015,    
БиоФуд,"Лапша со  свининой, чесноком и перцем","Noodles with pork, garlic and pepper",90g,15.00,4607160450032,    
БиоФуд,"Лапша с ароматной говядиной, грибами и зеленью","Noodles with fragrant beef, mushrooms and herbs",90g,15.00,4607160450025,    
Ролтон,Вермишель с курицей,Noodles with chicken,60g,5.00,4605496007494,    
Ролтон,Вермишель с говядиной,Noodles with beef,60g,5.00,4605496007517,    
,ПОДСОЛНЕЧНОЕ МАСЛО,SUNFLOWER OIL,WEIGHT,PRICE,BARCODE,    
Дары Кубани,Масло подсолнечное нерафинированное,Unrefined sunflower oil,0.65l,22.00,4607014782036,    
Премиум продукт,Подсолнечное масло Золота рафинированное ,"Sunflower oil ""Gold"", refined",920g,20.00,4820078570702,    
Гранд- Стар,"Подсолнечное масло Кубаночка, ароматное нерафинированное вымороженное","Sunflower oil ""Kubanochka"", fragrat unrefined frozen out",1 l,27.00,4607029050373,    
Укролия,Подсолнечное масло Диканька нерафинированное,"Sunflower oil ""Dikanka"", unrefined ",1 l,30.00,4820077081940,    
,СОУСЫ,SAUCES,WEIGHT,PRICE,BARCODE,    
Тещины рецепты,Соус Краснодарский домашний,Homemade tomato sauce,300g,16.00,4260099272085,    
Тещины рецепты,Соус Кухарский,"Sauce ""Kukharskij""",300g,16.00,4260099272078,    
Русский Стиль,Соус Грузинский,"Sauce ""Georgian""",300g,16.00,5901008045220,    
H&B,Хреновина соус острый с хреном,Hot tomatoe sauce with horseradish,300g,16.00,4260010122262,    
Kedainiu konservai,Хреновина томатный соус острый с хреном,Hot tomatoe sauce with horseradish,300g,15.00,4770583213840,    
Чумак,Соус Херсонський,"Sauce ""Hersonskij""",500g,20.00,4820001356298,    
Чумак,Соус Кухарський,"Sauce ""Kukharskij""",500g,15.00,4820001354409,    
Чумак,Соус Козацький з хроном,"Sauce ""Kazackij"" with horseradish",200g,10.00,4820156765709,    
Чумак,Соус Грузинський до мяса,"Sauce ""Georgian"" for meat",220g,16.00,4820001355383,    
Чумак,Соус Французький з гирчицею,"Sauce ""French"" with horseradish",200g,10.00,4820001354140,    
Едим дома,Соус Сацебели,"Sauce ""Sacebeli""",485g,20.00,4820015946980,    
,МАЙОНЕЗ,MAYONNAISE,WEIGHT,PRICE,BARCODE,    
Ильинский,Майонез классический,Classic mayonnaise,800ml,20.00,4683875202487,    
Ильинский,Майонез оливковый,Olive mayonnaise,400ml,19.00,4683875202432,    
Махеевь,Майонез провансаль,"Mayonnaise ""Provencal""",770g,37.00,4604248002664,    
Махеевь,Майонез провансаль,"Mayonnaise ""Provencal""",380g,20.00,4604248000196,    
Махеевь,Майонез с перепелиным яйцом,Mayonnaise with quail eggs,380g,23.00,4604248003081,    
Махеевь,Майонез оливковый,Olive mayonnaise,400ml,20.00,4604248000844,    
Махеевь,Майонез сметанный,Sour cream mayonnaise,770g,37.00,4604248014124,    
,КЕТЧУП/ ТОМАТНАЯ ПАСТА,KETCHUP/ TOMATOE PUREE,WEIGHT,PRICE,BARCODE,    
Чумак,Кетчуп томатный,Tomato ketchup,300g,10.00,4820001352979,    
Чумак,Кетчуп томатный,Tomato ketchup,450g,15.00,4820001357936,    
Чумак,Кетчуп чили,Spicy ketchup,300g,10.00,4820001355840,    
Чумак,"Паста томатна, 25%","Tomatoe puree, 25% ",70g,6.00,4820001352801,    
,АДЖИКА,ADJIKA,WEIGHT,PRICE,BARCODE,    
Тещины рецепты,Аджика пикантная,Savory adjika,300g,16.00,4260099272016,    
Тещины рецепты,Аджика острая с чесноком,Spicy adjika with garlic,300g,16.00,4260099272030,    
H&B,Аджика домашняя,Homemade adjika,550g,39.00,4260010127982,    
Deroni,Аджика домашняя,Homemade adjika,350g,16.00,3800740011116,    
,ХРЕН,HORSERADISH,WEIGHT,PRICE,BARCODE,    
Махеевь,Хрен столовый,Table horseradish,190g,12.00,4604248012601,    
Тещины рецепты,Хрен с красной свеклой,Horseradish with beetroot,180g,12.00,4260099272047,    
H&B,Хрен со свеклой,Horseradish with beetroot,180g,12.00,5906245444546,    
H&B,Хрен крепкий,"Horseradish, strong",180g,12.00,5906245444539,    
,ЛЕЧО,LECHO,WEIGHT,PRICE,BARCODE,    
Сядко,Лечо по болгарски,Bulgarian lecho,680g,18.00,4260305240198,    
,ПРИПРАВА,SEASONING,WEIGHT,PRICE,BARCODE,    
Avokado,Приправа Азербайджанская,Azerbaijan seasoning,210g,22.00,8595012061184,    
Avokado,Приправа для шашлыка,Seasoning for shashlik,179g,22.00,8595012061160,    
Avokado,Приправа Грузинская,Georgian seasoning,170g,22.00,8595012061191,    
Avokado,Приправа Армянская,Armenian seasoning,170g,22.00,8595012061177,    
Avokado,Приправа для рыбы,Seasoning for fish,200g,22.00,8595012061061,    
Avokado,Приправа аппетитная,Appetizing seasoning,220g,22.00,8595012061122,    
Alex produkte,Лавровый лист,Bay leaf,50g,15.00,40100630,    
Alex produkte,Кинза сушёная,Dried cilantro,30g,12.00,40120171,    
Alex produkte,Кинза кориандер целый,"Cilantro coriander, whole",100g,12.00,40120140,    
Alex produkte,Имбирь,Ginger,75g,15.00,40500850,    
Alex produkte,Чиа семена,Chia seeds,200g,39.00,40500935,    
Alex produkte,"Перец душистый, горошек","Allspice, peas",50g,15.00,40000251,    
Alex produkte,Чеснок гранулированный,Granulated garlic,50g,12.00,40100579,    
Alex produkte,Чабрец садовый,Garden thyme,50g,15.00,40100692,    
Alex produkte,Черемша Джусай,Ramson Dzhusay,30g,20.00,41100691,    
Alex produkte,Корица молотая,Powered cinnamon,100g,20.00,40101200,    
Alex produkte,Хмели сунели,Hops suneli,75g,12.00,40880624,    
Alex produkte,Тмин чёрный цельный,Cumin black solid,75g,15.00,40193403,    
Alex produkte,Мята перечная ,Peppermint,50g,15.00,40500058,    
Alex produkte,Вегета универсальная приправа,Vegeta universal seasoning,250g,20.00,40103327,    
Alex produkte,Приправа для малосольных огурчиков,Seasoning for pickled cucumbers,50g,15.00,40500317,    
Alex produkte,Приправа для жарки рыбы,Seasoning for frying fish,100g,15.00,40990644,    
Alex produkte,Крапива двудомная,Urtica dioca,50g,15.00,40500478,    
Aroma bona,Семечки подсолнуха (очищеные),Sunflower Seeds (peeled),500g,20.00,4779022488856,    
Aroma bona,Приправа для пельменей,Seasoning for ravioli,25g,5.00,4779022481130,    
Aroma bona,Приправа для борща,Seasoning for borsch,25g,5.00,4779022482960,    
Aroma bona,Приправа для плова,Seasoning for pilaf,25g,5.00,4779022481093,    
Aroma bona,Приправа для моркови по-корейски,Seasoning for carrot in Korean,25g,5.00,4779022480959,    
Беларуськалий,Соль каменная поваренная пищевая,Common edible rock salt,1kg,9.00,4811005000201,    
Мозырьсоль,Соль поваренная пищевая,Table salt,1kg,9.00,4810023000149,    
Мозырьсоль,Соль йодированная поваренная пищевая,Iodized salt,1kg,9.00,4810023000156,    
,ЧАЙ/ КОФЕ,TEA/ COFFEE,WEIGHT,PRICE,BARCODE,    
Майский,"Чай ""Отборный Цейлон""","Tea 'Choice Ceylon """,100g,29.00,4607051151321,    
,"Чай ""Отборный Цейлон""","Tea 'Choice Ceylon """,50g,18.00,4607051151345,    
Майский,"Чай ""Отборный Цейлон"" (25 пакетиков)","Tea 'Choice Ceylon "" (25 pcs)",50g,18.00,4607051151345,    
Принцесса Нури,"Чай ""Высокогорый"" листовый","Tea ""Highlands"" sheet",250g,28.00,4605246002441,    
Принцесса Нури,Чай Высокогорный (в пакетиках),Highland Tea (in tea bags),200g,45.00,4605246002014,    
Принцесса Нури,Чай отборный,Tea choice,200g,45.00,4605246003271,    
Принцесса Ява,"Чай ""Жасмин"".Китайский зелёный чай с ароматом жасмина","Tea ""Jasmine"". Chinese green tea with jasmine",100g,20.00,4605246001888,    
Seve,Растворимый цикорий с черникой (порошок),Soluble chicory with bilberry (powder),100g,30.00,4740506100380,    
,СГУШЁННОЕ МОЛОКО,CONDENSED MILK,WEIGHT,PRICE,BARCODE,    
Ваш продукт,Молоко сгушённое варёное,Boiled condensed milk,397g,22.00,4260352190507,    
,Молоко сгушённое,Condensed milk,397g,17.00,4260244871224,    
,Молоко сгущенное цельное Ромашка,Condensed milk,397g,17.00,5906245444676,    
Leon GmbH,Молоко сгущенное Леонка цельное с сахаром,"Condensed milk ""Leonka"" with sugar",397g,17.00,4260127122283,    
Ностальгия,Карамелизированный сгущенный молочный продукт с сахаром,Caramelized condensed milk products with sugar,397g,17.00,4771173209458,    
,Сгущенка,Condensed milk,250g,15.00,4740502002176,    
,Сгущенное молоко с сахаром и какао,Condensed milk with sugar and cocoa,250g,17.00,4740502020392,    
,Сгущенное молоко с сахаром,Sweetened condensed milk,250g,15.00,4740502002084,    
,ВАРЕНЬЕ/ ДЖЕМ,JAM,WEIGHT,PRICE,BARCODE,    
Тещины рецепты,Варенье из клубники домашнее,Homemade strawberry jam,340g,20.00,4260099275567,    
Ратибор,Варенье клюква,Cranberry jam,400g,29.00,4601842001994,    
От Маруси,Варенье из зеленых грецких орехов,Jam made from green walnuts,680g,39.00,4840022002288,    
ALCOHOL DRINKS,,,,,,    
,ПИВО,BEER (pant price is NOT included),LITERS,PRICE,BARCODE,    
Baltika Breweries,"Пиво BALTIKA EXPORT NO 7 5,4% alk","Beer BALTIKA EXPORT NO 7 5,4% alc",1l,17.00,4600682001522,    
,ВОДКА,VODKA,LITERS,PRICE,BARCODE,    
Белалко,Водка Дикая Утка Особая (Wild Duck Vodka – special),"Vodka ""Дикая Утка Особая"" (""Wild Duck Special"")","0,7l",150.00,4810030009500,    
Белалко,Водка Дикая Утка (Wild Duck Vodka),"Vodka ""Дикая Утка"" (""Wild Duck"")","0,7l",140.00,4810030009494,    
,Водка Русский Стандарт Platinum (Russian Standard Vodka – Platinum),"Vodka ""Русский Стандарт Platinum"" (""Russian Standart Platinum"")","0,7l",150.00,4603400000180,    
,Водка Русский Стандарт Gold (Russian Standard Vodka – Gold),"Vodka ""Русский Стандарт Gold"" (""Russian Standart Gold"")","0,7l",135.00,4603400001026,    
,Водка Русский Стандарт,"Vodka ""Русский Стандарт""",0.7l,125.00,4603400000043,    
Topaz Distillery,Водка Зелёная Марка (Green Mark Vodka),"Vodka ""Зелёная Марка"" (""Green Mark Vodka"")","1,0l",150.00,4600893900812,    
,БРЕНДИ,BRANDY,LITERS,PRICE,BARCODE,    
Yerevan Brandy Company,Бренди ARARAT 3-ёхлетний,Ararat – 3 years,"0,5l",140.00,4850001001904,    
Yerevan Brandy Company,Бренди ARARAT 5-илетний,Ararat – 5 years,"0,5l",150.00,4850001001935,    
Yerevan Brandy Company,Бренди ARARAT 6-илетний,Ararat – 6 years,"0,5l",160.00,4850001001966,    
Yerevan Brandy Company,Бренди ARARAT 10-илетний,Ararat – 10 years,"0,5l",200.00,4850001002024,    
Yerevan Brandy Company,Бренди ARARAT 10-илетний Reserve,Ararat – 10 years Reserve,0.5l,799.00,,    
Yerevan Brandy Company,Бренди ARARAT 20-илетний,Ararat – 20 years,0.5l,499.00,,    
,ВИНО (КРАСНОЕ),WINE (RED),LITERS,PRICE,BARCODE,    
Armenia,"Красное вино, сухое, 2011, 12.5% алк (Армения)","Red wine, dry,  2011, 12.5% alc (Armenia)",0.75,85.00,4850008150094,    
Marani,"Красное вино Kindzmarauli, 2014, 11.5% алк (Грузия)","Red wine Kindzmarauli, 2014, 11.5% alc (Georgia)",0.75,89.00,4867616020091,    
Marani,"Красное вино Saperavi, сухое, 13.5% алк (Грузия)","Red wine Saperavi, dry, 13.5% alc (Georgia)",0.75,72.00,4867616020053,    
Marani,"Красное вино Telavuri, сухое, 12.5% алк (Грузия)","Red wine Telavuri, dry, 12.5% alc (Georgia)",0.75,59.00,4867616060400,    
Marani,"Красное вино Satrapezo saperavi, сухое, 2013, 14.5% алк (Грузия)","Red wine Satrapezo Saperavi, dry, 2013, 14.5% alc (Georgia)",0.75,189.00,4867616080347,    
Marani,"Красное вино Saperavi, сухое, 14.5% алк (Грузия)","Red wine Saperavi, dry, 14.5% alc (Georgia)",0.75,89.00,4867616020657,    
Marani,"Красное вино Khvanchkara, полу- сладкое, 2014, 11.5% алк (Грузия)","Red wine Khvanchkara, medium sweet, 2014, 11.5% alc (Georgia)",0.75,89.00,4867616020244,    
,ВИНО (РОЗОВОЕ),WINE (ROSE),LITERS,PRICE,BARCODE,    
Marani,"Розовое вино Saperavi Rose, сухое, 12.5% алк (Грузия)","Rose wine Saperavi Rose, dry, 12.5% alc (Georgia)",0.75,75.00,4867616020343,    
,ВИНО (БЕЛОЕ),WINE (WHITE),LITERS,PRICE,BARCODE,    
Armenia,"Белое вино, сухое, 2012, 14% алк (Армения)","White wine, dry, 2012, 14% alc (Armenia)",0.75,85.00,4850008150100,    
Marani,"Белое вино Kondoli Mtsvane- kisi, 2013, 13.5% алк (Грузия)","White wine Kondolo Mtsvane- kisi, 2013, 13.5% alc (Georgia)",0.75,95.00,4867616100045,    
Marani,"Белое вино Mtsvane, сухое, 12.5% алк (Грузия)","White wine Mtsvane, dry, 12.5% alc (Georgia)",0.75,65.00,4867616020220,    
Marani,"Белое вино Telavuri, сухое, 12.5% алк (Грузия)","White wine Telavuri, dry, 12.5% alc (Georgia)",0.75,57.00,4867616060370,    
NON ALCOHOL DRINKS,,,,,,    
,НАПИТКИ,DRINKS (pant price is NOT included),LITERS,PRICE,BARCODE,    
Садочок,Яблоко клюква черхоплодная рябина,Apple-Cranberry-Chokeberry juice drink,"0,95l",15.00,4823063110051,    
Напитки из Черноголовки,Напиток безалкогольный – Тархун,Soft drink - Tarhun,"1,0l",17.00,4602441000081,    
Напитки из Черноголовки,Напиток безалкогольный – Байкал,Soft drink - Baikal,"1,0l",17.00,4602441000067,    
Напитки из Черноголовки,Напиток безалкогольный – Дюшец,Soft drink - Dyushets,"1,0l",17.00,4602441000609,    
Напитки из Черноголовки,Напиток безалкогольный – Крюшон,Soft drink - Krushon,"1,0l",17.00,4602441011339,    
,СОК,JUICE,LITERS,PRICE,BARCODE,    
,Сок гранатовый (азербайджанский гранат),Pomegranate juics (Azerbaijani pomegranate),1 l,35.00,4620755450040,    
,КВАС,KVASS (pant price is NOT included),LITERS,PRICE,BARCODE,    
Ochakovo,"Квас ""Очаковский"" ",Kvass Ochakovskiy,2 l,27.00,4600068009043,    
Ochakovo,"Квас ""Очаковский"" ",Kvass Ochakovskiy,1 L,,4600068009005,    
BORODINSKIJ,Квас (напиток),Kvass drink,3L,32.00,4750099523404,    
GUTTA,"""Rigas"" квас","""Rigas"" kvass","0,5L",11.50,4750009942424,    
GUTTA,"""Rigas"" квас (напиток)","""Rigas"" kvass (drink)",1.5l,17.00,4750009913455,    
CIDO grupa,"Квас ""Livu"" (нефильтрованный)",Livu kvass (unfiltered),1.5L,17.00,4750132002101,    
CIDO grupa,Квас,Kvass ,"1,5L",17.00,4750042201441,    
IĻĢUCIEMS,"Напиток ""Здоровье""","Drink ""Health""","1,5L",17.00,,    
IĻĢUCIEMS,Квас,Kvass,500ml,11.50,4750239577717,    
IĻĢUCIEMS,"Квас ""Iļģuciems""","Kvass ""Iļģuciems""","1,5L",17.00,4750239577724,    
ULMAŅLAIKU,Квас,Kvass,"1,5L",15.00,4750142105137,    
ULMAŅLAIKU KVASS,Квас,Kvass,568ml,11.50,4750142105281,    
Švyturys,Квас,Kvass in tin “Salyklo” ,0.5,11.00,4770349225780,    
Gubernija,Хлебный квас,Bread Kvass in tin ,0.5,12.00,4770395222061,    
Gubernija,Хлебный квас,Bread Kvass in glass,0.33,11.00,4770395222047,    
Gubernija,"Квас ""Rugile""","Kvass ""Rugile"" in plastic bottle ",1.5,17.00,4770395226694,    
Gubernija,"Квас ""Rugile""","Kvass ""Rugile"" in plastic bottle",0.75,"12,50",4770395226700,    
Volfas Engelman,Квас,Kvass,"1,5",17.00,4770301221621,    
FROZEN PRODUCTS,,,,,,    
,ПЕЛЬМЕНИ,,WEIGHT,PRICE,BARCODE,    
Best Time,"Пельмени ""Сибирские""",Siberian dumplings,1000g,57.00,4250239103645,    
Best Time,"Пельмени ""Домашние""",Homemade dumplings,1000g,57.00,4250239103638,    
UVIC,"Пельмени ""Иван"" казанские без свинины","Kazan dumplings ""Ivan"" without pork",500g,30.00,4740223001595,    
UVIC,"Пельмени ""Иван"" рязанские","Ryazan dumplings ""Ivan""",500g,30.00,4740223001540,    
UVIC,"Пельмени ""Иван"" полтавские с чесноком","Poltava dumplings ""Ivan"" with garlic",500g,30.00,4740223001502,    
UVIC,"Пельмени ""Иван"" рязанские","Ryazan dumplings ""Ivan""",2000 g (2kg),90.00,4740223001441,    
JUDEX,"Пельмени ""Сказка""","Dumplings ""Fairy Tale""",800g,45.00,4770274485235,    
Judex,"Пельмени с мясом ""Dzūkų"" ","""Dzūkų"" dumplings with meat",400g,27.00,,    
Judex,Пельмени с куриным мясом,Dumplings with chicken meat,500g,30.00,4770274485105,    
Judex,Пельмени с говядиной,Dumplings stuffed with beef,1 kg,57.00,4770274194229,    
Judex,"Пельмени ""Пикантные""",Piquant dumplings,500g,35.00,,    
Judex,"Пельмени ""Деревенские"" с мясом",Rustic dumplings stuffed with meat,1 kg,45.00,4770274193604,    
Judex,"Пельмени ""Каунас""","Dumplings ""Kaunas""",500g,30.00,,    
Judex,"Пельмени ""Дворянские""","Dumplings ""Nobility""",400g,30.00,,    
Judex,"Пельмени ""Студент""","Dumplings ""Student's""",1 kg,45.00,4770274191334,    
Judex,"Пельмени ""Бабушкины""","Dumplings ""Grandmother's""",300g,22.00,,    
Judex,"Пельмени ""Сибирские""","Dumplings ""Siberian""",500g,30.00,4770274483477,    
Judex,"Пельмени ""Сибирские""","Dumplings ""Siberian""",2 kg ,110.00,4770274483484,    
Judex,"Пельмени ""Традиционные"" с куринным мясом",Traditional dumplings stuffed with chicken meat,500g,30.00,4770274483415,    
Judex,"Пельмени ""Украинские"" с говядиной и свининой",Ukrainian dumplings stuffed with beff and pork meat,500g,30.00,4770274483392,    
Judex,"Пельмени ""Деревенские"" с куринным мясом",Rustic dumplings stuffed with chicken meat,500g,30.00,4770274482531,    
Judex,"Сибирские пельмени ""Ванька""","Siberian dumplings ""Vanka""",2 kg ,110.00,4770274482647,    
Judex,Пельмени со свининой,Dumplings with pork,1.75 kg,100.00,4770274484283,    
Judex,"Пельмени ""Мама"" с мясом","Dumplings ""Mother"" stuffed with meat","1,75 kg",90.00,4770274483972,    
Judex,"Пельмени ""Люкс"" со свининой ","Dumplings ""Liux"" with pork stuffing","1,75 kg",90.00,4770274484283,    
Judex,"Пельмени ""Украинские""","Dumplings ""Uralsky""",500g,30.00,,    
Judex,"Пельмени ""Сибирские""","Dumplings ""Sibirsky""",400g,27.00,4770274482999,    
Judex,"Пельмени ""Русские""","Dumplings ""Russian""",400g,27.00,4770274482975,    
Judex,"Пельмени ""Юбилейные"" со свининой","Dumplings ""Commemorative"" with pork","0,5",35.00,4770274485099,    
Judex,"Пельмени ""Элитные"" с годядиной и куриным мясом","Dumplings ""Elit"" with beef and chicken",1 kg,100.00,4770274484382,    
Judex,"Пельмени ""Графские"" с куриным мясом","Dumplings ""Counts"" with chicken",1 kg,100.00,4770274484320,    
Judex,"Пельмени ""Застольные""",Dumplings ,1 kg,100.00,4770274485129,    
Judex,"Пельмени ""Родина""",Homeland dumplings,500g,20.00,4770274192188,    
Judex,"Пельмени ""Сказка""","Dumplings ""Fairy Tale""",800g,45.00,4770274485235,    
Viči,ТРАДИЦИОННЫЕ. Пельмени с говядиной,"TRADITIONAL. Dumplings with beef, cooked, frozen",400g,35.00,4770190077835,    
Viči,"СОВРЕМЕННЫЙ СТИЛЬ. Пельмени с куринным мясом, сыром и боровиками","MODERN STYLE. Dumplings with chicken, cheese and boletus mushrooms, pre-cooked, frozen",400g,30.00,4770190077873,    
Viči,СОВРЕМЕННЫЙ СТИЛЬ. Пельмени с лососем,"MODERN STYLE. Dumplings with salmon, frozen",400g,30.00,4770190077859,    
Viči,СОВРЕМЕННЫЙ СТИЛЬ. Пельмени с острыми овощами,"ASIAN STYLE. Dumplings with spicy vegetables, pre-cooked, frozen",400g,30.00,4770190078719,    
Viči,СОВРЕМЕННЫЙ СТИЛЬ. Пельмени с овощами,"ASIAN STYLE. Dumplings with vegetables, pre-cooked, frozen",400g,35.00,4770190078702,    
Viči,СОВРЕМЕННЫЙ СТИЛЬ. Пельмени с овощами и свининой,ASIAN STYLE. Dumplings with vegetables and pork,400g,30.00,4770190078726,    
Viči,Пельмени со свининой,Dumplings with pork meat,400g,30.00,,    
Viči,Пельмени со свининой и овощами,Dumplings with pork and vegetables,400g,35.00,,    
Viči,Пельмени с творогом,Dumplings with cottage cheese,300g,25.00,,    
Viči,"Пельмени с куриным мясом и черными грибами ""Фунгус""","Dumplings with chicken and black mushrooms ""Fungus""",400g,40.00,4770190092951,    
Viči,Пельмени с лососем и сыром,Dumplings with salmon and cheese,400g,40.00,,    
Liūtukas ir Ko,Пельмени с бараниной,Dumplings with lamb filling,700g,30.00,4770090195530,    
Liūtukas ir Ko,Домашние пельмени с мясом,Poultry dumplings stuffed with meat,500g,18.00,4770090192010,    
Liūtukas ir Ko,Пельмени с мясом,Particular dumplings stuffed with meat,700g,25.00,4770090192881,    
Liūtukas ir Ko,Королевские пельмени с мясом,Royal dumplings stuffed with meat,800g,35.00,4770090192775,    
Liūtukas ir Ko,"Пельмени ""Сим Сим"" с индюшатиной","Dumplings ""Sim Sim"" with turkey",400g,19.00,4770090196629,    
Liūtukas ir Ko,"Пельмени ""Богатырские""","Dumplings ""Heroic""",800g,32.00,4770090193437,    
Liūtukas ir Ko,"Пельмени ""Родина"" с мясом","Dumplings ""Homeland"" stuffed with meat",1 kg,30.00,4770090193550,    
Liūtukas ir Ko,"Пельмени ""XL"" с мясом",XL dumplings stuffed with meat,"1,5 kg",40.00,4770090194076,    
Liūtukas ir Ko,Экологические пельмени с говядиной,Organic dumplings stuffed with beef,400g,35.00,4770090194670,    
Liūtukas ir Ko,Экологические пельмени с картошкой,Organic dumplings stuffed with potatoes,400g,25.00,4770090194694,    
Liūtukas ir Ko,Экологические пельмени с творогом,Organic dumplings with cottage cheese,400g,35.00,4770090194687,    
Uvic,"Пельмени ""Иван"" с мясом и чесноком ","Dumplings ""Ivan"" with meat and garlic stuffing",500g,30.00,4740223001502,    
ARIOLS,Пельмени “Отто” с куриным мясом,"Dumplings ""Otto"" with chicken meat",400g,30.00,4750499004831,    
ARIOLS,"Пельмени ""Бамбино""","Dumplings ""Bambino""",1 kg,?,4750499002455,    
ARIOLS,"Пельмени ""Малыши""","Dumplings ""Babes""",400g,30.00,4750499002240,    
ARIOLS,"Пельмени ""Экспрессо""","Dumplings ""Ekspresso""",2kg,?,4750499001342,    
DAERS,"Пельмени ""Супер""","Dumplings ""Super""",2 kg,?,4751000805510,    
DAERS,"Пельмени ""Сибирские""","Dumplings ""Sibirian""","2,5 kg",?,4751000800171,    
,ВАРЕНИКИ,SWEET DUMPLINGS,WEIGHT,PRICE,BARCODE,    
UVIC,Иван – Вареники казанские с творогом,"Kazan dumplings ""Ivan"" with cottage cheese",500g,25.00,4740223001571,    
UVIC,Иван – Вареники рязанские с картошкой и грибами,"Ryazan dumplings ""Ivan"" with potatoes and mushrooms",500g,25.00,4740223001786,    
UVIC,Иван – Вареники кубанские с вишней,"Kuban dumplings ""Ivan"" with cherries",500g,25.00,4740223001717,    
JUDEX,Вареники с творогом и изюмом,Dumplings with cottage cheese and raisins,500g,30.00,4770274484610,    
,Вареники Елисей с картофелем и грибами,Dumplings with potatoes and mushrooms,500g,30.00,4750499003650,    
,КРАБОВЫЕ ПАЛОЧКИ,CRAB STICKS,WEIGHT,PRICE,BARCODE,    
Эконом маркет,Крабовые палочки ,Crab sticks,100g,10.00,4810168002749,    
Санта Бремор,Крабовые палочки (замороженные),Crab sticks (frozen),200g,20.00,4810168001933,    
Viči,Крабовые палочки Classic,"Classic. Crab taste sticks (from surimi, fast frozen)",100g,9.00,4770190036085,    
Viči,Крабовые палочки Classic,"Classic. Crab taste sticks (from surimi, fast frozen)",240g,20.00,4770190036108,    
Viči,Крабовые палочки,Crab sticks,300g,29.00,4770190037082,    
Viči,Крабовые палочки,Crab sticks,150g,18.00,4770190036115,    
,ГРИБЫ,MUSHROOMS,WEIGHT,PRICE,BARCODE,    
Вологодская ягода,"Смесь лесных грибов ""Грибноe лукошко""","A mixture of wild mushrooms ""Mushroom basket""",300g,40.00,4607072907310,    
Вологодская ягода,"Смесь лесных грибов, резаные ","A mixture of wild mushrooms, sliced",300g,40.00,4607072901516,    
Вологодская ягода,Грибы белые ,White mushrooms,300g,69.00,4607072901202,    
,ЯГОДЫ,BERRIES,WEIGHT,PRICE,BARCODE,    
Вологодская ягода,Брусника ,cowberry,300g,32.00,4607072901158,    
Вологодская ягода,Клюква садовая,Cranberry garden,300g,27.00,4607072903275,    
Вологодская ягода,Облепиха,Sea buckthorn,300g,40.00,4607072900151,    
,ТОРТЫ/ ПИРОЖНОЕ,CAKES,WEIGHT,PRICE,BARCODE,    
Roshen,"Торт ""Золотые ворота""","Cake ""Golden Gate""",500g,90.00,4823077612350,    
Roshen,"Торт ""Капучино""","Cake ""Cappuccino""",500g,90.00,4823005308430,    
Roshen,"Торт ""Киевский""","Cake ""Kiev""",500g,90.00,4823005302797,    
Roshen,"Торт ""Киевский""","Cake ""Kiev""",1 kg,170.00,,    
Roshen,"Торт ""Cremolino""","Cake ""Cremolino""",1 kg,140.00,4823077611889,    
Roshen,"Торт ""Chocolissimo""","Cake ""Chocolissimo""",1 kg,140.00,4823077611872,    
ЛюксТорт,"Торт ""Аркадия""","Cake ""Arcadia""",1 kg,140.00,4823007009854,    
Mirel,"Торт ""Крем- брюле""","Cake ""Cream- brulee""",750g,85.00,4607029340986,    
Mirel,"Торт ""Снежность""","Cake ""Snezhnost""",800g,140.00,4607029348197,    
Mirel,"Торт ""Прага""","Cake ""Prague""",600g,105.00,4660011130019,    
Mirel,"Торт ""Долче Вишня""","Cake ""Dolce Cherry""",850g,115.00,4607029343307,    
Mirel,"Торт ""3 Schokoladen""","Cake ""3 Schokoladen""",900g,150.00,,    
Mirel,"Пирожное ""Муравейник""","Cake ""Anthill""",420g,50.00,4607029348166,    
VH,"Торт ""Киевский""","Cake ""Kiev""",800g,140.00,,    
VH,"Торт ""Коровка""","Cake ""Cow""",600g,55.00,,    
VH,"Торт ""Наполеон""","Cake ""Napoleon""",500g,45.00,,    
VH,"Торт ""Волшебный ключик""","Cake ""Magic Key""",550g,75.00,,    
VH,"Торт ""Пломбирный""","Cake ""Plombirny""",950g,110.00,,    
VH,"Торт ""Труфалдино""","Cake ""Trufaldino""",600g,75.00,,    
VH,"Торт ""Грильяжный""","Cake ""Roasting""",800g,120.00,,    
VH,"Торт ""Зорепад""","Cake ""Zorepad""",,110.00,,    
VH,"Торт ""Медовый""",Honey cake,700g,60.00,,    
VH,"Торт ""Медовый Premium""",Premium Honey Cake,600g,55.00,,    
Усладов,Тирамису,Tiramisu,750g,100.00,4660011131054,    
Усладов,"Бисквитный торт ""Латте""","Sponge cake ""Latte""",450g,50.00,4820060763877,    
Усладов,"Торт ""Медовый""",Honey Cake,600g,55.00,4820060764621,    
,"Торт ""Перекладец"" с черносливом и орехами","Cake ""Perekladets"" with prunes and nuts",1.1 kg,110.00,,    
MILK PRODUCTS,,,,,,    
,ТВОРОГ,COTTAGE CHEESE,WEIGHT,PRICE,BARCODE,    
Н&В,Бабушкин творог полужирный – 15%,"""Grandmother's"" cottage cheese, 15%",470g,27.00,2702584004709,    
Н&В,Бабушкин творог жирный – 30%,"""Grandmother's"" cottage cheese, 30%",470g,28.00,2702586004707,    
Ole,Творог деревенский- 30%,"Rustic cottage cheese, 30%",470g,29.00,5903565000827,    
Ole,Творог деревенский- 15%,"Rustic cottage cheese, 15%",470g,27.00,5903565000834,    
Pieno žvaigždės,"Творог ""DVARO"", 0.5%","Cottage cheese ""DVARO"", 0.5%",250g,16.00,4770265046698,    
Pieno žvaigždės,"Творог ""DVARO"", 9%","Cottage cheese ""DVARO"", 9%",250g,16.00,4770265046681,    
Pieno žvaigždės,"Творог ""DVARO"", 15%","Cottage cheese ""DVARO"", 15%",250g,20.00,4770265046674,    
Pieno žvaigždės,"Творог ""SVALIA"", 0.5%","Cottage cheese ""Svalia"", 0.5%",250g,16.00,4770265046667,    
Pieno žvaigždės,"Творог ""SVALIA"", 9%","Cottage cheese ""Svalia"", 9%",250g,16.00,,    
Pieno žvaigždės,"Творог ""SVALIA"", 15%","Cottage cheese ""Svalia"", 15%",250g,20.00,4770265046643,    
JAUNPILS PIENOTAVA,"Творог, 0.5%","Cottage cheese, 0.5%",275g,16.00,4751004060038,    
JAUNPILS PIENOTAVA,"Творог, 0.5%","Cottage cheese, 0.5%",600g,30.00,4751004060601,    
JAUNPILS PIENOTAVA,"Творог, 9%","Cottage cheese, 9%",275g,16.00,4751004060021,    
JAUNPILS PIENOTAVA,"Творог, 9%","Cottage cheese, 9%",600g,30.00,4751004060595,    
JAUNPILS PIENOTAVA,"Творог, 15%","Cottage cheese, 15%",275g,16.00,4751004060625,    
JAUNPILS PIENOTAVA,"Творог, 15%","Cottage cheese, 15%",600g,30.00,47510040606332,    
,КЕФИР,KEFIR,WEIGHT,PRICE,BARCODE,    
Лучший выбор,"Кефир настоящий, 2%","Kefir, 2%",1 L,20.00,4260010128729,    
Лучший выбор,"Кефир настоящий, 3.5%","Kefir, 2%",330g,12.00,4260010128163,    
Лучшее из деревни,Кефир Кавказский домашний ,Homemade Caucasian kefir,600g,20.00,4260010129368,    
Pieno žvaigždės,"Кефир „Žemaitijos“, 2.5%","Kefir ""Zemaitijos"", 2.5%",500g,10.00,4770299042017,    
Pieno žvaigždės,"Кефир „Žemaitijos“, 2.5%","Kefir ""Zemaitijos"", 2.5%",1 L,16.00,4770299042086,    
Pieno žvaigždės,"Кефир “Dvaro”, 3,2%","Kefir ""Dvaro"", 3.2%",1L,15.00,4770265042911,    
Pieno žvaigždės,"Кефир “Dvaro”, 3,2%","Kefir ""Dvaro"", 3.2%",500ml,10.00,4770265047206,    
Baltais,"Кефир, 2%",Kefir 2%,1 kg,12.00,4750072020227,    
,РЯЖЕНКА,RYAZHENKA,WEIGHT,PRICE,BARCODE,    
Лучший выбор,"Ряженка, 3.5%","Ryazhenka, 3.5%",330g,12.00,4260010128170,    
Pieno žvaigždės,Ряженка,Ryazhenka,500g,12.00,4770265042775,    
Annele,"Ряженка, 3.2%","Ryazhenka, 3.2%",500g,12.00,4770265043987,    
,СМЕТАНА,SOUR CREAM,WEIGHT,PRICE,BARCODE,    
Молочная страна,"Сметана деревенская, 18%","Rustic sour cream, 18%",200g,9.00,5906245444591,    
,МОЛОЧНЫЕ НАПИТКИ,MILK DRINKS,WEIGHT,PRICE,BARCODE,    
Сваля,Банановый молочный напиток Мяу,"Banana milk drink ""Meow""",250 ml,8.00,4770237041386,    
Сваля,Банановый молочный напиток Мяу,"Banana milk drink ""Meow""",450 ml,12.00,4770237041010,    
Сваля,Клубничный молочный напиток Мяу,"Strawberry milk drink ""Meow""",450 ml,12.00,4770237041034,    
Сваля,Шоколадный молочный напиток Мяу,"Chocolate milk drink ""Meow""",250 ml,8.00,4770237041393,    
Сваля,Шоколадный молочный напиток Мяу,"Chocolate milk drink ""Meow""",450ml,12.00,4770237041126,    
MEAT PRODUCTS,,,,,,    
,ВАРЕННАЯ КОНЧЕНАЯ,SMOKED SAUSAGE,WEIGHT,PRICE,BARCODE,    
,"Колбаса ""Серый Олень""","Sausage ""Grey Deer""",,200.00,,    
,"Колбаса ""Юбилейная""","Sausage ""Anniversary""",,250.00,,    
KELLER,"Колбаса ""Одесская""","Sausage ""Odessa""",~500g,90.00,,    
Delikates,Для гурманов,For gourmets,~300g,150.00,2405856902,    
,КОЛБАСА ВАРЕНАЯ,COOKED SAUSAGE,WEIGHT,PRICE,BARCODE,    
Дымовские колбасы ,"Колбаса вареная ""Любительская""","Cooked sausage ""Amateur""",380g,25.00,4260130031213,    
Дымовские колбасы ,"Колбаса варенная ""Докторская""","Cooked sausage ""Doctorskaya""",380g,25.00,4260130031398,    
Дымовские колбасы ,"Колбаса варенная ""Молочная""","Cooked sausages ""Dairy""",380g,25.00,4260130031404,    
,СОСИСКИ,SAUSAGES,WEIGHT,PRICE,BARCODE,    
Советский стандарт,Сосиски сливочные ,Sausages,300g,20.00,4770058000319,    
,МЯСНЫЕ ДЕЛИКАТЕСЫ,DELI MEATS,WEIGHT,PRICE,BARCODE,    
Советский стандарт,Ушки свиные копченные,Smoked pork ears,~ 1kg,85,2610010008,    
Советский стандарт,Щечки свиные конченные,Smoked pork cheeks,~ 1kg,75,2610016009,    
Дымовские колбасы ,Грудинка столичная,"Breast ""Capital""",~400g,100,2619050002,    
Дымовские колбасы ,Казы на ребре казахские,Kazakh kazy on the ribs,~500g,130,2619002004,    
,САЛО,FAT,WEIGHT,PRICE,BARCODE,    
Дымовские колбасы ,Сало Сибирское бочковое,Siberian draught fat,~300g,100.00,2610122002,    
Дымовские колбасы ,Сало с чесноком От Ивана,"Fat with garlic ""From Ivan""",~400g,90.00,2610126003,    
FISH PRODUCTS,,,,,,    
,РЫБНЫЕ КОНСЕРВЫ,FISH IN CAN,WEIGHT,PRICE,BARCODE,    
Lemberg Fisch,"Лосось, горбушка","Salmon, rump",70g,25.00,2800077000709,    
Saldus galaskombinats,Сельдь натуральная с добавлениями масла,Herring natural with oil,240g,?,4750398900159,    
Saldus galaskombinats,Килька обжаренная в масле,Sprat fried in oil,240g,?,4750398642240,    
Bribais Vilnis,Крупные шпроты в масле,Large sprats in oil,240g,21.00,4750616001668,    
Bribais Vilnis,Сардина натуральная с добавлениями масла,Sardine natural with oil,240g,?,4750616000432,    
Bribais Vilnis,Сардина в томатном соусе,Sardines in tomato sauce,240g,?,4750616000401,    
Либава,Карп в желейной заливке,Carp in jelly filling,180g,23.00,4750571003301,    
Либава,Шпроты в масле,Sprats in oil,240g,?,4750571000348,    
Либава,Большые шпроты в масле,Large sprats in oil,240g,?,4750571000508,    
Либава,"Скумбрия Атлантическая, натуральная с добавлениями масла","Atlantic mackerel, natural with oil",240g,?,4750571000775,    
,РЫБА В СТЕКЛЯНОЙ БАНКЕ,FISH IN GLASS,WEIGHT,PRICE,BARCODE,    
Наши,Рыба копченая в масле,Smoked fish in oil,250g,25.00,5200345505252,    
AMBERFISH,"Шпроты Сказка ""Золотистые шпроты""","Sprat ""Golden sprats""",250g,27.00,4751005703569,    
,РЫБНЫЙ ПАШТЕТ,FISH PATE,WEIGHT,PRICE,BARCODE,    
Bribais Vilnis,Паштет шпротный,Sprat pate,160g,21.00,4750616000463,    
,ИКРИНКА/ ИКРА,CAVIAR,WEIGHT,PRICE,BARCODE,    
Санта Бремор,Икринка No1 классическая,"""Ikrinka No1"" classic",160g,20.00,4810168008253,    
Санта Бремор,Икринка No2 с копченым лососем,"""Ikrinka No2"" with smoked salmon",160g,20.00,4810168008246,    
Санта Бремор,"""Икрима"" икра мойвы с копченым лососем","Capelin caviar ""Ikrima"" with smoked salmon",165g,25.00,4810168030940,    
Санта Бремор,"""Икрима"" икра мойвы подкопченная ","Smoked capelin caviar ""Ikrima""",165g,25.00,4810168030933,    
,СЕЛЬДЬ,HERRING,WEIGHT,PRICE,BARCODE,    
Санта Бремор,"Филе сельди ""Матиас"" приправы","Herring fillet ""Mathias"" with seasoning",250g,27.00,4810168000066,    
Санта Бремор,"Филе сельди ""Матиас"" прованс","Herring fillet ""Mathias"" provence",250g,27.00,4810168002220,    
Санта Бремор,"Филе сельди ""Матиас"" аромат дыма","Herring fillet ""Mathias"" with smoke flavor",250g,27.00,4810168000103,    
Санта Бремор,"Филе сельди ""Матиас"" свежая зелень","Herring fillet ""Mathias"" with fresh greens",250g,27.00,4810168010607,    
Санта Бремор,"Филе сельди ""Матиас"" оригинал","Herring fillet ""Mathias"" original",250g,27.00,4810168000011,    
Elanders,"Сельдь филе ""МАТЬЕ"" в рапсовом масле ","Herring fillet ""Matje"" in rapeseed oil",650g,50.00,4750240233947,    
Sanitex,"Филе сельди ""Шхуна"" с пряностями","Herring fillet ""Shhuna"" with seasoning",180g,23.00,4810168025083,    
Sanitex,"Филе сельди ""Шхуна"" слабосоленое","Fresh-salted herring fillet ""Shhuna""",180g,23.00,4810168009373,    
ZigmaS,Сельдь Атлантическая без головы с приправами ,Atlantic herring without head with seasoning,"1,3 kg",60.00,4770221362022,    
Viči,Традиционное филе Атлантической сельди в масле,Traditional Atlantic herring fillet in oil,240gr,23.00,4770190035781,    
Viči,Традиционное филе Атлантической сельди в масле,Traditional Atlantic herring fillet in oil,400g,36.00,4770190350310,    
Viči,Маринованное филе сельди в масле,Marinated herring fillet in oil,240gr,23.00,4770190035811,    
Viči,Маринованное филе сельди в масле,Marinated herring fillet in oil,400g,36.00,4770190375443,    
Viči,Розовое филе сельди холодного копчения в масле,Coled smoked pink herring fillet in oil,240gr,23.00,4770190035903,    
Viči,Филе сельди в масле со вкусом дыма,Herring fillet in oil with smoke taste,240gr,23.00,4770190035798,    
Viči,Маринованное филе сельди с приправами,Marinated herring fillet with herbs seasoning dressing,250g,24.00,4770190044967,    
Viči,Маринованное филе сельди с освежающим соусом,Marinated herring fillet with refreshing dressing,250g,24.00,4770190044974,    
Viči,"Филе сельди ""Весна"" с укропом в масле","Herring fillet ""Spring"" with dill in oil",200g,20.00,,    
Norvelita,Деревенское филе Атлантичекой сельди,Rustic Atlantic herring fillet,240g,15.00,4770486165079,    
Desė,"Филе сельди ""Елочка""","Herring fillet ""Herringbone""",300g,23.00,4770875164270,    
Desė,Соленое филе сельди с грибами и овощами в майонезе,Salted herring fillet with mushrooms and vegetables in mayonnaise sauce,300g,22.00,4770875164102,    
Desė,Соленое филе сельди со свеклой и другими овощами в майонезе,Salted herring fillet with beetroots and other vegetables in mayonnaise sauce,300g,22.00,4770875164126,    
Edega,"Филе сельди ""Празничное""","Herring fillet ""Festive""",1kg,66.00,4770432199875,    
ICECO,"Класическое филе сельди ""Зигмас"" в масле со вкусом дыма","Herring fillet ""Zigmas"" classic in oil with smoke favor",240g,22.00,4770221164121,    
ICECO,"Малосольное класическое филе сельди ""Зигмас"" в масле","Fresg-salted herring fillet ""Zigmas"" classic in oil",240g,22.00,4770221164114,    
ICECO,"Малосольное класическое филе сельди ""Зигмас"" в масле","Fresg-salted herring fillet ""Zigmas"" classic in oil",1kg,66.00,4770221165579,    
Viči,Кусочки сельди с жареным луком,Pieces of herring with fried onion,200g,20.00,4770190087759,    
Viči,Кусочки сельди с жареными семечками,Pieces of herring with fried sunflower seeds,200g,20.00,,    
Viči,"Филе сельди ""Зима"" с луком в масле","Herring fillet ""Winter"" with onion in oil",200g,20.00,4770190352925,    
Viči,Кусочки сельди с сушеными боровиками,Pieces of herring with dried boletus,200g,24.00,4770190087797,    
Viči,Роллы из маринованного филе сельди с маринованными огурцами в масле,Marinated herring fillet rolls with canned cucumbers in oil,200g,24.00,,    
Viči,Салат из Атлантической сельди со свеклой,Atlantic herrring salad with beetroots,400g,24.00,4770190065481,    
Viči,Салад из сельди с овощами,Herring salad with vegetables,150g,12.00,4770190350563,    
Viči,Салат из сельди с картошкой,Herring salad with potatoes,400g,18.00,4770190065504,    
,Соленая сельдь с головой (ведро 4 кг),Slated herring with head in the bucket,4kg,200.00,,    
Grundalas,Атлантическая сельдь с головой (в металическом контейнере),Special salted Atlantic herring with head (in metal container),"1,3kg",65.00,4770594206770,    
Edega,Соленая сельдь с головой (в пластиковом контейнере),Salted herring with head (in plastic container),"1,3kg",65.00,4770432002250,    
ICECO,"Соленые Атлантические сельди ""Зигмас"" без голов с приправами","Salted Atlantic herrings ""Zigmas"" without heads with seasoning","1,3kg",60.00,4770221362022,    
,Сельдь с головой из ведра,Herring with head from a bucket,~250g,20.00,,    
BALTIJAS ZIVIS - 97,"Филе сельди ""Матье"" в масле","Herring fillet ""Matje” in oil",200g,22.00,4750289001378,    
BALTIJAS ZIVIS - 97,"Ассорти из филе сельди и овощей ""Морская орхидея""","Herring fillet and vegetables assorted “Sea orchid""",200g,27.00,4750289030132,    
BALTIJAS ZIVIS - 98,Сельдь вьюнок в маринате с апельсинами,Herring bindweed in marinade with orange,300g,39.00,4750289001804,    
LATIS,"Филе сельди ""Матье"" в масле","Herring fillet ""Matje"" in oil",200g,20.00,4751004070013,    
LATIS,Филе сельди с ананасами в майонезе,Herring fillet in mayonnaise with pineapple,500g,36.00,4751004071799,    
BERZCIEMS,Кусочки филе сельди,Pieces of herring fillet,250g,29.00,4750217001173,    
BALTIJAS ZIVIS - 97,Кусочки филе скумбрии в масле,"Pieces of mackerel fillet ""Jums"" in oil",200g,27.00,,    
BALTIJAS ZIVIS -97,"Конченое филе скумбрии ""Осень"" в томатном соусе","Fried mackerel fillets ""Autumn"" in tomato sauce",250g,27.00,,    
KAIJA,Филе сельди в масле,"Herring fillet ""Gardums"" in oil",250g,24.00,,    
KAIJA,Филе сельди по-Венгерски,Herring fillet Hungarian style,450g,35.00,,    
KAIJA,Филе скумбрии в масле,Mackerel fillets in oil,170g,15.00,4751007730723,    
BERZCIEMS,Роллы из маринованной сельди,Marinated herring rolls,500g,40.00,4750217602882,    
DECENT,"Сельд филе ""Дымок"" в масле","Herring fillets ""Dymok"" in oil",200g,21.00,4750501001179,    