FROZEN PRODUCTS,,,,,,
,PELMEN,DUMPLINGS,"Weight, KG","Price, DKK",Ean CODE,TYPE
ARIOLS,Pelmeņi ar vistas gaļu “Oto”,Dumplings with chicken “Oto”,400g,?,4750499004831,DUMPLINGS
ARIOLS,Pelmeņi Bambino,Dumplings “Bambino”,1 kg,?,4750499002455,DUMPLINGS
ARIOLS,"Pelmeni ""Mazuliski""",Dumplings “Mazuliški”,400g,?,4750499002240,DUMPLINGS
ARIOLS,Pelmeni EKSPRESSO,Dumplings EKSPRESSO,2kg,?,4750499001342,DUMPLINGS
DAERS,Pelmeni SUPER,Dumplings SUPER,2 kg,?,4751000805510,DUMPLINGS
DAERS,Pelmeni SIBIRIEŠU GAUME,Dumplings SIBIRIEŠU GAUME,"2,5 kg",?,4751000800171,DUMPLINGS
,VARENIKI,SWEET DUMPLINGS,"Weight, KG","Price, DKK",Ean CODE,
MĀJAS VIRTUVES FABRI,Vareņiki ar āboliem,Dumplings with apples,400g,,,SWEET DUMPLINGS
MĀJAS VIRTUVES FABRI,Vareņiki ar ķiršiem,Dumplings with cherries,400g,30.00,4750385006680,SWEET DUMPLINGS
MĀJAS VIRTUVES FABRI,Vareņiki ar upenēm,Dumplings with black currant,400g,,,SWEET DUMPLINGS
,SALDETI ZIVJU PRODUKTI,FROZEN FISH PRODUCTS,"Weight, KG","Price, DKK",Ean CODE,
DAL PESCA,Zivju pirkstiņi,Fish sticks,400g,,,FROZEN FISH PRODUCTS
DAL PESCA,Zivju pirkstiņi saldēti,Frozen fish sticks,250g,,,FROZEN FISH PRODUCTS
EPIGON,Laša maltā gaļa saldēta,Frozen salmon minced meat,1 kg,,,FROZEN FISH PRODUCTS
LIGNESA,"Čīles heka liemenis 80/300 saldēts, 15%","Frozen chilean hake carcass 80/300, 15%",1 kg,,,FROZEN FISH PRODUCTS
SANTA BREMOR,Saldētas krabju nūjiņas Bremor ,Frozen crab sticks Bremor,200g,?,4810168001933,FROZEN FISH PRODUCTS
SANTA BREMOR,Saldētas krabju nūjiņas Econom,Frozen crab sticks Econom,100g,?,4810168002749,FROZEN FISH PRODUCTS
VICI,Zivju pirkstiņi,Fish sticks,250g,,,FROZEN FISH PRODUCTS
ZAMELSONS,Zivju zupa,Fish soup,550g,,,FROZEN FISH PRODUCTS
,SALDETAS MAIZES PRODUKTI,FROZEN BREAD PRODUCTS,"Weight, KG","Price, DKK",Ean CODE,
DELIFRANCE,Kafijas eklērs,Coffee eclairs,640g,,,FROZEN BREAD PRODUCTS
DELIFRANCE,Šokolādes eklērs,Chocolate eclairs,640g,,,FROZEN BREAD PRODUCTS
DELIFRANCE,TIRAMISU kūka,Cake “Tiramisu”,610g,,,FROZEN BREAD PRODUCTS
LATVIJAS MAIZNIEKS,Pīradziņš īrisa-ābolu saldēts (6x60g),Frozen toffee-apple pies (6x60g),360g,?,4750192761369,FROZEN BREAD PRODUCTS
LATVIJAS MAIZNIEKS,PĪRĀGS GAĻAS (8x50G),Frozen meat pies (8x50g),400g,?,4750192761383,FROZEN BREAD PRODUCTS
LATVIJAS MAIZNIEKS,PĪRĀGS AR BEKONU UN OLU (6x65G),Frozen pie with bacon and egg (6x65g),390g,?,4750192761376,FROZEN BREAD PRODUCTS
LATVIJAS MAIZNIEKS,Maizites ar abolu-irisa pildijumu,Apple-toffee pastry ,360g,?,4750192761369,FROZEN BREAD PRODUCTS
MANTINGA,"Čebureks izcepts, saldēts","Cheburek cooked, frozen",130g,,,FROZEN BREAD PRODUCTS
MANTINGA,Franču kruasāns ar karameļu pildījumu saldēts (36x90g),Frozen french croissant with caramel filling (36x90g),,,,FROZEN BREAD PRODUCTS
,SALDETA GALA PRODUKTI,FROZEN MEAT PRODUCTS,"Weight, KG","Price, DKK",Ean CODE,
Sanitex,Saldēts trusis,Frozen rabbit with a head,2.062,110/kg,2595048020625,FROZEN MEAT PRODUCTS
UVIC,Kotletes “Nr 1”,"Meatballs ""No 1""",900g,,,FROZEN MEAT PRODUCTS
Vilniaus paukštynas,Saldeti broilera sparni,Frozen chicken wings,~1500g,?,23513112,FROZEN MEAT PRODUCTS
,KAPOSTU TITENI,CABBAGE ROLLS,"Weight, KG","Price, DKK",Ean CODE,
ARIOLS,Kapostu titeni sveramie,Cabbage rolls,2 kg,?,4750499001007,CABBAGE ROLLS
,PANKŪKAS,PANKACKES,"Weight, KG","Price, DKK",Ean CODE,
ARIOLS,Pankūkas ar šķiņķi un sieru,Pancakes with ham and cheese,500g,?,4750499000598,PANKACKES
ARIOLS,Pankūkas ar kūpiantu cūkgalu un sieru,Panckaes with ham and cheese,500g,?,4750499003384,PANKACKES
,SALDETI DARZENI,FROZEN VEGETABLES,"Weight, KG","Price, DKK",Ean CODE,
DUJARDIN,ZAĻIE SPARĢEĻI,Green asparagus,500g,,,FROZEN VEGETABLES
HORTEX,Ukraiņu borščs,Ukrainian borsch,400g,,,FROZEN VEGETABLES
,SALDETAS OGAS,FROZEN BERRIES,"Weight, KG","Price, DKK",Ean CODE,
VETRIJA,Mellenes saldētas,Frozen blueberries,400g,,,FROZEN BERRIES
VETRIJA,Saldētas dzērvenes,Frozen cranberries,1 kg,?,4771634070238,FROZEN BERRIES
VETRIJA,Saldēti ķirši,Frozen cherries,400g,,,FROZEN BERRIES
VETRIJA,Upenes saldētas,Frozen black currants,1 kg,?,4771634070252,FROZEN BERRIES
,KŪKA,BUNS/ RINGS,"Weight, KG","Price, DKK",Ean CODE,
CRISTELLA,Kūka saldēta Vīnes šokolādes (16pcs x 135g),Frozen Viennese chocolate cake (16pcs x 135g),"2,16 kg",12.00,4742696001942,BUNS/ RINGS
CRISTELLA,Medus kūka saldēta,Frozen honey cake,"2,08 kg",12.00,,BUNS/ RINGS
,BIEZPIENA SIERINŠ,SWEET CURD CHEESE,"Weight, KG","Price, DKK",Ean CODE,
KARUMS,Biezpiena sierinš ar kokosriekstu skaidinam,Sweet curd cheese with coconut,45g,7.00,4750050341412,SWEET CURD CHEESE
KARUMS,Biezpiena sierinš ar rozinem,Sweet curd cheese with raisins,45g,7.00,4750050341740,SWEET CURD CHEESE
KARUMS,Biezpiena sierinš ar mellenem,Sweet curd cheese with bilberries,45g,7.00,4750050342112,SWEET CURD CHEESE
KARUMS,Biezpiena sierinš karamelu,Sweet curd cheese with caramel in caramel coating,45g,7.00,4750050341481,SWEET CURD CHEESE
KARUMS,Biezpiena sierinš vanilla,Sweet curd cheese vanilla,45g,7.00,4750050341405,SWEET CURD CHEESE
KARUMS,Biezpiena sierinš ar šokolades gabaliniem,Sweet curd cheese with chocolate pieces,45g,7.00,4750050341511,SWEET CURD CHEESE
,SALDEJUMS,ICE CREAM,"Weight, KG","Price, DKK",Ean CODE,
AUGUSTO,Saldējums Sendvičs Krievu plombīrs,Ice Cream Sandwich (plombir),200ml,,,ICE CREAM
AUGUSTO,Saldējums Sendvičs Krēms brulē,Ice Cream Sandwich Cream Brulee,200ml,,,ICE CREAM
BALBIINO,Ledus,Ice,1 kg,,,ICE CREAM
DRUVAS PĀRTIKA,"Plombīra-olu liķiera ar rozīnēm šok., marmelādi","Ice cream with egg liqueur with raisins, chocolate and marmalade",1L,?,4750058174111,ICE CREAM
EKSELENCE,Saldējums kļavu sīrups ar valriekstiem,Ice cream with maple syrup with walnuts,1L,?,4750025570908,ICE CREAM
KĀRUMS,Saldējums Šokolādes,Chocolate ice cream,1L,?,4740188000701,ICE CREAM
KĀRUMS,Saldējums Vaniļas,Vanilla ice cream,1L,?,4740188000695,ICE CREAM
KĀRUMS,Saldējums Šokolādes,Chocolate ice cream,56g,10.00,4740188000664,ICE CREAM
KĀRUMS,Saldējums Vaniļas,Vanilla ice cream,56g,10.00,4740188000657,ICE CREAM
DRUVAS SALDEJUMS,Plombira saldejums,Ice cream (plombir),75g,10.00,4750058013106,ICE CREAM
DRUVAS SALDEJUMS,Plombira saldejums rozinu,Ice cream with rosins,75g,10.00,4750058230466,ICE CREAM
DRUVAS SALDEJUMS,Plombira saldejums šokolades,Ice cream with chocolate,75g,10.00,4750058014103,ICE CREAM
Premia,Karamelu garšas krejuma Gotina,Caramel ice cream Cow on stick,60g,10.00,4770167462855,ICE CREAM
Premia,Vanilas sadejums ČAU,Vanilla ice cream ČAU,450g,26.00,4740093005914,ICE CREAM
Premia,Šokolades sadejums ČAU,Chocolate ice cream ČAU,450g,26.00,4740093005921,ICE CREAM
Rigas Pienas Komb,Ekselence krejuma karamelu saldejums glazura parklats ar karamelu merci un piena sokoladi,EKSELENCE cream and caramel ice cream covered with caramel sauce and chocolate milk,95g,18.00,4750025890198,ICE CREAM
Rigas Pienas Komb,Ekselence krejuma karamelu saldejums glazura parklats ar kirsu merci un piena sokoladi,EKSELENCE cream and caramel ice cream coated with cherry sauce and milk chocolate,95g,18.00,4750025890105,ICE CREAM
Rigas Pienas Komb,Ekselence saldejums ar kiršu merci un kiršiem,EKSELENCE ice cream with cherry sauce and cherry,480g,70.00,4750025570854,ICE CREAM
Laima,“Serenade” krejuma saldejums,Ice cream made of milk and cream with apricot filling and hazelnuts,600g,75.00,4750075900359,ICE CREAM
SWEETS/ SNACKS/ CHOCOLATE/ BUISCUITS,,,,,,
,ČIPSI,CHIPS,"Weight, KG","Price, DKK",Ean CODE,
ĀDAŽU ČIPSI,Čipsi ar dillēm,Chips with dill,150g,17.00,4750024201889,CHIPS
ĀDAŽU ČIPSI,Čipsi ar krējumu un sīpoliem,Chips with sour cream and onions,150g,17.00,4750024201865,CHIPS
ĀDAŽU ČIPSI,Čipsi ar sieru,Chips wth cheese,150g,17.00,4750024201858,CHIPS
ESTRELLA,Čipsi ar aromātiskām dillēm,Chips with the aromatic dill,150g,18.00,4779028340172,CHIPS
ESTRELLA,Čipsi ar lauku krējuma un sīpolu garšu,Chips with rural sour cream and onion flavor,150g,18.00,4779028340134,CHIPS
ESTRELLA,Čipsi ar grileta bekona garšu,Chips with grilled bacon flavor,140g,18.00,4779028343708,CHIPS
ESTRELLA,Čipši ar maiga,Chips with mild,150g,18.00,4779028343340,CHIPS
PĒRNES,Kartupeļu plāksnes ar diļļu garšu,Potato plate with dill flavor,75g,,,CHIPS
PĒRNES,Kartupeļu plāksnes ar kečupa garšu,Potato plate with ketchup flavor,75g,,,CHIPS
PĒRNES,Kartupeļu plāksnes ar siera garšu,Potato plate with cheese flavor,75g,,,CHIPS
PĒRNES,Kartupeļu plāksnes ar sīpoliem un bekonu,Potato plate with onions and bacon,75g,,,CHIPS
,SALMINI,STICKS,"Weight, KG","Price, DKK",Ean CODE,
DRAUGU,Salmiņi ar magonēm,Straws with poppies,150g,10.00,,STICKS
DRAUGU,Salmiņi saldie,Sweet straws,150g,10.00,,STICKS
,GRAUZDETAS MAIZES UZKODAS,DRIED BREAD SNACKS,"Weight, KG","Price, DKK",Ean CODE,
KIRIESHKI,Grauzdiņi ar bekona garšu,Toast with bacon flavor,40g,7.00,4607010740016,DRIED BREAD SNACKS
KIRIESHKI,Grauzdiņi ar salami garšu,Toasted bread with salami flavor,40g,7.00,4607010740191,DRIED BREAD SNACKS
KIRIESHKI,Grauzdiņi ar siera garšu,Toasts with cheese taste,40g,7.00,4607010740030,DRIED BREAD SNACKS
KIRIESHKI,Grauzdiņi ar šķiņķa un siera garšu,Toast with ham and cheese taste,40g,7.00,4607010740078,DRIED BREAD SNACKS
KIRIESHKI,Grauzdiņi Kirieshki ar aukstās gaļas un mārrutku garšu,Toasts Kirieshki with cold meat and horseradish flavor,40g,7.00,,DRIED BREAD SNACKS
KIRIESHKI,Grauzdiņi Kirieshki Borodinskije ar ķiploka garšu,Toasts Kirieshki Borodinskije with garlic flavor,40g,7.00,,DRIED BREAD SNACKS
KIRIESHKI,Grauzdiņi Kirieshki Max ar mednieka desiņu garšu,Toasts Kirieshki Max with hunter sausage taste,40g,7.00,4607010748616,DRIED BREAD SNACKS
KIRIESHKI,Grauzdiņi Kompashki,Kompashki toasted,35g,7.00,4607120858328,DRIED BREAD SNACKS
KIRIESHKI,Grauzdiņi Light ar krēj. un siera garšu Kirieshki,Light toast with cream and cheese taste Kirieshki,33g,7.00,4607120852470,DRIED BREAD SNACKS
KIRIESHKI,Grauzdiņi Light ar krēj. un zaļumu garšu Kirieshki,Light toast with cream and herb flavors Kirieshki,33g,,,DRIED BREAD SNACKS
,CEPUMI/ KREKERI,BISCUITS/ COOKIES/ CRACKERS,"Weight, KG","Price, DKK",Ean CODE,
ADUGS,Cepumi Auzu,Oatmeal cookies,350g,12.00,,BISCUITS/ COOKIES/ CRACKERS
ANTARIS,Cepumi BEZE ar zemesrieksti,Cookies meringue with peanuts,180g,20.00,4750190046444,BISCUITS/ COOKIES/ CRACKERS
ANTARIS,CEPUMI BEZE KLASISKIE,Cookies meringue “Classical”,120g,,,BISCUITS/ COOKIES/ CRACKERS
Laima,Cepumi SELGA “Cirks”,Cookies SELGA “Cirkus”,300g,12.00,4750007164347,BISCUITS/ COOKIES/ CRACKERS
Laima,Cepumi ar iebiezinato pienu SELGA “Gimenes”,Cookies with condensed milk “Gimenes”,300g,12.00,4750007158346,BISCUITS/ COOKIES/ CRACKERS
Laima,Cepumi SELGA “Classic”,Biscuits SELGA “Classic”,180g,10.00,4750007689512,BISCUITS/ COOKIES/ CRACKERS
Laima,Cepumi SLEGA ar šokolades garšu,Biscuits SELGA with chocolate taste,180g,10.00,4750007689536,BISCUITS/ COOKIES/ CRACKERS
Laima,Cepumi SLEGA ar iru krema garšu,Biscuits SELGA with irish cream taste,180g,10.00,4750007689553,BISCUITS/ COOKIES/ CRACKERS
Laima,Cepumi SLEGA ar klavu sirupa garšu,Biscuits SELGA maple syrip taste,180g,10.00,4750007848032,BISCUITS/ COOKIES/ CRACKERS
Laima,Cepumi SLEGA ar rozinem,Biscuits SELGA with raisins,180g,10.00,4750007848582,BISCUITS/ COOKIES/ CRACKERS
Laima,Cepumi SLEGA ar abolu gabaliniem,Biscuits SELGA with apple pieces,180g,10.00,4750007848766,BISCUITS/ COOKIES/ CRACKERS
Laima,Cepumi SLEGA ar iebiezinata piena garšu,Biscuits SELGA condensed milk taste,180g,10.00,4750007689574,BISCUITS/ COOKIES/ CRACKERS
Laima,Cepumi SLEGA ar bananu garšu,Biscuits SELGA banana taste,180g,10.00,4750007848360,BISCUITS/ COOKIES/ CRACKERS
Laima,Cepumi MAMMAS ar kakao un Indijas riekstiem (sviesta cepumi),Biscuits MAMMAS with cocoa and cashew nuts (butter biscuits),250g,24.00,4750007817113,BISCUITS/ COOKIES/ CRACKERS
LV UN KO,"Cepumi "" Kārums """,Biscuits “Karums”,500g,,,BISCUITS/ COOKIES/ CRACKERS
MOŽUMS,Cepumi ar ZEMEŅU marmelādi PAUZE,Cookies with strawberry jam “Pauze”,135g,,,BISCUITS/ COOKIES/ CRACKERS
MOŽUMS,"Cepumi ""PAUZE"" ar lazdu, zemesr. un rozīnēm",Biscuits with hazelnuts and raisins “Pauze”,120g,15.00,4750536001755,BISCUITS/ COOKIES/ CRACKERS
MOŽUMS,Cepumi AR ŠOKOLĀDI PAUZE,Biscuits with chocolate “Pauze”,120g,15.00,4750536001403,BISCUITS/ COOKIES/ CRACKERS
MOŽUMS,Cepumi SVIESTU PAUZE,Biscuits with butter “Pauze”,130g,15.00,4750536001427,BISCUITS/ COOKIES/ CRACKERS
Kondis,Auzu cepumi ar rozinem,Oatmeal cookies with raisins,300g,12.00,4751005302427,BISCUITS/ COOKIES/ CRACKERS
ADUGS,Krekeri ar kiplokiem,Crackers with garlic,140g,12.00,4752038002742,BISCUITS/ COOKIES/ CRACKERS
ADUGS,Krekeri “Jūras”,"Crackers ""Jūras” (“Sea”)",140g,12.00,4752038002872,BISCUITS/ COOKIES/ CRACKERS
,PIPARKŪKAS/ PRJANIKI/ BARANKAS,GINGERBREADS / BAGELS,"Weight, KG","Price, DKK",Ean CODE,
Laima,Piparkūkas,Gingerbread,450g,29.00,4750007848698,GINGERBREADS / BAGELS
Laima,Piparkūkas ar dzervenu pildijumu,Gingerbread with cranberry filling,300,27.00,4750007898044,GINGERBREADS / BAGELS
ADUGS,Prjaņiki ar krejuma garšu,Gingerbreads with cream flavor,250g,?,4751000171646,GINGERBREADS / BAGELS
ADUGS,Prjaņiki “Lauku”,"Gingerbreads ""Lauku”",250g,?,4751000171714,GINGERBREADS / BAGELS
ADUGS,Prjaniki ar dzervenu garšas pildijumu,Gingerbreads with filling of cranberry taste,250g,12.00,4751000171417,GINGERBREADS / BAGELS
PRP,Barankas ar magonēm,Bagels with poppy,350g,,,GINGERBREADS / BAGELS
,VAFELES,WAFERS,"Weight, KG","Price, DKK",Ean CODE,
Laima,Vafeles SELGA ar šokolades garšu,Wafers SELGA with chocolate taste ,90g,8.00,4750007817793,WAFERS
Laima,Vafeles SELGA ar citronu garšu,Wafers SELGA with lemon taste,90g,8.00,4750007817748,WAFERS
Laima,Vafeles SELGA ar lazdu riekstu garšu,Wafers SELGA with hazelnut taste,90g,8.00,4750007848216,WAFERS
Laima,Vafeles SELGA ar vanilas garšu,Wafers SELGA with vanilla taste,90g,8.00,4750007848575,WAFERS
ADUGS,Vafeļu torte ar Valriekstiem,Wafer cake with walnuts,320g,,,WAFERS
ADUGS,Vafeļu torte ar Zemesriekstiem,Waffle cake with peanuts,320g,,,WAFERS
LAIMA,Vafeļu torte Klasika,Wafer cake “Classic”,350g,,,WAFERS
LAIMA,Vafeļu torte MOKA,Wafer cake “Moka”,350g,35.00,4750007847974,WAFERS
LAIMA,Vafeļu torte TRIFELE,Wafer cake “Truffles”,350g,,,WAFERS
LAIMA,Vafeļu torte VĀVERĪTE,Wafer cake “VĀVERĪTE” (“Squirrel”),250g,27.00,4750007291036,WAFERS
LAIMA,Vafelu torte HALVA,Wafer cake “Halva”,300g,35.00,4750007847967,WAFERS
LAIMA,Vafelu torte RETRO,"Wafer cake “Retro""",350g,35.00,4750007847981,WAFERS
LAIMA,Vafelu torte LAIMINGA GOTINA,Wafer cake “Laiminga Gotina” (“Happy Cow”),300g,29.00,4750007897306,WAFERS
LAIMA,Vafelu torte with hazelnuts,Wafer cake with hazelnuts,40g,6.00,4750007848513,WAFERS
LAIMA,Vafelu torte with almonds,Wafer cake with almonds,40g,6.00,4750007848520,WAFERS
VECAIS BEĶERIS,Vafeļu plāksnes,Wafer plate,100g,,,WAFERS
,KONFEKTES,SWEETS,"Weight, KG","Price, DKK",Ean CODE,
ADUGS,Konfektes Vasilkovaja poljana,Sweets “Vasilkovaja poljana”,2 kg,,,SWEETS
ARGO,Ledenes ar putojošu pildījumu “Monstraki”,Lollipops with a foaming filler “Monstraki”,1 kg,,,SWEETS
Laima,Maskva šokolādes konfektes,MASKVA chocolate candies,2kg,100/kg,4750001310832,SWEETS
Laima,Diāna saldumi,DIANA sweets,2kg,100/kg,4750001006865,SWEETS
Laima,ROKENROL šokolādes konfektes,ROKENROL chocolate candies,2kg,100/kg,4750007687839,SWEETS
Laima,"FRUIT-BERRY cieti vārītas konfektes maisījums (apelsīnu, zemeņu, kivi, vīnogas)","FRUIT-BERRY hard boiled candy mix (orange, strawberry, kiwi, grape)","2,5kg",80/kg,4750011112853,SWEETS
Laima,ZOSU KAJINAS cieti vārītas konfektes ar zemesriekstu pildījumu,ZOSU KAJINAS hard boiled candies with peanut filling,"2,5kg",80/kg,4750011207856,SWEETS
Laima,TEATRA cieti vārītas konfektes,TEATRA hard boiled candies,"2,5kg",80/kg,4750011101857,SWEETS
Laima,DAŽĀDI CHEWIES (5 dažādi),MIXED CHEWIES (5 different),"2,5kg",80/kg,4750001003208,SWEETS
,Cremona vanilla,Cremona vanilla,1 kg,90/kg,4820046867162,SWEETS
Saldus partikas kombinats,Konfetkes GOTINA,Sweets GOTINA,1kg,110/kg,4750057575049,SWEETS
Skriveru saldumi,Konfektes Skriveru gotina ASORTI,Sweets Skriveru gotina ASORTI,2.5kg,110/kg,4751010570552,SWEETS
Skriveru saldumi,Piena iriss ar kakao,,60g,?,4751010571085,SWEETS
Skriveru saldumi,Piena iriss ar riekstiem,,60g,?,4751010571078,SWEETS
Skriveru saldumi,Piena iriss klasikais,,60g,?,4751010571061,SWEETS
Skriveru saldumi,SKRIVERU GOTINA. Lielkonfekte ar mandelriekstiem,,90g,14.00,4751010573317,SWEETS
Skriveru saldumi,SKRIVERU GOTINA. Latvijas Gotina ar kirsiem un dzervenem,,200g,20.00,4751010573881,SWEETS
Skriveru saldumi,SKRIVERU GOTINA. Konfektes ar piparmētru,,200g,20.00,4751010574086,SWEETS
Skriveru saldumi,SKRIVERU GOTINA. Konfektes,,200g,20.00,4751010574079,SWEETS
Skriveru saldumi,SKRIVERU GOTINA. Piena konfektes ar rumu un rozīnēm,,200g,20.00,4751010571214,SWEETS
Skriveru saldumi,Zemenes baltaja sokolade BERRY PRINCESS,,105G,49.00,4751010572228,SWEETS
NO BRAND,Konfektes Vit.C Ar cuk.(APELSĪNS) Askorbinka 10gab.,Sweets “Vitamin C” (Oranges),,, ,SWEETS
NO BRAND,Konfektes Vit.Car cuk. Askorbinka 10gab.25mg.,Sweets “Vitamin C”,,,,SWEETS
Skriveru saldumi,ASPASIA. Plūmes un mandele tumšajā šokolādē,Plum and almond in dark chocolate,180g,?,4750011823445,SWEETS
Skriveru saldumi,ASPASIA. Kirši glazūra,Glazed cherries,150g,35.00,4751010571276,SWEETS
Skriveru saldumi,ASPASIA. Toffee putotais iriss,,50g,?,4751010571115,SWEETS
Skriveru saldumi,ASPASIA. Mellenes sokolade,,120g,39.00,4751010572242,SWEETS
Skriveru saldumi,ASPASIA. Mandelrieksti sokolade,,120g,39.00,4751010572082,SWEETS
Skriveru saldumi,ASPASIA. Lazdu rieksti sokolade,,120g,39.00,4751010572051,SWEETS
Skriveru saldumi,ASPASIA. Zemenes dzervenes sokolade,,120g,39.00,4751010573669,SWEETS
LAIMA,Plūmes šokolādē,Plum in chocolate,180g,29.00,4750011823452,SWEETS
PURE CHOCOLATE,Šokolades trifelu kolekcija DECO 15 Asorti,Chocolate truffle collection DECO 15 Assorted,133g,30.00,4751011198656,SWEETS
PURE CHOCOLATE,Trifelu kolekcija,Truffle collection,165g,90.00,4751011198632,SWEETS
PURE CHOCOLATE,Mellenu trifelu kolekcija,Blueberry Truffle Collection,110g,45.00,4751011191220,SWEETS
PERGALE,Konfekšu izlase Pergalė Dream,Assorted sweets Pergalė Dream hot chocolate taste and brandy,174g,?,4770179182833,SWEETS
LAIMA,Konfektes ar Rigas Melno balzamu,Chocolates with Riga Black balsam,135g,39.00,4750001820010,SWEETS
LAIMA,Šokolades konfektes MAESTRO ar karamelizetam vafelem,Chocolates MAESTRO with caramelised wafers,205g,49.00,4750001946796,SWEETS
LAIMA,Ipašas tumšas šokolades konfektes MON AMI ipašiem mirkliem,Special dark chocolates MON AMI for special moments,245g,49.00,4750001946239,SWEETS
LAIMA,Tumšas šokolades konfekšu asorti VILNIUS,Asorti dark chocolates VILNIUS,360g,60.00,4750001008067,SWEETS
LAIMA,Tumšas šokolades konfekšu asorti LATVIJA,Asorti dark chocolates LATVIA,360g,60.00,4750001816808,SWEETS
LAIMA,Tumšas šokolades konfekšu asorti RIGA,Asorti dark chocolates RIGA,360g,60.00,4750001008012,SWEETS
LAIMA,Konfektes SERENADE ar auglu pildijumu un drupinatiem lazdu riekstiem,Sweets SERENADE with fruit jelly and crumbled hazelnuts,235g,60.00,4750001009187,SWEETS
LAIMA,"Tumšas šokolades konfekšu asorti ""Maskava torņi""","Dark chocolate assortment ""Moscow Towers""",360g,60.00,4750001008043,SWEETS
LAIMA,Tumšas šokolades konfekšu asorti ГОРДОСТЬ МОСКВЫ (Gordost Moskvy),"Dark chocolate assortment ""Moskva Pride""",360g,60.00,4750001817058,SWEETS
LAIMA,Karameles piena lase,Hard candies ,300g,49.00,4750011169253,SWEETS
LAIMA,"Karamelu izlase ""Rigas maisijums""",Hard boiled candies,500g,59.00,4750011271260,SWEETS
LAIMA,Konfektes RUDZUPUKE ar burvigu piena un lazdu riekstu pomadi,Sweets RUDZUPUKE with lovely milk and hazelnut fondant,160g,28.00,4750001944952,SWEETS
LAIMA,Dražeju asorti,Assorted dragees,210g,60.00,4750011813248,SWEETS
LAIMA,Konfektes VETRASPUTNS ar neparasti maigu piena pomadi,Sweets  VETRASPUTNS with especially mild milk fondant,160g,28.00,4750001944969,SWEETS
LAIMA,Šokolades konfektes SERENADE ar kardinošu aprikožu un riekstu pildijumu,Chocolate candies SERENADE with tempting apricot and hazelnut filling,160g,38.00,4750001944983,SWEETS
LAIMA,Konfektes VAVERITE ar gardiem drupinatiem lazdu riekstiem maiga praline,Sweets VAVERITE with delicious crumbled hazeelnuts in mild praline,160,35.00,4750001944907,SWEETS
LAIMA,Konfekšu kārba mini Piena Rigerts ASORTI,Candy box mini milk Rigerts ASORTI,215g,,,SWEETS
LAIMA,Konfekšu kārba mini Tumšais Rigerts ASORTI,Candy box mini dark Rigerts ASORTI,215g,,,SWEETS
LAIMA,Šokolades konfekšu asorti,Assorted chocolates,95g,25.00,4750001945157,SWEETS
LAIMA,Šokolades konfekšu asorti “Asorti” (pink),"Chocolate candy assortment ""Asorti"" (pink)",95g,25.00,4750001946253,SWEETS
LAIMA,Šokolades konfekšu asorti “Asorti” (white),"Chocolate candy assortment ""Asorti"" (white)",95g,25.00,4750001943412,SWEETS
LAIMA,Tumšas šokolades konfekšu asorti,Dark chocolate assortment,215g,39.00,4750001008166,SWEETS
LAIMA,Konfekšu asorti,Quality assortment,480g,59.00,4750001819335,SWEETS
LAIMA,Ogu izlase,Berry selection,210g,39.00,4750001949575,SWEETS
LAIMA,Šokolades konfekšu asorti,Chocolate assortment,470g,59.00,4750001818734,SWEETS
LAIMA,Desertu izlase,Dessert selection,100g,27.00,4750001949407,SWEETS
LAIMA,Dzervenu škelites glazūra,Cranberry jellies in glazing,190g,29.00,4750011849063,SWEETS
LAIMA,Apelsinu marmelades škelites glazūra,Orange jellies in glazing,190g,29.00,4750011814511,SWEETS
LAIMA,Konfekšu kārba tumšās LUKSS,Candy box dark LUKSS,140g,,,SWEETS
LAIMA,Konfekte VAVERITE,Sweet “Vaverite” (“Squirrel”),40g,7.00,4750001005202,SWEETS
LAIMA,Konfekte SERENADE,"Sweet ""Serenade""",40g,7.00,4750001330977,SWEETS
LAIMA,Marcipana konfekte Classic,Marzipan Classic,45g,10.00,4750007504327,SWEETS
LAIMA,Marcipans ar dzervenev,Marzipan with cranberries,45g,7.00,4750011849087,SWEETS
LAIMA,VIJOLITE konfektes ar kiršu un bumbieru garšu,VIJOLITE sweets with cherry and pear taste,170g,17.00,4750011849490,SWEETS
LAIMA,GUNDEGA konfektes ar citronu garšu,GUNDEGA sweets with lemon taste,170g,17.00,4750011849483,SWEETS
LAIMA,Zemesriekstu šerbets,Oriental sweets with peanuts,200g,22.00,4750011848608,SWEETS
LAIMA,Konfektes ar Rigas Melno upenu balzamu, Sweets with Riga balsam black currant filling,35g,12.00,4750001820003,SWEETS
SALDUS,"Piena konfekte , Gotiņa",Milk candy “Gotina” (“Cow”),1 kg,,,SWEETS
SKRĪVERU SALDUMI,Piena konfekte Skriveru Gotina,Assorted sweets Skriveru Gotina,200g,19.00,4751010570057,SWEETS
SKRĪVERU SALDUMI,Piena konfekte Skriveru Gotina Classic,Assorted  Skriveru Gotina “Classic”,200g,19.00,4751010570033,SWEETS
,ZEFIRS,ZEPHYR,"Weight, KG","Price, DKK",Ean CODE,
LAIMA,Zefirs piena šokolade “Magnums” ar kokosriekstu skaidinam,"Zephyr in milk chocolate ""Magnums"" with coconut chips",140g,29.00,4750011849230,ZEPHYR
LAIMA,Zefirs piena šokolade “Magnums” ar kokosriekstu skaidinam,"Zephyr in milk chocolate ""Magnums"" with coconut chips",185g,29.00,4750001000771,ZEPHYR
LAIMA,Zefirs mellenu,Zephyr blueberry,200g,20.00,4750011848646,ZEPHYR
LAIMA,Zefirs vanilas,Zephyr vanilla,200g,20.00,4750001002508,ZEPHYR
LAIMA,Zefirs krejuma,Zephyr cream,200g,20.00,4750001002843,ZEPHYR
LAIMA,Zefirs abolu-kanela,Zephyr apple-cinnamon,200g,20.00,4750011848837,ZEPHYR
LAIMA,Zefirs šokolade ar mellenu pildijumu “Maigums”,Zephyr in chocolate with blueberry filling “Maigums”,200g,22.00,4750011849186,ZEPHYR
LAIMA,Zefirs šokolade ar mellenu pildijumu “Maigums”,Zephyr in chocolate with blueberry filling “Maigums”,140g,35.00,4750011849179,ZEPHYR
LAIMA,Zefirs šokolade vanilas “Maigums”,Zephyr in chocolate vanilla “Maigums”,200g,22.00,4750001004267,ZEPHYR
LAIMA,Zefirs šokolade ar kafijas pildijumu “Maigums”,Zephyr in chocolate with coffee filling “Maigums”,200g,22.00,4750011849162,ZEPHYR
LAIMA,Zefirs šokolade ar kafijas pildijumu “Maigums”,Zephyr in chocolate with coffee filling “Maigums”,140g,35.00,4750011849155,ZEPHYR
ADUGS,Zefirs balti-roza,Zephyr white-rose,"1,8 kg",100/kg,4751008660265,ZEPHYR
,ŠOKOLADE,CHOCOLATE,"Weight, KG","Price, DKK",Ean CODE,
KALEV,Baltā šok. ar cepumu gab.un zemenēm,White chocolate biscuits with strawberries,100g,18.00,,CHOCOLATE
KALEV,Baltā šok. ar kraukšķīgiem rīsiem un mellenēm ,White chocolate with crunchy rice and blueberries,95g,18.00,,CHOCOLATE
PERGALE,Pergale melnā ar mango pildījumu,Black chocolate with mango filling,100g,,,CHOCOLATE
Daisena,Balta šokolade “Schogetten”,"White chocolate ""Schogetten""",100g,12.00,4000415856601,CHOCOLATE
Laima,Pieno šokolade,Milk chocolate,,,,CHOCOLATE
Laima,Pieno šokolade ar lazdu riekstiem,Milk chocolate with hazelnuts,100g,12.00,4750001943795,CHOCOLATE
Laima,Rūgta šokolade 70% cocoa,Extra dark chocolate 70% cocoa ,100g,12.00,4750001943849,CHOCOLATE
Laima,Rūgta šokolade ar dzervenem un drupinatam piparkūkam,Extra dark chocolate with cranberries and crumbled gingerbread,220g,32.00,4750001948080,CHOCOLATE
Laima,Rūgta šokolade 90% cocoa,Extra ark chocolate 90% cocoa,100g,20.00,4750001946871,CHOCOLATE
Laima,VAVERITE Piena šokolade ar veseliem un drupinatiem lazdu riekstiem,Milk chocolate VAVERITE with whole and crumbed hazelnuts,100g,?,4750001819939,CHOCOLATE
Laima,Riga black Balsam cream liquer,Riga black Balsam with liquer cream,44g,7.00,4750001819496,CHOCOLATE
Laima,Riga black Balsam,Riga black Balsam,44g,7.00,4750001819502,CHOCOLATE
,KALTETI FRUITS/ RIEKSTI,DRIED FRUITS/ NUTS,"Weight, KG","Price, DKK",Ean CODE,
ARIMEX,Banānu čipsi,Banana chips,100g,12.00,4771249812735,DRIED FRUITS/ NUTS
ARIMEX,Žavetas dzervenes,Dried cranberries,100,12.00,4771249817082,DRIED FRUITS/ NUTS
Laima,Rozines šokolade,Raisins in chocolate,100g,14.00,4750011813187,DRIED FRUITS/ NUTS
Laima,Lazdu rieksti šokolade,Hazelnuts in chocolate,100g,24.00,4750011813163,DRIED FRUITS/ NUTS
,KOZINAK,KOZINAK,"Weight, KG","Price, DKK",Ean CODE,
Krieger  GmbH,Kozinak sesam,Kozinak sesam,100g,12.00,4740299000973,KOZINAK
Krieger  GmbH,Kozinak zemesrieksti,Kozinak peanut,100g,12.00,4740299000980,KOZINAK
Krieger  GmbH,Kozinak saulespuķu sēklas,Kozinak sunflower seeds,100g,12.00,4740299000942,KOZINAK
,SAULESPUĶU SĒKLAS,SUNFLOWER SEEDS,"Weight, KG","Price, DKK",Ean CODE,
BABKINY,Ceptas saulespuķu sēklas,Fried sunflower seeds,500g,,,SUNFLOWER SEEDS
BARIN,Saulespuķu sēkliņas apceptas,Fried sunflower seeds,280g,,,SUNFLOWER SEEDS
BARIN,Saulespuķu sēkliņas apceptas sālītas,"Sunflower seeds (roasted, salted)",280g,,,SUNFLOWER SEEDS
VOT TAKIJE,Melnas ceptas saul. sēklas ar sāli,Black baked in the sun seeds with salt,100g,,,SUNFLOWER SEEDS
VOT TAKIJE,Melnas ceptas saul. sēklas ar sāli,Black baked in the sun seeds with salt,290g,40.00,,SUNFLOWER SEEDS
VOT TAKIJE,Melnas ceptas saulespuķu sēklas,Black fried sunflower seeds,100g,15.00,,SUNFLOWER SEEDS
VOT TAKIJE,Melnas ceptas saulespuķu sēklas,Black fried sunflower seeds,290g,40.00,,SUNFLOWER SEEDS
,POPKORNS,POPKORN,"Weight, KG","Price, DKK",Ean CODE,
BLOCKBUSTER,Popkorns ar čedaras siera garšu,Popcorn with cheddar cheese flavor,99g,10.00,4607030830780,POPKORN
BLOCKBUSTER,Popkorns ar iebiez. piena garšu,Popcorn with condenced milk flavor,99g,10.00,4607099091689,POPKORN
ESTRELLA,Micropopcorn ar sviesta garšu,Micropopcorn with butter flavor,90g,10.00,7310532160442,POPKORN
ESTRELLA,Micropopcorn Saldais,Micropopcorn Sweet,90g,10.00,4479028343166,POPKORN
,HALVA,HALVA,"Weight, KG","Price, DKK",Ean CODE,
BONA DEA,Saulespuķu sēklu halva,Sunflower seed halva,170g,,,HALVA
BONA DEA,Zemesriekstu halva,Peanut halva,170g,,,HALVA
,FRESH CAKE,FRESH CAKE,"Weight, KG","Price, DKK",Ean CODE,
STABURADZE,Citronu kūciņas “Vēsma” (4x45g),Lemon cakes “Vēsma” (4x45g),180g,,,FRESH CAKE
STABURADZE,Kūciņas ''Cielaviņa'' 6 gab.,Cakes “Cielaviņa” 6 pcs.,150g,,,FRESH CAKE
STABURADZE,Mellenīte kūka,Blueberry cake,500g,,,FRESH CAKE
STABURADZE,Selgas cepumu kūka ar šokolādi,“Selga” biscuit cake with chocolate,550g,,,FRESH CAKE
STABURADZE,Skudru pūznīši ar dzērveņu pild.,,300g,,,FRESH CAKE
STABURADZE,Skudru pūznīši kūciņas 6 gab.,,300g,,,FRESH CAKE
STABURADZE,Tiramisu kūka,Cake “Toramisu”,400g,,,FRESH CAKE
STABURADZE,Vēja pikas ar biezpienu,Wind clumps with curd,200g,,,FRESH CAKE
STABURADZE,Vēja pikas ar kondens.pienu,Wind clumps with condensed milk,200g,,,FRESH CAKE
GLOCERY,,,,,,
,ZUPA,SOUPS,"Weight, KG","Price, DKK",Ean CODE,
ALMAS TANTE,Zupa RASOĻŅIK,RASOLNIK soup,500g,?,4751001630241,SOUPS
ALMAS TANTE,Zirnu zupa,Peas soup,500g,16.00,4751001630463,SOUPS
ALMAS TANTE,Borscs skabu kapostu,,500g,16.00,4751001630289,SOUPS
ALMAS TANTE,Harčo zupa,,500g,16.00,4751001630272,SOUPS
ALMAS TANTE,Solanka darzenu,,500g,16.00,4751001630258,SOUPS
DELIKA,Zupa RASOĻŅIK,RASOLNIK soup,480g,25.00,4770583215639,SOUPS
DELIKA,Zupa GULAŠA,GULASH soup,480g,25.00,4770583215585,SOUPS
DELIKA,Zupa zirnu ar kūpinatu cukas krūtinu,Peas soup with smoked breast of pork,480g,20.00,4770583215677,SOUPS
DELIKA,Borščs ar baravikam,Borsch with mushrooms,480g,24.00,4770583215615,SOUPS
KOK,Zupa konservēta HARČO,HARČO soup,500g,16.00,4751010860134,SOUPS
KOK,Zupa konservēta PUPIŅU,Beans soup,500g,?,4751010860622,SOUPS
KOK,Zupa konservēta RASOĻŅIK,RASOLNIK soup,500g,22.00,4751010860080,SOUPS
KOK,Zupa konservēta SOĻANKA,Sauerkraut soup,480g,?,4751010860097,SOUPS
KOK,Zupa konservēta ZIRŅU,Peas soup,500g,16.00,4751010860615,SOUPS
SPILVA,Zupa aukstā VASARA,Cold soup “Summer”,580g,24.00,4750022142047,SOUPS
SPILVA,Zupa konservēta Harčo,HARČO soup,580g,25.00,4750022148049,SOUPS
SPILVA,Zupa konservēta Solanka,Sauerkraut soup,580g,30.00,4750022146045,SOUPS
,IELEJ ZUPAS / PASTA / KARTUPEĻU PULVERIS,POURED SOUPS/ PASTA/ POTATOE POWDER,"Weight, KG","Price, DKK",Ean CODE,
Maggi,Kartupelu biezputra ar dillem un sviesta garšu “5minutes”,Potato puree,35g,5.00,7613032210526,POURED SOUPS/ PASTA/ POTATOE POWDER
Maggi,Kartupelu biezputra ar krejumu “5minutes”,Potato puree,35g,5.00,7613032210205,POURED SOUPS/ PASTA/ POTATOE POWDER
,GRIKI,BUCKWHEAT,"Weight, KG","Price, DKK",Ean CODE,BUCKWHEAT
DOBELES DZIRNAVNIEKS,Griķi,Buckwheat,1 kg,25.00,4750020030414,BUCKWHEAT
OMA,Griķi,Buckwheat,1 kg,,,BUCKWHEAT
OMA,Griķi (4x125g),Buckwheat (4x125g),500g,,,BUCKWHEAT
Voldemars,Griki VALDO,Buckwheat (4x125g),500g,20.00,?,BUCKWHEAT
Voldemars,Griki VALDO,"Buckwheat ""Valdo""",1kg,29.00,4750133000106,BUCKWHEAT
,KAZAS/ PUTRAIMI,GOATS/ GROATS,"Weight, KG","Price, DKK",Ean CODE,
DOBELES DZIRNAVNIEKS,Manna,Manna,1 kg,16.00,4750020020132,GOATS/ GROATS
Valdo,Manna,Manna,1kg,?,4750133060100,GOATS/ GROATS
OMA,Manna,Manna,1 kg,,,GOATS/ GROATS
OMA,Miežu putraimi,Barley groats,1 kg,12.00,4751014930031,GOATS/ GROATS
DOBELES DZIRNAVNIEKS,Miežu putraimi,Barley groats,1kg,10.00,4750020030315,GOATS/ GROATS
OMA,Prosa,Millet,1 kg,,,GOATS/ GROATS
,ZIRNIE,PEAS,"Weight, KG","Price, DKK",Ean CODE,
OMA,Zirņie šķeltie,Peas (broken),1 kg,,,PEAS
,PARSLAS/ AUZU PARSLU BIEZPUTRA,FLAKES/ OATMEAL,"Weight, KG","Price, DKK",Ean CODE,
HERKULES,5 graudu pārslas,5 grains cereals,500g,19.00,4750121812032,FLAKES/ OATMEAL
HERKULES,Atri vārāmās auzu pārslas,Instant oatmeal flakes,450g,15.00,4750121112231,FLAKES/ OATMEAL
HERKULES,Griķu pārslas,Buckwheat flakes,500g,30.00,4750121692030,FLAKES/ OATMEAL
HERKULES,Pilngraudu auzu pārslas,Whole grain oatsmeal,500g,15.00,4750121102034,FLAKES/ OATMEAL
HERKULES,Pilngraudu auzu pārslas,Whole grain oatsmeal,"1,5kg",30.00,4750121154149,FLAKES/ OATMEAL
HERKULES,Pilngraudu auzu pārslas,Whole grain oatsmeal,450g,10.00,4750121122254,FLAKES/ OATMEAL
HERKULES,Auzu pārslu biezputra ar mellenēm (6x35g),Oatmeal porridge with blueberries (6x35g),210g,28.00,4750121111135,FLAKES/ OATMEAL
HERKULES,Auzu pārslu biezputra ar mellenēm,Oatmeal porridge with blueberries,35g,6.00,4750121117564,FLAKES/ OATMEAL
HERKULES,Auzu pārslu biezputra ar persikiem (6x35g),Oatmeal porridge with peaches (6x35g),210g,28.00,4750121111104,FLAKES/ OATMEAL
HERKULES,Auzu pārslas biezputra ar kiršiem,Oatmeal porridge with cherries,35g,6.00,4750121117557,FLAKES/ OATMEAL
HERKULES,Auzu pārslas biezputra ar meža ogam,Oatmeal porridge with wild berries,35g,6.00,4750121117595,FLAKES/ OATMEAL
HERKULESS,Ātri pagatavojamā auzu pārslu biezputra ar ķiršu gabaliņiem,Instant oatmeal porridge with cherry pieces,35g,6.00,,FLAKES/ OATMEAL
HERKULESS,Ātri pagatavojamā auzu pārslu biezputra ar meža ogu gabaliņie,Instant oatmeal porridge with pieces of forest berries,35g,6.00,,FLAKES/ OATMEAL
KUNCEVO,Auzu pārslas aprikožu Minutka,Oatmeal with apricot “Minutka”,185g,,,FLAKES/ OATMEAL
KUNCEVO,Auzu pārslas ķiršu Minutka,Oatmeal with cherry “Minutka”,185g,?,4601159072984,FLAKES/ OATMEAL
KUNCEVO,Auzu pārslas zemeņu Minutka,Oatmeal with strawberry “Minutka”,185g,?,4601159072977,FLAKES/ OATMEAL
,KEČUPS/ MERCES,KETCHUP/ SAUCE,"Weight, KG","Price, DKK",Ean CODE,
NARŠARAB,Granātābolu mērce,Pomegranate sauce,330g,,,KETCHUP/ SAUCE
SPILVA,Kečups bērniem,Ketchup “Children”,330g,?,4750022016805,KETCHUP/ SAUCE
SPILVA,Kečups Klasiskais,Ketchup “Classic”,330g,20.00,4750022000804,KETCHUP/ SAUCE
SPILVA,Šašliku tomatu merce,Shashlik tomato sauce,510g,20.00,4750022012111,KETCHUP/ SAUCE
SPILVA,Steika merce,Steak sauce,310g,20.00,4750022094254,KETCHUP/ SAUCE
,SINEPES/MARRUTKI,MUSTARD/ HORSERADISH,"Weight, KG","Price, DKK",Ean CODE,
ALMAS TANTE,Sinepes Krievu,Russian mustard,200g,?,4751001630333,MUSTARD/ HORSERADISH
SPILVA,Sinepes Krievu,Russian mustard,140g,?,4750022171283,MUSTARD/ HORSERADISH
SPILVA,Sinepes Franču,French mustard,200g,?,4750022174239,MUSTARD/ HORSERADISH
SPILVA,Sinepes Klasiskas,Mustard Classic,220g,16.00,4750022170231,MUSTARD/ HORSERADISH
SPILVA,Sinepes Klasiskas,Mustard Classic,140g,12.00,4750022170286,MUSTARD/ HORSERADISH
SPILVA,Sinepes Krievu,Mustard Russian,140g,12.00,4750022171283,MUSTARD/ HORSERADISH
SPILVA,Mārrutki klasiskie,Horseradish classic,140g,12.00,4750022172280,MUSTARD/ HORSERADISH
,ELLA,OIL,"Weight, KG","Price, DKK",Ean CODE,
DARI KUBANI,Saulespuķu eļļa,Sunflower oil,650ml,22.00,,OIL
SOLNEČNAJA DOĻINA,Saulespuķu eļļa,Sunflower oil,1 L,,,OIL
,ETIKIS,VINEGAR,"Weight, KG","Price, DKK",Ean CODE,
ALMAS TANTE,"Etikis, 9% galda","Vinegar, 9%",500ml,8.00,4751001630012,VINEGAR
ALMAS TANTE,Partikas etika esence 70%,"Vinegar, 70%",300ml,19.00,4751001630029,VINEGAR
,MILTI,FLOUR,"Weight, KG","Price, DKK",Ean CODE,
DOBELES DZIRNAVNIEKS,Maisījums PANKŪKAS PLĀNĀS,Mixture PANKŪKAS PLĀNĀS (for pancakes),400g,15.00,,FLOUR
DOBELES DZIRNAVNIEKS,Maisījums PANKŪKAS RAUGA,Mixture PANCAKES YEAST,500g,15.00,,FLOUR
,SALS,SALT,"Weight, KG","Price, DKK",Ean CODE,
ARTIOMSOL,"Galda sals, rupjais",Salt,1 kg,7.00,4820002270012,Salt
ARTIOMSOL,"Galda sals ar jodu, rupjais",Salt with iodine,1 kg,8.00,4820002270128,Salt
ARTIOMSOL,Sals,Salt,1 kg,8.00,4771323250088,Salt
,PULVERIS,POWDER,"Weight, KG","Price, DKK",Ean CODE,
Aloja,Kartupelu ciete,Potato starch,400g,15.00,4750073221142,POWDER
DOBELES DZIRNAVNIEKS,Planas pankūkas,Thin pankace mix,400g,12.00,4750020040130,POWDER
DOBELES DZIRNAVNIEKS,Rauga pankūkas,Yeast pancake mix,508g,15.00,4750020040314,POWDER
DOBELES DZIRNAVNIEKS,Šokolades kekss,Chocolate cake mix,450g,12.00,4750020040451,POWDER
DOBELES DZIRNAVNIEKS,Iecienitas pankūkas,Favourite thick pancake mix,400g,12.00,4750020040116,POWDER
DOBELES DZIRNAVNIEKS,Majas kekss,Home cake mix,450g,12.00,4750020040437,POWDER
Baš. Sod. Komp,Soda dzerama,Drinking soda,500g,15.00,4771323251115,POWDER
,TAUPA,CONSERVES,"Weight, KG","Price, DKK",Ean CODE,
GOSPODAROČKA,Ikri baklažānu,Eggplant caviar,475g,25.00,,CONSERVES
GOSPODAROČKA,Ikri kabaču,Zucchini caviar,475g,25.00,48200247911465,CONSERVES
KRONIS,Lečo dārzeņu,Leco vegetables,460g,,,CONSERVES
KRONIS,Lečo pupiņu,Leco beans,440g,20.00,4750211610418,CONSERVES
KRONIS,Lečo sēņu,Leco mushroom,440g,22.00,4750211660819,CONSERVES
Saldus galas kombinats,Vistas škinkis,Chicken ham,250g,15.00,4750398920980,CONSERVES
,PELEKIE ZIRNI,GRAY PEAS,"Weight, KG","Price, DKK",Ean CODE,
KRONIS,Pelēkie zirņi ar cūku taukiem,Grey peas with pig fat,460g,22.00,4750211790417,GRAY PEAS
SPILVA,Pelēkie zirņi cūku taukos,Grey peas with pig fat,570g,26.00,4750022186102,GRAY PEAS
ALMAS TANTE,Pelēkie zirņi cūku taukos,Grey peas with pig fat,500g,25.00,4751001630449,GRAY PEAS
Milda,Pelēkie zirņi cūku taukiem,Grey peas with pig fat,520g,20.00,4750097001317,GRAY PEAS
Dimdini,Pelekie zirni variti,Boiled grey peas,400g,14.00,4751001620969,GRAY PEAS
,,,,,,
Dimdini,Varitas pupinas,Bolied beans,300g,14.00,4751001620976,
,SKABENES,SORREL,"Weight, KG","Price, DKK",Ean CODE,
SPILVA,Skabenes,Sorrel,530g,22.00,4750022150103,SORREL
,SALATI,SALADS,"Weight, KG","Price, DKK",Ean CODE,
ZELTA SAULE,Salāti Čigānu Gaume,Salad “Gypsy”,900g,20.00,4750259015558,SALADS
ZELTA SAULE,Salāti Grieķu,Greek salad,900g,20.00,,SALADS
DIMDINI,PIKNIKA SALATI. Korean salat,Korean carrots salad,500g,29.00,4751001621522,SALADS
DIMDINI,PIKNIKA SALATI. Bietes salat,Beets salad,500g,29.00,4751001621386,SALADS
,FOOD STIKLA,FOOD IN GLASS,"Weight, KG","Price, DKK",Ean CODE,
SPILVA,Plovs,Pilaf,520g,25.00,4750022144041,FOOD IN GLASS
ALMAS TANTE,Plovs ar žavetu galu,Pilaf with dried beef,500g,25.00,4751001630579,FOOD IN GLASS
,MARINETA GURKUS,MARINATED CUCUMBERS,"Weight, KG","Price, DKK",Ean CODE,
Delika,"Marineti gurki (pikanti, veseli, saldskabi)","Pickles (spicy, healthy, sweet and sour)",660g (330g),19.00,4770583215547,MARINATED CUCUMBERS
Almas tantes ,Marineti gurki,Pickles,3000g,55.00,4751001630098,MARINATED CUCUMBERS
KRONIS,Gurķi marinēti ar saldinataju,Marinated cucumbers,680g,20.00,4750211031213,MARINATED CUCUMBERS
SPILVA,Gurķi marinēti asie (6-9cm),Marinated cucumbers (6-9cm),670g,25.00,4750022074126,MARINATED CUCUMBERS
SPILVA,Gurķi marinēti asie (6-9cm),Marinated cucumbers (6-9cm),330g,15.00,4750022074072,MARINATED CUCUMBERS
SPILVA,Gurķīši marinēti (3-6cm),Marinated cucumbers (3-6cm),670g (360g),25.00,4750022074102,MARINATED CUCUMBERS
SPILVA,Latvijas lauku gurķi,Latvian countryside cucumber,"1,6kg",50.00,4750022074270,MARINATED CUCUMBERS
SPILVA,Pipargurķīši asie,Chilli cucumbers,370ml,,,MARINATED CUCUMBERS
,MARINETA TOMATUS,MARINATED TOMATOES,"Weight, KG","Price, DKK",Ean CODE,
ALMAS TANTE,Tomati želeja,Tomatoes in jelly,500g,16.00,4751001630319,MARINATED TOMATOES
Taste Land,Tomati sava sula,Tomatoes in own juice,660g (330g),16.00,4771459047439,MARINATED TOMATOES
,VARITAS BIETES,BOILED BEETS,"Weight, KG","Price, DKK",Ean code,
Dimdini,Varitas rivetas bietes,Boiled grated beets,350g,?,4751001621768,BOILED BEETS
,MATINETA BIETES,BEETROOT,"Weight, KG","Price, DKK",Ean CODE,
SPILVA,Bietes ar kimenem,Beets with caraway,570g (330g),18.00,4750022077103,BEETROOT
SPILVA,Bietes Klasiskas,Beets classic,570g (330g),18.00,4750022072108,BEETROOT
Almas tantes,Marinetas bietes,Marinated beets,275g,12.00,4751001630067,BEETROOT
,KAPOSTI,SAUERKRAUT,"Weight, KG","Price, DKK",Ean CODE,
Dimdinkaposti,Štoveti kaposti,Stewed sauerkraut,500g,15.00,4751001620624,SAUERKRAUT
Dimdini,BIO skabeti kaposti ar burkaniem,,900g,35.00,4751001621508,SAUERKRAUT
Dimdini,SPICIE skabeti kaposti ar burkaniem,,850g,20.00,4751001620662,SAUERKRAUT
Dimdini,SMAILIE svaigi kaposti ar burkaniem marinade,,1kg,22.00,4751001620525,SAUERKRAUT
Ensat,Jūras kaposti,Sea cabbage,200g,12.00,4751000360200,SAUERKRAUT
,IEBAZINATS PIENAS,CONDENSED MILK ,"Weight, KG","Price, DKK",Ean CODE,
EXPORT,Iebezinats piena produkts ar cukru,Condensed milk,,17.00,,
COFFEE/ TEA,,,,,,
,KAFIJAS,COFFEE,"Weight, KG","Price, DKK",Ean CODE,
INDIAN INSTANT,Šķīstoša Indijas kafija,Soluble Indian coffee,90g,25.00,8901030083273,
,TEJA,TEA,"Weight, KG","Price, DKK",Ean CODE,TEA
Zelta Zilonis Možums,Zalu teja KUMELITES,Herbal tea CAMOMILE,20g,10.00,4750536000826,TEA
Zelta Zilonis Možums,Ziedu teja KARKADE,Flower tea KARKADE,35g,10.00,4750536000840,TEA
Zelta Zilonis Možums,Auglu teja MEŽROZITES,Fruit tea ROSEHIPS,35g,12.00,4750536000833,TEA
Zelta Zilonis Možums,Zalu teja LIEPZIEDU,Herbal tea LINDEN BLOSSOM,30g,12.00,4750536001496,TEA
Zelta Zilonis Možums,Piparmetru zala teja,Peppermint green tea,30g,10.00,4750536001700,TEA
MAJSKIJ,Tēja Čornij Brilliant (25x2g),Tea Čornij Brilliant (25x2g),50g,20.00,,TEA
MAJSKIJ,Tēja Korolevskoje Safari,Tea Korolevskoje Safari,100g,28.00,,TEA
MAJSKIJ,Tēja Korolevskoje Safari (25x2g),Tea Korolevskoje Safari (25x2g),50g,20.00,4607051150348,TEA
MAJSKIJ,Tēja Otbornij (100x2g),Tea Otbornij,200g,,,TEA
MAJSKIJ,Tēja Otbornij,Tea Otbornij (100x2g),100g,28.00,4607051151321,TEA
MAJSKIJ,Tēja Otbornij Ceilon (25x2g),Tea Otbornij Ceilon (25x2g),50g,20.00,4607051151345,TEA
JAM/ HONEY,,,,,,
,JAM,JAM,"Weight, KG","Price, DKK",Ean CODE,
SPILVA,Biezenis ābolu ar saldo krējumu,Apple puree with whipped cream,500g,?,4750022140326,JAM
SPILVA,Mežrozīšu ievārījums,Rosehip jam,400g,35.00,4750022119384,JAM
PURE,Brūklenu ievarijums,Cranberry jam,410g,35.00,4750145022387,JAM
PURE,Mellenu ievarijums,Blueberry jam,410g,35.00,4750145022486,JAM
,MEDUS,HONEY,"Weight, KG","Price, DKK",Ean CODE,
VINNIS,Griķu ziedu medus,Buckwheat blossom honey,300g,35.00,4750241111725,HONEY
VINNIS,Dazadu ziedu medus,Different flowers' honey,500g,50.00,4750241111237,
NON ALCOCHOL DRINKS,,,,,,
,SULA/ NEKTARS/ DZERIENS/ MORSS,JUICE/ NECTARS/ DRINKS/ CHOKEBERRY,"Capacity, l","Price, DKK",Ean CODE,JUICE/ NECTARS/ DRINKS/ CHOKEBERRY
ALMAS TANTE,Ābolu sula,Apple juice,3L,40.00,4751001630128,JUICE/ NECTARS/ DRINKS/ CHOKEBERRY
ALMAS TANTE,Ābolu-ķiršu nektārs,Apple- cherry nectar,3L,50.00,4751001630364,JUICE/ NECTARS/ DRINKS/ CHOKEBERRY
ALMAS TANTE,Ābolu-zemenu nektārs,Apple- strawberry nectra,3L,50.00,4751001630340,JUICE/ NECTARS/ DRINKS/ CHOKEBERRY
ALMAS TANTE,Tomātu sula,Tomato juice,3L,35.00,4751001630111,JUICE/ NECTARS/ DRINKS/ CHOKEBERRY
PURE,Plumju nektars,Plum nectar,3L,45.00,4750145016232,JUICE/ NECTARS/ DRINKS/ CHOKEBERRY
GRANDA,Granātābolu sula,Pomegranate juice,1L,35.00,,JUICE/ NECTARS/ DRINKS/ CHOKEBERRY
GUTTA,Plūmju nektārs,Plum nectar,1L,15.00,4750009736511,JUICE/ NECTARS/ DRINKS/ CHOKEBERRY
GUTTA,Baltijas upenes (min25%),Baltic black currant,1L,15.00,4750009941892,JUICE/ NECTARS/ DRINKS/ CHOKEBERRY
GUTTA,Apelsinu sula (100%),Orange juice,1L,15.00,4750009711518,JUICE/ NECTARS/ DRINKS/ CHOKEBERRY
GUTTA,Citronu nektars,Lemon juice,1L,15.00,4750009752511,JUICE/ NECTARS/ DRINKS/ CHOKEBERRY
GUTTA,Kiršu dzeriens,Cherry drink,1L,15.00,4750009798502,JUICE/ NECTARS/ DRINKS/ CHOKEBERRY
GUTTA,Dzervenu dzeriens,Cranberry drink,1L,15.00,4750009786509,JUICE/ NECTARS/ DRINKS/ CHOKEBERRY
GUTTA,Miltiauglu nektars,Multifruit nectar,1L,15.00,4750009742512,JUICE/ NECTARS/ DRINKS/ CHOKEBERRY
GUTTA,Tomatu sula,Tomato juice,1L,15.00,4750009761513,JUICE/ NECTARS/ DRINKS/ CHOKEBERRY
GUTTA,Granātābolu dzeriens,Pomegranate drink,1L,15.00,4750009788503,JUICE/ NECTARS/ DRINKS/ CHOKEBERRY
GUTTA,LOTTE vinogu-zemenu nektars,LOTTE grape-strawberry nectar,200ml,7.00,4750009941939,JUICE/ NECTARS/ DRINKS/ CHOKEBERRY
GUTTA,LOTTE abolu-bumbieru nektars,LOTTE apple-pear nectar,200ml,7.00,4750009941687,JUICE/ NECTARS/ DRINKS/ CHOKEBERRY
GUTTA,LOTTE miltiauglu nektars,LOTTE multifruit nectar,200ml,7.00,4750009941670,JUICE/ NECTARS/ DRINKS/ CHOKEBERRY
GUTTA,Negazets dzeriens ar tejas ekstraktu un avenu garšu “Ice Tea”,"Soft drinks with the tea extract and raspberry flavor ""Ice Tea""","1,5L",20.00,4750009942004,JUICE/ NECTARS/ DRINKS/ CHOKEBERRY
GUTTA,Negazets dzeriens ar tejas ekstraktu un citronu garšu “Ice Tea”,"Soft drinks with the tea extract and lemon flavor ""Ice Tea""","1,5L",20.00,4750009573543,JUICE/ NECTARS/ DRINKS/ CHOKEBERRY
GUTTA,Dažadu ogu dzeriens “Ogu kokteilis” GUTTA MAX,Mixed berry drink “Berry coctail” GUTTA MAX,2 L,24.00,4750009942653,JUICE/ NECTARS/ DRINKS/ CHOKEBERRY
GUTTA,Abolu nektars GUTTA MAX,Apple nectar GUTTA MAX,2 L,24.00,4750009312968,JUICE/ NECTARS/ DRINKS/ CHOKEBERRY
GUTTA,Sarkano vinogu nektars “Romiešu vinogas”,Red grape nectar “Roman grape”,2 L,24.00,4750009941908,JUICE/ NECTARS/ DRINKS/ CHOKEBERRY
GUTTA,Apelsinu- mango nektars GUTTA MAX,Orange – mango nectar GUTTA MAX,2 L,24.00,4750009942844,JUICE/ NECTARS/ DRINKS/ CHOKEBERRY
GUTTA,Dzervenu dzeriens GUTTA MAX,Cranberry drink GUTTA MAX,2 L,24.00,4750009386976,JUICE/ NECTARS/ DRINKS/ CHOKEBERRY
GUTTA,Dzeriens ar abolu-piparmetru garšu GUTTA FRESH,Soft drink with apple-peppermint taste GUTTA FRESH,2 L,?,4750009942202,JUICE/ NECTARS/ DRINKS/ CHOKEBERRY
GUTTA,Upenu- janogu dzeriens GUTTA FRESH,Black and red currant drink GUTTA FRESH,2 L,?,4750009942882,JUICE/ NECTARS/ DRINKS/ CHOKEBERRY
GUTTA,Mandarinu dzeriens ar citronu-laima garšu GUTTA FRESH,Mandarin drink with lemon-lime taste GUTTA FRESH,2 L,?,4750009942196,JUICE/ NECTARS/ DRINKS/ CHOKEBERRY
GUTTA,"ZIEMAS KARSTAIS kiršu, dzervenu, aroniju dzeriens","WINTER HOT cherries, cranberries, chokeberry drink",1L,22.00,4750009943469,JUICE/ NECTARS/ DRINKS/ CHOKEBERRY
GUTTA,KARSTAIS upenu-sarkano vinogu dzeriens,HOT black currant-red grape drink,1L,22.00,4750009711266,JUICE/ NECTARS/ DRINKS/ CHOKEBERRY
Cido Group,Tomatu sula no koncentretas sulas Cido Selection,Tomatoe juice Cido Selection,1 L,16.00,4750042300878,JUICE/ NECTARS/ DRINKS/ CHOKEBERRY
Cido Group,Sarkanie apelsini sula Cido Selection,Red orange juice Cido Selection,1 L,16.00,4750042303619,JUICE/ NECTARS/ DRINKS/ CHOKEBERRY
Cido Group,Granatabolu nektars ražots no koncentretas sulas,Pomegranate nectar Cido Selection,1 L,16.00,4750042303336,JUICE/ NECTARS/ DRINKS/ CHOKEBERRY
Cido Group,Mango nektars ražots no koncentreta biezena Cido Selection,Mango nectar Cido Selection,1 L,16.00,4750042303411,JUICE/ NECTARS/ DRINKS/ CHOKEBERRY
Cido Group,Ananass- kokoss sula Cido Selection,Ananas- coconut juice Cido Selection,1 L,16.00,4750042303312,JUICE/ NECTARS/ DRINKS/ CHOKEBERRY
Cido Group,Citrons- laims sula Cido,Lemon- lime juice Cido,1 L,16.00,4750042303053,JUICE/ NECTARS/ DRINKS/ CHOKEBERRY
Cido Group,Bananu nektars no biezena Cido,Banana nectar Cido,1 L,16.00,4750042302698,JUICE/ NECTARS/ DRINKS/ CHOKEBERRY
Cido Group,Darzenu sula no koncentretam salam Cido,Vegetable juice Cido,1 L,16.00,4750042804338,JUICE/ NECTARS/ DRINKS/ CHOKEBERRY
Cido Group,Tomatu sula no koncentretas sulas Cido,Tomatoe juice Cido,1 L,16.00,4750042804222,JUICE/ NECTARS/ DRINKS/ CHOKEBERRY
Cido Group,Apelsinu sula no koncentretas sulas Cido,Orange juice Cido,1 L,16.00,4750042804208,JUICE/ NECTARS/ DRINKS/ CHOKEBERRY
Cido Group,Multiauglu mix sula Cido,Multifruit juice Cido,1 L,16.00,4750042300557,JUICE/ NECTARS/ DRINKS/ CHOKEBERRY
SADAČOK,Morss dzērveņu-ābolu ,Apple-cranberry chokeberry,950ml,16.00,4823063110051,JUICE/ NECTARS/ DRINKS/ CHOKEBERRY
,MINERALUDENS,MINERAL WATER (pant price is NOT included),"Capacity, l","Price, DKK",Ean CODE,
BORJOMI,Minerālūdens gāzēts Pet,Sparkling mineral water,1L,19.00,4860019001360,MINERAL WATER (pant price is NOT included)
ESSENTUKY,Nr.17 gāzēts dzēriens ar dab.sāļu saturu,No.17 carbonated drink,1L,12.00,4640001853364,MINERAL WATER (pant price is NOT included)
ESSENTUKY,Nr.4 gāzēts dzēriens ar dab.sāļu saturu,No.4 carbonated drink,1L,13.00,4607160011547,MINERAL WATER (pant price is NOT included)
,KVASS ,KVAS (pant price is NOT included),"Capacity, l","Price, DKK",Ean CODE,
BORODINSKIJ,Kvasa dzēriens,Kvas drink,3L,32.00,4750099523404,KVAS (pant price is NOT included)
GUTTA,Rigas kvass,Rigas kvas,"0,5L",11.50,4750009942424,KVAS (pant price is NOT included)
GUTTA,Rigas kvasa dzeriens,,,17.00,4750009913455,KVAS (pant price is NOT included)
CIDO grupa,"Kvass ""Livu"" (nefiltrets)",Livu kvas,1.5L,17.00,4750132002101,KVAS (pant price is NOT included)
CIDO grupa,Senču kvasam,,"1,5L",17.00,4750042201441,KVAS (pant price is NOT included)
IĻĢUCIEMS,Dzēriens Veselība,Health drink,"1,5L",17.00,,KVAS (pant price is NOT included)
IĻĢUCIEMS,Kvass,Kvas,500ml,11.50,4750239577717,KVAS (pant price is NOT included)
IĻĢUCIEMS,Kvass Iļģuciems,Kvas,"1,5L",17.00,4750239577724,KVAS (pant price is NOT included)
ULMAŅLAIKU,Kvass,Kvas,"1,5L",17.00,4750142105137,KVAS (pant price is NOT included)
ULMAŅLAIKU KVASS,Kvass,Kvas,568ml,11.50,4750142105281,KVAS (pant price is NOT included)
,LIMONADE,LIMONADE (pant price is NOT included),"Capacity, l","Price, DKK",Ean CODE,
GUTTA,Klasiska limonade,Classic limonade,"1,5L",13.00,4750009942929,LIMONADE (pant price is NOT included)
GUTTA,Bumbieru limonade,Pear limonade,"1,5L",13.00,4750009942936,LIMONADE (pant price is NOT included)
ČERNOGALOVKA,Limonāde gāzēta Baykal,Carbonated limonade “Baykal”,1L,17.00,4602441000067,LIMONADE (pant price is NOT included)
ČERNOGALOVKA,Limonāde gāzēta Dueshes,Carbonated limonade “Dueshes”,1L,17.00,4602441000609,LIMONADE (pant price is NOT included)
ČERNOGALOVKA,Limonāde gāzēta Tarhun,Carbonated limonade “Tarhun”,1L,17.00,4602441000081,LIMONADE (pant price is NOT included)
ČERNOGALOVKA,Limonāde gāzēta Buratino,Carbonated limonade “Buratino”,1L,17.00,,LIMONADE (pant price is NOT included)
ČERNOGALOVKA,Limonāde gāzēta Krjušon,Carbonated limonade “Krjušon”,1L,17.00,4602441011339,LIMONADE (pant price is NOT included)
,SPARKLING DRINKS (NON ALCOHOL),SPARKLING DRINKS (NON ALCOHOL),"Capacity, l","Price, DKK",Ean CODE,
DŽUNGĻI,Dzirkstošais dzēriens ar Cidoniju un ābolu garšu,Sparkling with quince and apple flavor,750ml,35.00,4750108005419,SPARKLING DRINKS (NON ALCOHOL)
DŽUNGĻI,Dzirkstošais dzēriens ar zemeņu garšu,Sparkling drink with strawberry flavor,750ml,35.00,4750108005167,SPARKLING DRINKS (NON ALCOHOL)
DŽUNGĻI,Dzirkstošais dzēriens ar mango-persiku garšu,Sparkling drink with mango-peach flavor,750ml,35.00,4750108005143,SPARKLING DRINKS (NON ALCOHOL)
RĪGAS ŠAMPANIETIS,DZIRKSTOŠAIS BEZALKOHOLISKAIS,Sparkling soft drink,750ml,44.00,4750012498857,SPARKLING DRINKS (NON ALCOHOL)
,KOMPOTS,COMPOTE,"Weight, KG","Price, DKK",Ean CODE,
ZELTA SAULE,"Kompots, ķiršu",Compote cherry,900g,30.00,,COMPOTE
ZELTA SAULE,"Kompots, plūmju",Compote plum,900g,25.00,4750259015442,COMPOTE
ZELTA SAULE,"Kompots, zemenu",Compote strawberry,900g,25.00,4750259015428,COMPOTE
ALCOCHOL DRINKS,,,,,,
,ALUS,BEER (pant price is NOT included),"Weight, KG","Price, DKK",Ean CODE,
Aldaris,"Alus LUKSUS 5,2% alk.","Beer LUKSUS 5,2% alc",500ml,12.00,47500358,BEER (pant price is NOT included)
Aldaris,"Alus LUKSUS 5,2% alk.","Beer LUKSUS 5,2% alc",568ml,12.00,4750049000573,BEER (pant price is NOT included)
Aldaris,"Alus LUKSUS 5,2% alk. (nefiltretais)","Beer LUKSUS 5,2% alc (unfiltered)",500ml,12.00,4750049215342,BEER (pant price is NOT included)
Aldaris,"Alus LUKSUS 5,2% alk. (nefiltretais)","Beer LUKSUS 5,2% alc (unfiltered)",568ml,12.00,4750049000580,BEER (pant price is NOT included)
Aldaris,"Alus 1865 4,8% alk.","Beer 1865 4,8% alc",500ml,12.00,4750049000726,BEER (pant price is NOT included)
Aldaris,Alus GAIŠAIS 5% alk ,Beer GAIŠAIS 5% alc,500ml,12.00,4750049052015,BEER (pant price is NOT included)
Aldaris,Alus GAIŠAIS 5% alk ,Beer GAIŠAIS 5% alc,568ml,12.00,4750049005684,BEER (pant price is NOT included)
Aldaris,"Alus ZELTA Light 4,2% alk","Beer ZELTA Light 4,2% alc",500ml,12.00,4750049004113,BEER (pant price is NOT included)
Aldaris,"Alus ZELTA Light 4,2% alk","Beer ZELTA Light 4,2% alc",500ml,12.00,4750049104110,BEER (pant price is NOT included)
Aldaris,"Alus ZELTA Premium 5,2% alk","Beer ZELTA Premium 5,2% alc",568ml,12.00,4750049122183,BEER (pant price is NOT included)
Aldaris,"Alus ZELTA Premium 5,2% alk","Beer ZELTA Premium 5,2% alc",500ml,12.00,4750049050004,BEER (pant price is NOT included)
Aldaris,"Alus APINITIS 5,3% alk",Beer APINITIS,568ml,12.00,4750049675559,BEER (pant price is NOT included)
Aldaris,RADLER. Alus ar greipfrutu sulu 2% alk,RADLER. Beer with greipfruit juice 2% alc,500ml,12.00,4770349225667,BEER (pant price is NOT included)
Aldaris,"MEŽPILS tumšais alus 5,7% alk","MEŽPILS dark beer 5,7% alc",500ml,15.00,4750049810097,BEER (pant price is NOT included)
Aldaris,"Alus PORTERIS 24 menešus noturets, 6,8% alk","Beer Latvian PORTER aged for 24 month, 6,8% alc",500ml,29.00,4750049354652,BEER (pant price is NOT included)
Brick by Brick,"Alus EEL LEGS (unfiltered lager) 5,3% alk","Beer EEL LEGS (unfiltered lager) 4,5% alc",330ml,11.00,4770349226596,BEER (pant price is NOT included)
Brick by Brick,"Alus RUNNING DUNE (witbier) 4,5% alk","Beer RUNNING DUNE (whit4e beer) 4,5% alc",330ml,11.00,4770349226589,BEER (pant price is NOT included)
Brick by Brick,"Alus BONUN'S MOUSTACHE (american style ipa) 6,0% alk","Beer BONUN'S MOUSTACHE (american style ipa) 6,0% alc",330ml,11.00,4770349226800,BEER (pant price is NOT included)
Brick by Brick,"Alus RUNNING DUNE (witbier) 4,5% alk","Beer RUNNING DUNE (whit4e beer) 4,5% alc",750ml,26.00,4770349226572,BEER (pant price is NOT included)
Brick by Brick,"Alus BONUN'S MOUSTACHE (american style ipa) 6,0% alk","Beer BONUN'S MOUSTACHE (american style ipa) 6,0% alc",750ml,26.00,4770349226817,BEER (pant price is NOT included)
Brick by Brick,Alus SHARK'S COFFEE POT (sweet stout) 4.5% alk,Beer SHARK'S COFFEE POT (sweet stout) 4.5%alc,750ml,26.00,4770075446374,BEER (pant price is NOT included)
Brick by Brick,Alus UNKNOWN SHORE (oak dubbel) 6.0% alk,Beer UNKNOWN SHORE ( oak dubbel) 6.0% alc,750ml,26.00,4770349226619,BEER (pant price is NOT included)
Baltika Breweries,"Alus BALTIKA EXPORT NO 7 5,4% alk","Beer BALTIKA EXPORT NO 7 5,4% alc",1 L,17.00,4600682001522,BEER (pant price is NOT included)
,DZIRKSTOŠAIS VĪNS,SPARKLING WINE,"Weight, KG","Price, DKK",Ean CODE,
Latvijas balzams,"Dzirkstošais vins RIGAS BRUT, 11.5% alk","Sparkling wine RIGAS BRUT, 11.5% alc","0,75 L",59.00,4750012453856,SPARKLING WINE
Latvijas balzams,"Dzirkstošais vins RIGAS ROSE (salds), 11.5% alk","Sparkling wine RIGAS ROSE (sweet), 11.5% alc","0,75 L",59.00,4750012469857,SPARKLING WINE
Latvijas balzams,"Dzirkstošais vins RIGAS SWEET, 11.5% alk","Sparkling wine RIGAS SWEET, 11.5% alc",0.2 L,20.00,4750012450275,SPARKLING WINE
Latvijas balzams,"Dzirkstošais vins RIGAS ROSE (salds), 11.5% alk","Sparkling wine RIGAS ROSE (sweet), 11.5% alc","0,2 L",20.00,4750012469277,SPARKLING WINE
Latvijas balzams,"Рижское ИГРИСТОЕ полусладкое, 11.5% alk","Rizhskoe IGRISTOE polusladkoe, 11.5% alc",0.75 L,59.00,4750012445851,SPARKLING WINE
Latvijas balzams,"Dzirkstošais vins COSMOPOLITAN DIVA , 6% alk","Sparkling wine COSMOPOLITAN DIVA, 6% alc","0,75 L",39.00,4750012025855,SPARKLING WINE
Latvijas balzams,"Dzirkstošais vins COSMOPOLITAN DIVA citrus fusion, 6% alk","Sparkling wine COSMOPOLITAN DIVA citrus fusion, 6% alc","0,75 L",39.00,4750012027859,SPARKLING WINE
Latvijas balzams,"Dzirkstošais vins COSMOPOLITAN DIVA berry fusion, 6% alk","Sparkling wine COSMOPOLITAN DIVA berry fusion, 6% alc","0,75 L",39.00,4750012026852,SPARKLING WINE
,SIDER,CIDER (pant price is NOT included),"Weight, KG","Price, DKK",Ean CODE,
Aldaris,Apple cider Zelta,Apple cider Zelta,500ml,13.00,4750049987652,
,BRENDIJS,BRANDY,"Weight, KG","Price, DKK",Ean CODE,
Yerevan Brandy Company,Brendis ARARAT 3-jų metų brandinimo,Ararat – 3 years,"0,5l",140.00,4850001001904,BRANDY
Yerevan Brandy Company,Brendis ARARAT 5-ių metų brandinimo,Ararat – 5 years,"0,5l",150.00,4850001001935,BRANDY
Yerevan Brandy Company,Brendis ARARAT 6-ių metų brandinimo,Ararat – 6 years,"0,5l",160.00,4850001001966,BRANDY
Yerevan Brandy Company,Brendis ARARAT 10-ies metų brandinimo,Ararat – 10 years,"0,5l",200.00,4850001002024,BRANDY
Latvijas Balzams,Brandy  GRAND CAVALIER,Brand GRAND CAVALIER,"0,7l",120.00,4750021523328,BRANDY
,VODKA/ UZLEJUMS,VODKA/ SPIRIT DRINK,,,,
Latvijas Balzams,"Originals Latvijas Degvins Vodka, 40% alk","Original Latvian  vodka, 40% alc","0,7l",100.00,4750021228339,VODKA/ SPIRIT DRINK
Latvijas Balzams,"Riga Black Vodka, 40% alk","Riga black vodka, 40% alc","0,7l",120.00,4750021221361,VODKA/ SPIRIT DRINK
Latvijas Balzams,"Dzervenu uzlejums CRANBERRY, 36% alk","Spirit drink Infusion Cranberry, 36% alc","0,5l",80.00,4750021542237,VODKA/ SPIRIT DRINK
Latvijas Balzams,"RIGAS MELNAIS BALSAMS, 45% alk","RIGA BLACK BALSAM, 45% alc","0,04l",20.00,4750021101991,VODKA/ SPIRIT DRINK
Latvijas Balzams,"RIGAS MELNAIS BALSAMS ar upenu garšu, 30% alk",RIGA BLACK BALSAM currant. 30% alc,0.04 l,20.00,4750021538995,VODKA/ SPIRIT DRINK
Latvijas Balzams,"RIGAS MELNAIS BALSAMS element, 40% alk","RIGA BLACK BALSAM element, 40% alc",0.04 l,20.00,4750021107993,VODKA/ SPIRIT DRINK
Latvijas Balzams,"RIGAS MELNAIS BALSAMS, 45% alk","RIGA BLACK BALSAM, 45% alc","0,2 l",60.00,4750021101984,VODKA/ SPIRIT DRINK
Latvijas Balzams,"RIGAS MELNAIS BALSAMS ar upenu garšu, 30% alk","RIGA BLACK BALSAM currant, 30% alc","0,2 l",50.00,4750021538957,VODKA/ SPIRIT DRINK
Latvijas Balzams,"RIGAS MELNAIS BALSAMS, 45% alk","RIGA BLACK BALSAM, 45% alc","0,35 l",120.00,4750021101786,VODKA/ SPIRIT DRINK
Latvijas Balzams,"RIGAS MELNAIS BALSAMS, 45% alk","RIGA BLACK BALSAM, 45% alc","0,5 l",130.00,4750021101281,VODKA/ SPIRIT DRINK
Latvijas Balzams,"RIGAS MELNAIS BALSAMS ar upenu garšu, 30% alk","RIGA BLACK BALSAM currant, 30% alc","0,5l",100.00,4750021537288,VODKA/ SPIRIT DRINK
Latvijas Balzams,"RIGAS MELNAIS BALSAMS ar upenu garšu (aile), 30% alk","RIGA BLACK BALSAM currant (in box), 30% alc","0,5 l",100.00,4750021537295,VODKA/ SPIRIT DRINK
Latvijas Balzams,"RIGAS MELNAIS BALSAMS element, 40% alk","RIGA BLACK BALSAM element, 40% alc","0,5 l",100.00,4750021107283,VODKA/ SPIRIT DRINK
Latvijas Balzams,"RIGAS MELNAIS BALSAMS, 45% alk","RIGA BLACK BALSAM, 45% alc","0,7 l",170.00,4750021101380,VODKA/ SPIRIT DRINK
Latvijas Balzams,"RIGAS MELNAIS BALSAMS (aile), 45% alk","RIGA BLACK BALSAM (in box), 45% alc","0,7 l",170.00,4750021101373,VODKA/ SPIRIT DRINK
Latvijas Balzams,"RIGAS MELNA BALSAMA komplekts ar 2 glazitem, 45% alk","Gift set of RIGA BLACK BALSAM with 2 shot-glasses, 45% alc","0,5l",180.00,4750021101229,VODKA/ SPIRIT DRINK
Latvijas Balzams,"RIGAS MELNA BALSAMA ar upenu garšu komplekts ar 2 glazitem, 45% alk","Gift set of RIGA BLACK BALSAM currant with 2 shot-glasses, 45% alc","0,5 l",150.00,4750021537219,VODKA/ SPIRIT DRINK
Latvijas Balzams,RIGAS MELNAIS BALSAMS Collection (4x40ml),RIGA BLACK BALSAM currant Collection (4x40ml),4x40ml,80.00,4750021108112,VODKA/ SPIRIT DRINK
,LIKIERIS,LIQUEUR,,,,
Latvijas Balzams,"RIGA BLACK BALSAM CREAM. Krejuma likieris, 17% alk","RIGA BLACK BALSAM CREAM. Cream liqueur, 17% alc","0,5l",110.00,4750021358296,LIQUEUR
Latvijas Balzams,"Krejuma likieris ŠARLOTE kafijas, 17% alk","Cream liueur ŠARLOTE coffee, 17% alc","0,5 l",75.00,4750021302251,LIQUEUR
Latvijas Balzams,"Likieris ALLAŽU KIMELIS, 40% alk","Liqueur ALLAŽU KIMELIS, 40% alc","0,35l",75.00,4750021304798,LIQUEUR
MILK PRODUCTS,,,,,,
,SWEET BIEZPIENS,SWEET CURD CHEESE,"Weight, KG","Price, DKK",Ean CODE,
BALTAIS,Baltais biezpiena sieriņš Medus kūka,White curd cheese Honey Cake,38g,5.00,4750072511138,SWEET CURD CHEESE
BALTAIS,Biezpiena sieriņš kartupelis,Curd cheese potato,38g,5.00,,SWEET CURD CHEESE
BALTAIS,Biezpiena sieriņš Skudru pūznis,Curd cheese Skudru pūznis,38g,5.00,,SWEET CURD CHEESE
EHRMANN,Bērnu biezpiens Rby,Children curd Rby,50g,5.00,,SWEET CURD CHEESE
VILKYSKIU PIENINE,Saldais biezpiena deserts ar šokolādes garšu,Sweet cheese dessert with chocolate flavor,35g,5.00,,SWEET CURD CHEESE
VILKYSKIU PIENINE,Saldais biezpiena deserts ar vaniļas garšu,Sweet cheese dessert with vanilla flavor,35g,5.00,,SWEET CURD CHEESE
VILKYSKIU PIENINE,Saldais biezpiena deserts ar zemeņu garšu,Sweet cheese dessert with strawberry flavor,35g,5.00,,SWEET CURD CHEESE
KĀRUMS,BIEZPIENA SIERINŠ AR SUKĀDEM,Curd cheese with candies,45g,7.00,,SWEET CURD CHEESE
KĀRUMS,Biezpiena sierinš KARUMS karamelu,Curd cheese KARUMS with caramel,45g,7.00,4750050341481,SWEET CURD CHEESE
KĀRUMS,Biezpiena sierinš KARUMS vanilla,Curd cheese KARUMS with vanilla,45g,7.00,4750050341405,SWEET CURD CHEESE
KĀRUMS,BIEZPIENA SIERIŅŠ VANILLA MULTIPAKA 45G*7,Curd cheese with vanilla,315g,35.00,4750050342211,SWEET CURD CHEESE
KĀRUMS,Biezpiena sierinš KARUMS ar šokolades gabaliniem,Curd cheese KARUMS with chocolate,45g,7.00,4750050341511,SWEET CURD CHEESE
KĀRUMS,Biezpiena sierinš KARUMS ar rozinem,Curd cheese KARUMS with raisins,45g,7.00,4750050341740,SWEET CURD CHEESE
KĀRUMS,Biezpiena sirienš KARUMS ar mellenem,Curd cheese KARUMS with blueberries,45g,7.00,4750050342112,SWEET CURD CHEESE
KĀRUMS,Biezpiena sirienš KARUMS ar kokosriekstu skaidinam,Curd cheese KARUMS with coconut shavings,45g,7.00,4750050341412,SWEET CURD CHEESE
LATGALE,"Biezp.sier.""Gardumiņš"" ar aprikožu 1gab",Curd cheese “Gardumins” with apricot,,7.00,,SWEET CURD CHEESE
LATGALE,Biezpiena sieriņš ar marmelādi GARDUMIŅŠ,Curd cheese “Gardumins” with jelly,90g,7.00,,SWEET CURD CHEESE
LATGALE,Biezpiena sieriņš ar rozīnēm GARDUMIŅŠ,Curd cheese “Gardumins” with raisins,90g,7.00,,SWEET CURD CHEESE
,SIERA,CHEESE,"Weight, KG","Price, DKK",Ean CODE,
DZINTARS,Kūpināta kausēta siera desa,Smoked processed cheese sausage,295g,30.00,,CHEESE
DZINTARS,Kūpināta kausēta siera desa ar šķiņķi,Smoked sausage processed cheese with ham,295g,30.00,,CHEESE
Rigas Piensaimnieks,Kausetais siers DZINTARS ar zalumu garsu,Processed cheese DZINTARS with herbs taste,30g,3.00,4750050545544,CHEESE
Rigas Piensaimnieks,Kausetais siers DZINTARS ar šampinjonu garsu,Processed cheese DZINTARS with mushroom taste,30g,3.00,4750050545551,CHEESE
Rigas Piensaimnieks,Kausetais siers DZINTARS ar škinka garsu,Processed cheese DZINTARS with ham taste,30g,3.00,4750050545575,CHEESE
Rigas Piensaimnieks,Kauseta siera DZINTARS škelites ar augu taukiem,Processed cheese slices DZINTARS with vegetable fat,130g,16.00,4750050534814,CHEESE
Rigas Piensaimnieks,Kausetas DZINTARS škelites,Processed cheese slices DZINTARS,130g,16.00,4750050534807,CHEESE
JAUNPILS,Kūpinatais siers MEDNIEKU,Smoked cheese MEDNIEKU,~200-400g,85/kg,237080060,CHEESE
JAUNPILS,Kūpinatas siera bumbas,Smoked cheese balls,140g,16.00,4751004060724,CHEESE
JAUNPILS,Siers KIMENU,Cheese KIMENU,220g,24.00,4751004060687,CHEESE
JAUNPILS,Siers PIKANTAIS,Cheese PIKANTAIS,430g,39.00,4751004060298,CHEESE
JAUNPILS,"Siers BAUSKAS ar tauku saturu sausna, 35%",,420,39.00,4751004060472,CHEESE
JAUNPILS,Siers KURZEMES,Cheese KURZEMES,420g,38.00,4751004060472,CHEESE
JAUNPILS,"Nenogatavinats siers SULGUNI, kūpinats","Fresh pasta filata type cheese, smoked",~300-400g,100/kg,237080620,CHEESE
JAUNPILS,Siers JAUNPILS FETINA,Cheese JAUNPILS FETINA,~100-300g,75/kg,237080390,CHEESE
JAUNPILS,Siers PAVASARIS,Cheese PAVASARIS,~200-400g,80/kg,237080350,CHEESE
JAUNPILS,Siers DIPLOMATS,Cheese DIPLOMATS,~150-250g,75/kg,237080320,CHEESE
JAUNPILS,Siers ZELTA,Cheese ZELTA,~250-400g,85/kg,237080100,CHEESE
JAUNPILS,"Salits, kūpinats svagais siers MŪKA",Salted smoked cheese MŪKA,~150-250g,100/kg,237080470,CHEESE
JAUNPILS,Mozzarellas bumbas,Mozzarella balls,160g,14.00,4751004060717,CHEESE
JAUNPILS,Siers OLIMPS ar valriekstu garšu,Cheese OLIMPS with walnut flavor,~570g,95/kg,Bi,CHEESE
ANNELE,"Cietais siers Parnidžio 40%, 18 mēn. Fasēts",Hard cheese Parnidžio 40% 18 months. Packed,200g,35.00,,CHEESE
ANNELE,"Cietais siers Parnidžio 40%, 6 mēn.,fas.","Hard cheese Parnidžio 40%, 6 m.",200g,35.00,,CHEESE
VILKYSKIU PIENINE,Mīkstais siers 82% Mascarpone,Soft cheese 82% Mascarpone,190g,22.00,,CHEESE
VILKYSKIU PIENINE,"Siers, 45% Mozzarella",Cheese Mozzarella 45%,100g,10.00,,CHEESE
LAUKU SĒTA,Siers DOKTORA 45% skelet,Cheese DOCTORA 45% skelet,150g,22.00,,CHEESE
TRIKATA,Sniega bumbas ar paprika,Cheese snow balls  with paprika,240g,40.00,4751020491595,CHEESE
TRIKATA,Sniega bumbas ar kiplokiem,Cheese snow balls with,240g,40.00,4751020491571,CHEESE
TRIKATA,Sniega bumbas ar tomatiem un baziliku,Cheese snow balls with tomatoes and bazilik,240g,40.00,4751020491601,CHEESE
,KEFIRS,KEFIR,"Weight, KG","Price, DKK",Ean CODE,
Baltais,Kefirs 2%,Kefir 2%,1 kg,12.00,4750072020227,KEFIR
,PIENS,MILK,"Weight, KG","Price, DKK",Ean CODE,
ANNELE,"Piens 3,5%,Tetra- Rex","Milk 3,5%",900ml,15.00,,MILK
,RJAŽENKA,RJAŽENKA,"Weight, KG","Price, DKK",Ean CODE,
Annele,"Rjaženka ar bifido bakterijam 3,2%",Rjaženka with bifido bacteria 3.2%,500g,12.00,4770265043987,RJAŽENKA
,RŪGUŠPIENS,CURDLED MILK,"Weight, KG","Price, DKK",Ean CODE,
JAUNPILS,Rūgušpiens 4%,Curdled milk 4%,400g,12.00,4751004060694,CURDLED MILK
,BIEZPIENS,CURD,"Weight, KG","Price, DKK",Ean CODE,
JAUNPILS PIENOTAVA,Biezpiens,Curd 9%,275g,16.00,4751004060021,CURD
JAUNPILS PIENOTAVA,Biezpiens,Curd 5%,275g,16.00,4751004060625,CURD
JAUNPILS PIENOTAVA,Biezpiens,"Curd 0,5%",275g,16.00,4751004060038,CURD
JAUNPILS PIENOTAVA,Biezpiens,"Curd 0,5%",600g,30.00,4751004060601,CURD
JAUNPILS PIENOTAVA,Biezpiens,Curd 5%,600g,30.00,47510040606332,CURD
JAUNPILS PIENOTAVA,Biezpiens,Curd 9%,600g,30.00,4751004060595,CURD
Annele ,Graudainais biezpiens,Grainy curd 7%,180g,14.00,4770237050579,CURD
BALTAIS,Baltais saldais biezpiens vaniļas,White sweet cottage cheese vanilla,180g,15.00,,CURD
BALTAIS,Baltais saldais biezpiens ar rozinem,White sweet cottage cheese with raisins,180g,15.00,4750072510551,CURD
BALTAIS,Vajpiena biezpiens 0.5%,Curd 0.5%,180g,14.00,4750072062265,CURD
VILKYSKIU PIENINE,"Biezpiens 0,5%, Kelmės",Curd 0.5% “Kelmės”,200g,12.00,,CURD
VILKYSKIU PIENINE,"Biezpiens 9%, Kelmės",Curd 9% “Kelmės”,200g,14.00,,CURD
LATGALE,Biezpiens 9% t.s.,Curd 9%,180g,14.00,,CURD
,SKĀBAIS KRĒJUMS,SOUR CREAM,"Weight, KG","Price, DKK",Ean CODE,
VILKYSKIU PIENINE,"Skābā krējuma izstrādājums 30%, Žemaitėška",Sour cream product 30% Žemaitėška,450g,14.00,,SOUR CREAM
JAUNPILS,Skabais krejums Zelta 25%,Sour cream  Zelta 25%,400g,12.00,4751004060540,SOUR CREAM
JAUNPILS,"Skabais ""Latviyskoe zolotko"" 25%","Sour cream ""Latviyskoe zolotko"" 25%",350g,12.00,4751004060489,SOUR CREAM
,MAJONEZE,MAYONNAISE,"Weight, KG","Price, DKK",Ean CODE,
SPILVA,"Majonēze Rosola 51,8%",Mayonnaise “Rosola” 51.8%,250g,12.00,4750022045508,MAYONNAISE
SPILVA,Majonēze Provansas 67%,Mayonnaise “Provansas” 67%,250g,12.00,4750022141507,MAYONNAISE
SPILVA,Majonēze Brokastu,Mayonnaise “Brokastu”,250g,12.00,4750022049506,MAYONNAISE
ALTA,Majonēze Gimines,Mayonnaise “Gimines”,250g,12.00,4750022042515,MAYONNAISE
,DESERTS,DESSERTS,"Weight, KG","Price, DKK",Ean CODE,
BALTAIS,Biezpiena krēms ar mango un persikiem,Curd cream with mango and peaches,150g,,,
KĀRUMS,DESERTS AR STRŪDELI,Dessert with strudel,120g,10.00,,
KĀRUMS,SALDĀ KRĒJ. KRĒMS AR ŠOKOLĀDES GARŠU,Sweet cream with chocolate taste,150g,15.00,,
KĀRUMS,SALDĀ KRĒJ.KRĒMS KARAMEĻU,Sweet cream with caramel taste,150g,15.00,,
KĀRUMS,"SALDĀ KRĒJ.KRĒMS, VANIĻAS",Sweet cream with vanilla taste,150g,15.00,,
FISH PRODUCTS,,,,,,
,FILEJAS/ ROLMOPSI,HERRING,"Weight, KG","Price, DKK",Ean CODE,
BALTIJAS ZIVIS - 97,"Siļķu filejas eļļā ""Matje""","Herring fillet in oil ""Matje”",200g,22.00,4750289001378,HERRING
BALTIJAS ZIVIS - 97,"Siļķu filejas un dārzeņu asorti ""Jūras orhideja""",Herring fillet and vegetables assorted “Jūras orchideja”,200g,27.00,4750289030132,HERRING
BALTIJAS ZIVIS - 98,Silku titeni marinade ar apelsiniem,Herring bindweed marinade with orange,300g,39.00,4750289001804,HERRING
LATIS,Siļķes fileja eļļā “Matje”,"Herring fillet in oil ""Matje”",200g,20.00,4751004070013,HERRING
LATIS,Silku filejas majoneze ar ananasiem,Herring fillet with pineapple,500g,36.00,4751004071799,HERRING
BERZCIEMS,Silku filejas gabalini,Herring fillet,250g,29.00,4750217001173,HERRING
BALTIJAS ZIVIS - 97,"Skumbrijas fileju gabaliņi eļļā ""Jums""","Mackerel fillet pieces in oil ""Jums”",200g,27.00,,HERRING
BALTIJAS ZIVIS -97,Ceptas skumbriju filejas tom.mērcē Rudens,Fried mackerel fillets in tomato sauce “Rudens”,250g,27.00,,HERRING
KAIJA,"""GARDUMS"" Siļķu filejas eļļā",Herring fillet in oil “Gardums”,250g,24.00,,HERRING
KAIJA,Gardums siļķu fileja Ungāru gaumē,Delicacy herring fillet Hungarian style,450g,35.00,,HERRING
KAIJA,Makrelu filejas ella,Mackerel fillets in oil,170g,15.00,4751007730723,HERRING
BERZCIEMS,Siļķu rolmopši marinādē,Marinated herring rolls,500g,40.00,4750217602882,HERRING
ViCI,Silku filejas rolmopši ar konservetiem gurkiem ella (ar cukuru un saldinataju),Herring fillet rolls with cucumbers,200g,23.00,4770190351089,HERRING
DECENT,Seld file v masle DYMOK,Herring fillets in oil “Dymok”,200g,21.00,4750501001179,HERRING
,ŽAVETAS ZIVIS,DRIED FISH,"Weight, KG","Price, DKK",Ean CODE,
BEER CLUB CLASSIC,Putasu vītināta,Dried blue whiting,36g,10.00,4751013350076,DRIED FISH
BEER CLUB CLASSIC,Stavrida žāvēta,Dried yellow stripe fish,36g,10.00,4751013350106,DRIED FISH
BEER CLUB CLASSIC,Kalmars vitinats,Dried squid,46g,20.00,4751013350038,DRIED FISH
BEER CLUB CLASSIC,Kalmars (gredzeni),Squid (ring),43g,20.00,4751013350069,DRIED FISH
FISHKA,Anšovi sālīti,Dried anchovy,20g,10.00,4751013350090,DRIED FISH
FISHKA,Kalmārs vitinats kūpinats,Dried smoked squid,20g,10.00,4751013350083,DRIED FISH
FISHKA,Kalmārs vitinats,Dried squid,20g,10.00,4751013350014,DRIED FISH
FISHKA,Putasu vītināta,Blue whiting dried,20g,10.00,,DRIED FISH
GEORGA,Breksis vītināts,Breksis wilted,~150g,110/kg,,DRIED FISH
GEORGA,Vobla vītināta,Vobla dried,~100g,140/kg,2763006001607,DRIED FISH
GEORGA,Auksti kūpinati,Cold smoked fish,~500g,110/kg,2746330004704,DRIED FISH
MSDM,Kalmaru škeles salitas- kaltetas,Dried squid shredded,36g,20.00,4260147170158,DRIED FISH
MSDM,Pikantas kalmaru škeles salitas- kaltetas,Dried squid shredded with chilli,36g,20.00,4260147170349,DRIED FISH
MSDM,Kupinati Kalmaru Jerky,Smoked squid jerky,36g,20.00,4260147170509,DRIED FISH
MSDM,Indijas okeana Salaka salitas- kaltetas,Brushtooth lizardfish,36g,20.00,4260147170134,DRIED FISH
MSDM,Pikantas mencas stremeles salitas- kaltetas,Pacific Cod with chilli,36g,20.00,4260147170288,DRIED FISH
MSDM,Dzeltensvitru stavrida salitas- kaltetas,Yellow striped trevally,36g,20.00,4260147170028,DRIED FISH
,ZIVJU KONSERVI,CANNED FISH,"Weight, KG","Price, DKK",Ean CODE,
BRASLA,Skumbrija eļļā,Mackerel in oil,240g,15.00,4751006980808,CANNED FISH
BRASLA,Skumbrija savā sulā,Mackerel in own juice,240g,15.00,4751006980822,CANNED FISH
BRASLA,Makrele tom.mērcē,Mackerel in tomato sauce,240g,27.00,4751006980815,CANNED FISH
BRASLA,Zivju tefteli tom.mērcē,Fish balls in tomato sauce,240g,10.00,,CANNED FISH
BRASLA,Zivju tefteli,Fish balls,240g,15.00,4751006980570,CANNED FISH
BRASLA,Aknu pastete lauku,Liver pate,240g,19.00,4751006980440,CANNED FISH
KAIJA,Skumbrijas fileja eļļā,Mackerel fillet in oil,170g,22.00,,CANNED FISH
KAIJA,Skumbrijas fileja tomātu krēmā,Mackerel fillet in tomato cream,170g,22.00,,CANNED FISH
Kolumbija,Atlantijas skumbrija sava sula ar ellu,Atlantic mackerel own juice with oil,240g,15.00,4750571000775,CANNED FISH
Saldus galas kombinats,Siļķe savā sulā ar eļļu,Herring in own juice with oil,240g,15.00,4750398900159,CANNED FISH
Saldus galas kombinats,Cepti šprotes eļļā,Fried sprats in oil,240g,19.00,4750398642240,CANNED FISH
BRĪVAIS VILNIS,Lielās šprotes eļļā,Big sprats in oil,240g,20.00,4750616001668,CANNED FISH
BRĪVAIS VILNIS,Šprotes eļļā,Sprats in oil,160g,16.00,4750616000135,CANNED FISH
BRĪVAIS VILNIS,Šprotes tomatu merce ,Sprats in tomatoe juice,,19.00,4750616002122,CANNED FISH
BRĪVAIS VILNIS,Rīgas šprotes eļļā,Rigas sprats in oil,190g,23.00,,CANNED FISH
BRĪVAIS VILNIS,Šprotu pastēte,Sprats pate,160g,10.00,4750616000463,CANNED FISH
BRĪVAIS VILNIS,Zivju frikadeles tom. mēr. ar dārz.,Fish balls in tomato sauce with vegetables,240g,10.00,4750616000777,CANNED FISH
BRĪVAIS VILNIS,Sardines savā sulā ar eļļā,Sardines in own juice with oil,240g,21.00,4750616000432,CANNED FISH
BRĪVAIS VILNIS,Sardines tom.mērcē,Sardiens in tomato sauce,240g,21.00,4750616000401,CANNED FISH
BRĪVAIS VILNIS,Renges kupinatas ella,Smoked herring in oil,240g,21.00,4750616000302,CANNED FISH
BRĪVAIS VILNIS,Bretlinas apceptas tomatu merce ar papriku,Baked sprats in tomatoe sauce with paprika,240g,21.00,4750616002290,CANNED FISH
LIBAVA PREMIUM,Lielās šprotes eļļā,Big sprats in oil,240g,10.00,4750571000508,CANNED FISH
LIBAVA PREMIUM,Šprotes eļļā,Sprats in oil,240g,19.00,4750571000348,CANNED FISH
LIBAVA PREMIUM,Kūpinats zutis želejas uzlejuma,Smoked eel in jelly infusions,180g,35.00,4750571003295,CANNED FISH
LIBAVA PREMIUM,Lidaka želejas uzlejuma,Pike in gels infusions,180g,25.00,4750571003523,CANNED FISH
LIBAVA PREMIUM,Jūras asari želejas uzlejuma,Sea bass in gels infusions,180g,26.00,4750571003202,CANNED FISH
LIBAVA PREMIUM,Karpa želejas uzlejuma,Carp gels infusions,180g,23.00,4750571003301,CANNED FISH
SENGA,Šprotes eļļā,Sprats in oil,240g,21.00,4750252057135,CANNED FISH
SENGA,Bretlinas tomatu merce,Sprat in tomato sauce,240g,18.00,4750252031135,CANNED FISH
ROJA FCT,Килька обжаренная в томатном соусе,Sprat fried in tomato sauce,240g,21.00,4750300001899,CANNED FISH
Diamir,Anšovu fileja augu ella,Anchovy fillets in vegetable oil,90g,30.00,8436033879115,CANNED FISH
Elanders,килька соленая с приправами,Salted sprats with spices,700g,32.00,4750240234005,CANNED FISH
SAIVA,Mencu aknas,Cod liver,230g,18.00,4750935001875,CANNED FISH
Leon Gmbh,Kalmar fillet in oil,Kalmar fillet in oil,185g,22.00,4751004282140,CANNED FISH
Leon Gmbh,Kalmar fillet in own juice,Kalmar fillet in own juice,185g,22.00,4751004282249,CANNED FISH
Leon Gmbh,Šprotes ella Старая Рига (Staraja Riga),Sprats in oil Old Riga,240g,21.00,4751001585602,CANNED FISH
Leon Gmbh,Šprotes ella Старая Рига (Staraja Riga),Sprats in oil Old Riga,160g,14.00,4751001589006,CANNED FISH
Leon Gmbh,Šprotes tomatu merce Старая Рига (Staraja Riga),Sprats in tomatoe sauce Old Riga,240g,16.00,4750265000647,CANNED FISH
Leon Gmbh,Atlantic herring in oil Старая Рига (Staraja Riga),Atlantic herring in oil Old Riga,240g,19.00,4751001585763,CANNED FISH
Leon Gmbh,Сайра тихоокеанская натуральная с добавлением масла,,280g,35.00,4751001589457,CANNED FISH
Leon Gmbh,Печень трески натуральня,,250g,39.00,4751001585909,CANNED FISH
Leon Gmbh,Шпротный паштет Рижское Золото (Rigas Zelts),Sprats pate Riga Gold,160g,12.00,4751001582557,CANNED FISH
Leon Gmbh,Рыбные тефтели в томатном соусе Рижское Золото (Rigas Zelts),Fish balls in tomatoe sauce Riga Gold,240g,16.00,4751001582564,CANNED FISH
Leon Gmbh,Обжаренная салака ЖАРЕНКА в томатном соусе с овощами Рижское Золото (Rigas Zelts),Baked sprats in tomatoe sauce with vegetables Gold Riga,280g,22.00,4751001580195,CANNED FISH
Рижская жемчужина,Черноморские бычки обжаренные в томатном соусе,Black Sea gobies fried in tomato sauce,240g,21.00,4750897001616,CANNED FISH
,,HERRING,"Weight, KG","Price, DKK",Ean CODE,
ZigmaS,Salitas Atlantijas silkes bez galvam ar garšvielam,"Salted herring (gutted, head off) with spices","1,3 kg",60.00,4770221362022,HERRING
MEAT PRODUCTS,,,,,,
,VARITAS GALAS PRODUKTI,COOKED MEAT PRODUCTS,"Weight, KG","Price, DKK",Ean CODE,COOKED MEAT PRODUCTS
GRĀVENDĀLE,Desa DOKTORA PREMIUM (varita),Sausage “Doctora Premium” (cooked),400g,29.00,4751001132264,COOKED MEAT PRODUCTS
GRĀVENDĀLE,Desa DOKTORA dabiga apvalka,"Sausage ""Doctora"" in natural casing (cooked)",500g,35.00,4751001131472,COOKED MEAT PRODUCTS
Rigas Miesnieks,Dumdesa JUBILEJAS,Sausage “Jubilejas”,270g,35.00,4750174443153,COOKED MEAT PRODUCTS
RGK,Aukstā gaļa (vak ),Cooked meat,500g,25.00,,COOKED MEAT PRODUCTS
JELGAVA,Jelgavas Jubilejas,Jelgava Anniversary,280g,35.00,4751002209903,COOKED MEAT PRODUCTS
Nakotne,Desa berniem TIGERITIS,Cooked meat for kids TIGERS,400g,35.00,4751003570910,COOKED MEAT PRODUCTS
Rezeknes Galas Kombinats,Reala Doktordesa,"Real cooked meat ""Doktorskaya""",450g,37.00,4751005454980,COOKED MEAT PRODUCTS
,VITINATA/ KUPINATA DESA,SMOKED MEAT,,,,
GRĀVENDĀLE,Jubilejas dūmdesa,Sausage “Jubilejas”,240g,30.00,4751001138082,SMOKED MEAT
GRĀVENDĀLE,Maskavas desa a/k,Sausage “Maskavas”,240g,30.00,4751001138259,SMOKED MEAT
GRĀVENDĀLE,Vitinata  majas desa a/k,"Sausage ""Home""",240g,30.00,4751001131632,SMOKED MEAT
Nakotne,Majas desa,,340g,,4751003571832,SMOKED MEAT
Cepeškungs,"""Vasalu"" varita, karsti kupinata salami",,250g,,4740574081826,SMOKED MEAT
Rezeknes Galas Kombinats,Knakeri,Kebanos,415g,35.00,4751005450173,SMOKED MEAT
Rezeknes Galas Kombinats,Grill cisini,Smoked sausages for grill,400g,oked ,4751005452580,SMOKED MEAT
Rezeknes Galas Kombinats,"Smoked shoulder ""Pirtnieka""","Smoked shoulder ""Pirtnieka""",~ 400-600g,76/kg,237401410,SMOKED MEAT
Rezeknes Galas Kombinats,"Smoked pork back fat ""Pirtnieka""","Smoked pork back fat ""Pirtnieka""",~300-600g,67/kg,237406490,SMOKED MEAT
Rezeknes Galas Kombinats,Alkšnu desinas,Sausages with alder smoke,360g,27.00,4751005453600,SMOKED MEAT
Rezeknes Galas Kombinats,MASKAVAS desa ar kiplokiem,"Smoked sausage ""Moskovskaja"" ",400g,25.00,4751005454591,SMOKED MEAT
,SALAMI,SALAMI,"Weight, KG","Price, DKK",Ean CODE,
Rezeknes Galas Kombinats,Mednieku odzinas,"Salami ""Berry""",365g,35.00,4751005450180,SALAMI
Rezeknes Galas Kombinats,Klasiska auskti kūpinata desa ar seklinam,Dried salami with sunflower seeds,80g,20.00,4751005456182,SALAMI
Rezeknes Galas Kombinats,Klasiska auksti kūpinata desa,Dried salami Classic,80g,18.00,4751005454683,SALAMI
Rezeknes Galas Kombinats,Raznas Jubilejas,Dried salami Raznas Jubilejas,280g,38.00,4751005454041,SALAMI
Rezeknes Galas Kombinats,Rezeknes desa,Dried salami Rezeknes ,250g,34.00,4751005454072,SALAMI
Rramata,"""Rigas salami"" ",,500g,,4750559333352,SALAMI
,SERVELADE,SERVELAT,"Weight, KG","Price, DKK",Ean CODE,
Rezeknes Galas Kombinats,ALKŠNU servelade,Servelat with alder smoke,400g,35.00,4751005454379,SERVELAT
,RIEKSTAS,HAM,"Weight, KG","Price, DKK",Ean CODE,
Rezeknes Galas Kombinats,Riekstu rulete,Ham with nuts,120g,20.00,4751005450265,HAM
Rezeknes Galas Kombinats,Meat rolls with garlic,Meat rolls with garlic,~250-450g,76/kg,237406480,HAM
Rezeknes Galas Kombinats,Smoked ham an juniper,Smoked ham an juniper,~400-600g,85/kg,237403710,HAM
,DESA,SAUSAGES,"Weight, KG","Price, DKK",Ean CODE,
LIDO,Desa Bernu ar sieru,Children sausage with cheese,440g,35.00,4750077100498,SAUSAGES
Kekava,Desinas cepamas ar sieru,Cooking sausage with cheese,400g,30.00,4750303703387,SAUSAGES
Rezeknes Galas Kombinats,Sardeles augstaka labuma,"Boiled sausage ""Extra""",400g,37.00,4751005454478,SAUSAGES
Rezeknes Galas Kombinats,Reals cisinš no rezeknes,Real sausages,485g,40.00,4751005455079,SAUSAGES
Rezeknes Galas Kombinats,Bernu cisini,Sausages for children without E,370g,36.00,4751005455406,SAUSAGES
Rezeknes Galas Kombinats,Sudžuks,Sudzhuk,220g,38.00,4751005455390,SAUSAGES
Rezeknes Galas Kombinats,Kalnu servelade,Mountain cervelat,265g,30.00,4751005455277,SAUSAGES
Rezeknes Galas Kombinats,Doktordesa,"Boiled sausage ""Doktora extra""",400g,37.00,4751005453846,SAUSAGES
Rigas Miesnieks,"Cisini klasiskie ""Doktora""",,900g,,4740003007489,SAUSAGES
Rigas Miesnieks,Rakveres cisini,,500g,,4750174056360,SAUSAGES
Rramata,"Sardeles ""Krejuma"" (apkupinatas)",,"~1,5 kg",,2310405516,SAUSAGES
Rramata,"Desa ""Rigas""",,250g,,4750559306165,SAUSAGES
,VISTA,CHICKEN ,"Weight, KG","Price, DKK",Ean CODE,
LIDO,Zaveta vista,Smoked chicken,~ 1kg,100/kg,231030071,CHICKEN 
Rezeknes Galas Kombinats,Žavetas vistu kajinas,Smoked chicken hips,400g,28.00,4751005451682,CHICKEN 
Rezeknes Galas Kombinats,Smoked chicken quarter,Smoked chicken quarter,~500g-1kg,60/kg,237401640,CHICKEN 
Rezeknes Galas Kombinats,"Smoked chicken hips ""Rezekne""", ,~500-800g,60/kg,237405270,CHICKEN 
Rezeknes Galas Kombinats,Kūpinati vistu sparnini,Smoked chicken wings,375g,29.00,4751005450425,CHICKEN 
Rezeknes Galas Kombinats,Smoked chicken rool,Smoked chicken rool,~450g,60/kg,237406360,CHICKEN 
Rezeknes Galas Kombinats,Marinated smoked chicken,Marinated smocked chicken,~400-600g,85/kg,237403480,CHICKEN 
,TONGUE,TONGUE,,,,
Rezeknes Galas Kombinats,Lauku delikatese ar meli forma,Deliacacy with tongue,415g,27.00,4751005453235,TONGUE
,LARD,LARD,"Weight, KG","Price, DKK",Ean CODE,
Rezeknes Galas Kombinats,Lard with salt,Lard with salt,~ 300-500g,62/kg,237401670,LARD
Rezeknes Galas Kombinats,Sviestmaižu spekis ar kiplokiem,Sandwich lard with garlic,200g,14.00,4751005450159,LARD
,KONSERVI,CANNED FOOD,"Weight, KG","Price, DKK",Ean CODE,
Rezeknes Galas Kombinats,Zirga galas delikatese,Horse meat delicacy,250g,28.00,4751005455260,CANNED FOOD
Rezeknes Galas Kombinats,Lauku sauteta cukgala,"Stewed pork ""Country""",250g,12.00,4751005453594,CANNED FOOD
Rezeknes Galas Kombinats,Vista želeja,Chicken in jelly,250g,11.00,4751005454294,CANNED FOOD
Rezeknes Galas Kombinats,Cūkgala ar pupinam,Pork with beans,250g,13.00,4751005453044,CANNED FOOD
Rezeknes Galas Kombinats,Tūristu brokastis,Tourist's breakfast with pork,250g,15.00,4751005453037,CANNED FOOD
Rezeknes Galas Kombinats,Sauteta cūkgala,Stewed pork,250g,16.00,4751005452993,CANNED FOOD
,Sauteta cūkgala,Stewed pork,325g,22.00,4751005454812,CANNED FOOD
,Cūkgalas gulašs,Pork goulash,250g,17.00,4751005453167,CANNED FOOD