,,,,,,
SWEET PRODUCTS,,,,,,
,ПРЯНИКИ/ СУШКИ,GINGERBREAD/ KRINGLE PASTRIES,WEIGHT,PRICE,BARCODE,Type
Родные Просторы,"Пряники ""Холодок""","Gingerbread ""Холодок"" (""Cold"")",350g,16,,Type
Родные Просторы,"Пряники ""Медовые""","Gingerbread “Медовые"" (""Honey"")",350g,16,4260130030810,Type
Родные Просторы,"Пряники ""Клюквенные""","Gingerbread ""Клюквенные"" (""Cranberries"")",350g,16,4260130030865,Type
Родные Просторы,Пряники с карамельным вкусом,"Gingerbread "" с карамельным вкусом"" (""caramel"")",350g,16,4260130031183,Type
Родные Просторы,Пряники фруктовые,"Gingerbread ""Фруктовые"" (""Fruits"")",350g,16,4260130030827,Type
Родные Просторы,Пряники мятные,"Gingerbread ""Мятные""(""Mint"")",350g,16,4260130030803,Type
Родные Просторы,Пряники ореховые,"Gingerbread ""Ореховые"" (""Nuts"")",350g,16,4260130031084,Type
Родные Просторы,Пряники клубничные,"Gingerbread ""Клубничные""(""Strawberry"")",350g,16,4260130031008,Type
Родные Просторы,Пряники ванильные,"Gingerbread ""Ванильные""(""Vanilla"")",350g,16,4260130030858,Type
Родные Просторы,Пряники северные,"Gingerbread ""Северные""(""Northern"")",350g,16,4260130031077,Type
Родные Просторы,Пряники запарожские,"Gingerbread ""Запарожские""(""Zaparozh"")",350g,16,4260130030841,Type
Родные Просторы,Пряники шоколадные,Gingerbread chocolate,350g,16,4260130030995,Type
Бабушкины сладости,"Пряники ""Кульбабка весенняя""","Gingerbread ""Кульбабка весенняя"" (""Spring"")",450g,18,4820008833198,Type
Бабушкины сладости,Пряники сказочные,"Gingerbread ""Fairytale"" ",450g,18,4820008833228,Type
Бабушкины сладости,Пряники аромат мяты,Gingerbread with mint aroma,450g,18,4820008833181,Type
Пензенская Кондитерская Фабрика,"Пряники ""Северянка""","Gingerbread ""Северянка"" (""Northern"")",400g,18,4601021047843,Type
Пензенская Кондитерская Фабрика,Пряники с ароматом мяты,"Gingerbread ""С ароматом мяты"" (""Mint flavoured"")",400g,18,4601021044606,Type
Wija,"Пряники ""Колосок""","Gingerbread ""Колосок"" (""Spica"")",450g,18,4820008833204,Type
Wija,"Пряники ""Сказочные""","Gingerbread ""Сказочные"" (""Fairytale"")",450g,18,4820008833228,Type
Wija,"Пряники ""Кульбабка весенняя""","Gingerbread ""Кульбабка весенняя"" (""Spring"")",450g,18,4820008833198,Type
OS Retail GmbH,"Пряники ""Подмосковные""","Gingerbread ""Подмосковные"" (""Near Moscow"")",360g,16,4260352190767,Type
OS Retail GmbH,Пряники со сгущенкой,Gingerbread with condensed milk,360g,16,4260352190774,Type
OS Retail GmbH,Пряники вишневые,Gingerbread with cherry,360g,16,4260352190798,Type
OS Retail GmbH,"Пряники ""Молочные колечки""","Gingerbread ""Dairy rings""",360g,16,4260352190613,Type
OS Retail GmbH,Пряники клюквенные,Cranberry gingerbread,360g,16,4260352190804,Type
OS Retail GmbH,Пряники мятные,Mint gingerbread,360g,16,4260352190811,Type
OS Retail GmbH,Пряники ванильные,Vanilla gingerbread,360g,16,4260352190781,Type
OS Retail GmbH,"Пряники ""Северные""","Gingerbread ""Northern""",360g,16,4260352190750,Type
OS Retail GmbH,Пряники ореховые,Nuts gingerbread,360g,16,4260352190859,Type
OS Retail GmbH,Пряники яблочные,Apple gingerbread,360g,16,4260352190705,Type
H&B,"""Русское Чаепитие"" сушки любительские","Kringle pastries ""Любительские"" ",500g,20,4820076920226,Type
H&B,"""Русское Чаепитие"" сушки яичные","Kringle pastries “Яичные” (""With eggs"")",500g,20,4820076920196,Type
H&B,"""Русское Чаепитие"" сушки с маком",Kringle pastries with poppy seeds,500g,35,4820076920202,Type
H&B,"""Русское Чаепитие"" сушки ванильные",Kringle pastries with vanilla,500g,20,4820076920233,Type
H&B,"""Русское Чаепитие"" сушки овальные",Kringle pastries oval,500g,20,4820076920219,Type
H&B,"Сушка ""Малютка"" любительская","Kringle pastries ""Любительская"" ",500g,20,4820076920226,Type
H&B,"Сушка ""Малютка"" с маком",Kringle pastries with poppy seeds,500g,20,4820076920271,Type
H&B,"Сушка ""Малютка"" ванильная",Kringle pastries with vanilla,500g,20,4820076920295,Type
H&B,"Сушка ""Малютка"" глазированная",Kringle pastries glazed,500g,20,4820076920288,Type
Ксюша,"Сушки ""От Ксюши"" классические",Kringle pastries classic,500g,20,8594166820241,Type
Ulan,Сушки мятные,Kringle pastries mint,500g,20,4260007244746,Type
Ulan,Сушки лимонные,Lemon kringle pastries,500g,25,4260428460749,Type
Ulan,"Сушки ""Ромашка ванильная""","Kringle pastries ""Vanilla chamomile""",500g,20,4260007244265,Type
Воплощение,"Сушка ""Посольская малютка"" с маком",Kringle pasteries with poppy seeds,200g,8,4607041230258,Type
Воплощение,"Сушка ""Посольская малютка""",Kringle pasteries,200g,8,4607041230265,Type
,ПЕЧЕНЬЕ,BISCUITS,WEIGHT,PRICE,BARCODE,Type
Родные Просторы,Овсяное печенье классическое,"Oatmeal cookies ""Классическое"" (""Classic"")",400g,23,4260130030926,Type
Родные Просторы,Овсяное печенье со сгущёнкой,Oatmeal with condensed mik,400g,23,,Type
Родные Просторы,Овсяное печенье с изюмом,Oatmeal with raisins,400g,23,4260130030933,Type
Родные Просторы,Овсяное печенье с семечками подсолнуха,Oatmeal cookies with sunflower seeds,400g,23,4260130030940,Type
Родные Просторы,Овсяное печенье с отрубями,Oatmeal cookies with bran,400g,23,4260130030872,Type
Родные Просторы,"Печенье ""Лакомка""","Biscuits ""Lakomka""",330g,27,4260130031121,Type
К.И.О. Кондитерское Объединение,"Печенье ""Карамелька""","Biscuit ""Карамелька"" (""Caramel"")",255g,15,4607021097833,Type
К.И.О. Кондитерское Объединение,"Печенье ""Молочная деревушка"" творожное","Biscuit ""Mолочная деревушка"" with cottage cheese",260g,15,4607021093545,Type
К.И.О. Кондитерское Объединение,"Печенье ""Молочная деревушка"" на сгушенном молоке","Biscuit ""Mолочная деревушка"" with condensed milk",260g,15,4607021093521,Type
К.И.О. Кондитерское Объединение,"Печенье ""Сгущённое молоко""","Biscuit ""Cгущённое молоко"" with condensed milk",195g,15,4607021098625,Type
К.И.О. Кондитерское Объединение,"Печенье ""Кружева Василиси""","Biscuits ""Кружева Василиси""",270g,16,4607021093507,Type
К.И.О. Кондитерское Объединение,Печенье творожное,Cotagge cheese biscuits,260g,15,4607021095150,Type
К.И.О. Кондитерское Объединение,"Печенье ""Топтыжкина радость""","Biscuits ""Joy of Toptyzhka""",250g,13,4607021093606,Type
К.И.О. Кондитерское Объединение,"Творожное печенье с суфле ""Праздник к чаю""","Cottage cheese biscuits with souffle ""Feast for tea""",215g,19,4607021096355,Type
К.И.О. Кондитерское Объединение,"Печенье ""Слободка шахматная""",Biscuits,350g,16,4607021095327,Type
К.И.О. Кондитерское Объединение,"Печенье ""Слободка целинная""",Biscuits,500g,23,4607021095310,Type
К.И.О. Кондитерское Объединение,Печенье на топленом молоке,Biscuits on melted milk,390g,19,4607021092005,Type
К.И.О. Кондитерское Объединение,"Печенье ""Сахарок""","Biscuits ""Sugar""",380g,17,4607021096034,Type
К.И.О. Кондитерское Объединение,"Печенье ""Задумка"" с кремом вареной сгущенки","Biscuits ""Idea"" with boiled condensed milk cream",200g,13,4607021099080,Type
К.И.О. Кондитерское Объединение,"Печенье ""Задумка"" с клубничным кремом со сливками","Biscuits ""Idea"" with strawberry cream",200g,13,4607021099073,Type
К.И.О. Кондитерское Объединение,Печенье сливочное,Butter biscuits,205g,16,4607021095839,Type
К.И.О. Кондитерское Объединение,"Печенье ""Царское чаепитие"" с сахаром","Biscuits ""Royal tea party"" with sugar",285g,15,4607021093668,Type
К.И.О. Кондитерское Объединение,"Печенье ""Телочка Му"" со сгущенным молоком",Biscuits with condensed milk,300g,13,4640013230559,Type
К.И.О. Кондитерское Объединение,"Печенье ""А-Б-В-Г-дейка""","Bisuicts ""A-B-C-D"" for kids",300g,17,4640013230528,Type
,ГРИЛЬЯЖ,CANDIED ROASTED NUTS,WEIGHT,"PRICE, DKK",BARCODE,Type
Leon,"Грильяж ""Хорольский""","Candied roasted nuts ""Horolsky""",200g,22,4260127125291,Type
От Маруси,"Грильяж ""Хорольский""","Candied roasted nuts ""Horolsky""",200g,22,4260127125291,Type
,КОЗИНАКИ,GOZINAKI,WEIGHT,"PRICE, DKK",BARCODE,Type
Leon,"Козинак""Ассорти с миндалем""",Assorted gozinaki with almond,150g,22,4932079015011,Type
От Маруси,Козинаки,Gozinaki,175g,22,4260127125826,Type
От Маруси,"Козинак ""Ассорти с миндалем""",Assorted gozinaki with almond,150g,22,4932079015011,Type
,ЩЕРБЕТ,SHERBET,WEIGHT,"PRICE, DKK",BARCODE,Type
Тимоша,Щербет молочно-ореховый,Milk scherbet with nuts,250g,19,4607132822768,Type
,СЛАДКАЯ КУКУРУЗА,SWEET CORN (CARAMELIZED),WEIGHT,"PRICE, DKK",BARCODE,Type
От Маруси,"Сладкая, воздушная кукуруза",Sweet caramelized corn,100g,10,4260127125468,Type
,КУКУРУЗНЫЕ ПАЛОЧКИ,SWEET CORN STICKS,WEIGHT,"PRICE, DKK",BARCODE,Type
Эссен-Агро,"Кукурузные палочки ""Кукурузинка"" со вкусом сгущенного молока","Corn sticks ""Kukuruzinka"" with condensed milk taste",140g,11,4604248006730,Type
Сладкая страна,"Кукурузные палочки ""Молочные""","Corn sticks ""Milky""",180g,20,4033443822133,Type
,ШОКОЛАД,CHOCOLATE,WEIGHT,PRICE,BARCODE,Type
Daisena,Белый шоколад “Schogetten”,"White chocolate ""Schogetten""",100g,12,4000415856601,Type
Daisena,Альпийский молочный шоколад с лесными орехами,Alpine milk chocolate with hazelnuts,100g,12,4000607851001,Type
,КОНФЕТЫ,SWEETS,WEIGHT,PRICE,BARCODE,Type
Кондитерслая фаб. Микаелло,Груша с миндалём в бело- тёмном шоколадой глазури,Pear with almonds in white-dark chocolate glaze,3 kg,135,4607033690510,Type
Кондитерслая фаб. Микаелло,Чернослив в шоколадой глазури,Prune in chocolate glaze,3 kg,135,4607033690091,Type
Кондитерслая фаб. Микаелло,Чернослив с миндалём в шоколадой глазури,Prune with almonds in chocolate glaze,3 kg,135,4607033690077,Type
Кондитерслая фаб. Микаелло,Чернослив с лесным орехом в шоколадой глазури,Prune with nuts in chocolate glaze,3 kg,135,,Type
Кондитерслая фаб. Микаелло,Финик с грецким орехом в бело-темной шоколадной глазури,Date with walnuts in white and dark chocolate glaze,3 kg,135,4607033690503,Type
Кондитерслая фаб. Микаелло,Абрикос в шоколадной глазури,Apricot in chocolate glaze,3 kg,135,4607033690046,Type
Кондитерслая фаб. Микаелло,Инжир с грецким орехом в бело- темной шоколадной глазури,Fig with walnuts in a white-dark chocolate glazed,3 kg,135,4607033690275,Type
Кондитерслая фаб. Микаелло,Клюква в шоколадной глазури,Cranberry in chocolate glaze,3 kg,135,,Type
Кондитерслая фаб. Микаелло,Дыня в шоколадной глазури,Melon in chocolate glaze,3 kg,135,,Type
Кондитерслая фаб. Микаелло,Персик в бело- темной шоколадной глазури,Peach in white-dark chocolate glaze,3 kg,135,,Type
Кондитерслая фаб. Славянка,"Конфеты вафельные ""Топленое молоко""","Wafery glazed sweets ""Baked Milk""",1 kg,100,4605142020570,Type
Финтур,"Конфеты ""Царская птица""","Sweets ""Royal bird""",3 kg,100,,Type
Доминик,"Конфеты ""А-ля суфле!""","Sweets ""A la sufle""",3 kg,100,,Type
,"Конфеты ""Пилот""","Sweets ""Pilot""",3 kg,100,,Type
,"Конфеты ""Подарок от белочки""","Sweets ""Present from squirrel""",3 kg,100,,Type
,НАБОР КОНФЕТ,COLLECTION OF SWEETS,WEIGHT,PRICE,BARCODE,Type
"ЗАТ ""одессаКондитер""","Эксклюзивная коллекция шоколадных конфет ""Сладкая сказка""","Exclusive collection of chocolate sweets ""Sweet Fairytale""",675g,100,4823007009434,Type
Laima,"Конфеты ассорти в темном шоколаде ""Гордость Москвы""","Assorted Candies in dark chocolate, ""Pride of Moscow""",360g,60,4750001817058,Type
Laima,"Конфеты ассорти в темном шоколаде ""Москва Златоглавая""","Assorted Candies in dark chocolate ""Moscow Zlatoglavaya""",360g,60,4750001008043,Type
Доминик,"Конфеты ""Белочка с золотым орешком""","Sweets ""Squirrel with golden nuts""",150g,20,4823055511255,Type
РотФронт,"Конфеты ассорти ""Подмосковные Вечера""","Assorted Chocolates ""Moscow Nights""",200g,45,4600300080762,Type
,"Набор конфет ""Русь- тройка""","Set candy ""Russia go troika""",350g,65,4600300002290,Type
,ЗЕФИР,ZEPHYR,WEIGHT,PRICE,BARCODE,Type
Пензенская Кондитерская Фабрика,"Зефир ""Обожайка"" в шоколадной глазури","Zephyr ""Obozhayka"" in chocolate glaze",200g,22,4601021048550,Type
Makro Trade Baltic,Зефир с ванильным вкусом,Zephyr with vanilla flavor,250g,22,4751008660135,Type
Белевские сладости,"Зефир ""Белёвский"" яблочный",Apple zephyr,250g,25,4612737280523,Type
Белевские сладости,"Зефир ""Белёвский"" груша",Pear zephyr,250g,25,4612737280547,Type
Кружева Вологды,Зефир сливочный,Cream zephyr,530g,36,4260010129733,Type
Кружева Вологды,Зефир бело-розовый,White-pink zephyr,260g,19,4260010129719,Type
Кружева Вологды,Зефир ванильный,Vanilla zephyr,260g,19,4260010129689,Type
,ХАЛВА,HALVA,WEIGHT,PRICE,BARCODE,Type
Дружковская халва,Халва ванильная подсолнечная,Vanilla sunflower halva,200g,25,4820046910875,Type
Дружковская халва,Халва с какао подсолнечная,Sunflower halva with cocoa,200g,25,4820046910752,Type
,ПИРОГИ/ ТОРТЫ,CAKES,WEIGHT,PRICE,BARCODE,Type
Родные простоыры,Пирожное Лакомый медовичок,Honey cake,330g,29,4260130030193,Type
Красный Октябрь,"Торт вафельный Алёнка с мягким сливочным вкусом, покрытый глазурью","Waffle cake ""Alenka"" with a mild creamy taste, glazed",250g,25,4607144730013,Type
,КОРЖИ ДЛЯ ТОРТОВ,LAYERS FOR CAKES,WEIGHT,PRICE,BARCODE,Type
Merci,Коржи для торта Наполеон,Layers for Napoleon cake,400g,27,4820080570035,Type
Merci,Коржи для торта Медовик,Layers for honey cake,500g,27,4820080570196,Type
Merci,"Коржи для торта ""Киевский""","Layers for cake ""Kievskij""",450g,37,4820080570172,Type
,ВАФЕЛЬНЫЕ ЛИСТЫ,WAFFLE SHEETS,WEIGHT,DKK,BARCODE,Type
Franzeluta,Листы вафельные,Waffle sheets,700g,39,4840008014618,Type
SNACKS,,,,,,Type
,СЕМЕЧКИ,SEEDS,WEIGHT,PRICE,BARCODE,Type
КДВ Краснодар,Бабкины семечки,"Sunflower seeds ""Бабкины""",500g,38,4605362007023,Type
КДВ Краснодар,Бабкины семечки,"Sunflower seeds ""Бабкины""",450g,35,4605362006217,Type
Барин,Жареные семечки подсолнечника – соленые,"Roasted, Salted sunflower seeds",280g,25,4612663500153,Type
Барин,Жареные семечки подсолнечника,Roasted sunflower seeds,280g,25,4612663500108,Type
"KochSnack'""s",Семечки жареные,Roasted sunflower seeds,300g,25,4250459500361,Type
,Семечки Царские жареные,Roasted sunflower seeds,500g,55,4820147570077,Type
,Семечки жареные по-домашнему,Roasted sunflower seeds (homestyle),350g,25,4260010128675,Type
,"Тыквенные семечки От Маруси жареные, солёные ","Roasted pumpkin seeds, salted",250g,30,4260127124911,Type
Мартин,"Семечки ""От Мартина"" отборные","Семечки отборные ""От Мартина""",100g,15,4607012350992,Type
Мартин,"Семечки ""От Мартина"" отборные","Семечки отборные ""От Мартина""",200g,25,4607012351005,Type
Мартин,"Семечки ""От Мартина"" отборные с морской солью","Семечки ""От Мартина"" отборные с морской солью",200g,25,4607012351999,Type
Ваш Продукт,"Жаренные, очищенные семечки ""Ядро подсолнуха""","Roasted, peeled sunflower seeds ""Sunflower kernel""",200g,10,4260352190903,Type
Ваш Продукт,"Жаренные, очищенные семечки ""Ядро подсолнуха"" с солью","Roasted, peeled sunflower seeds ""Sunflower kernel"" with salt",200g,11,4260352190910,Type
,СУХАРИКИ,BAKED BREAD SNACKS,WEIGHT,PRICE,BARCODE,Type
Кириешки,MAX – охотничьи колбаски,Baked bread snack with hunter`s sausages taste,40g,7,4607010748616,Type
Кириешки,LIGHT – Сливочный сыр,Baked bread snack with creamy cheese taste,33g,7,4607120852470,Type
Кириешки,Холодец с хреном,Baked bread snack with aspic and horseradish taste,40g,7,4607010742027,Type
Кириешки,Ветчина с сыром,Baked bread snack with ham and cheese taste,40g,7,4607010740078,Type
Кириешки,Салями,Baked bread snack with salami taste,40g,7,4607010740191,Type
Кириешки,Бекон,Baked bread snack with bacon taste,40g,7,4607010740016,Type
Компашки,Сметана и лук,Baked bread snack with sour cream and onion taste,35g,7,4607120858328,Type
Flint,Сухарики пшенично-пжаные со вкусом сыра,Baked bread snacks with cheese taste,35g,6,4820047462236,Type
Flint,Сухарики пшенично-пжаные со вкусом бекона,Baked bread snacks with bacon taste,35g,6,4820047462212,Type
Flint,Сухарики пшенично-пжаные со вкусом салями,Baked bread snacks with salami taste,35g,6,4820047462168,Type
GROCERY,,,,,,Type
,КОНСЕРВЫ,CONSERVES,WEIGHT,PRICE,BARCODE,Type
Dorshleber,Печень трески,Cod liver,,30,,Type
Import&Export,Тушёнка куриная,Chicken stew,320g,30,4260352190095,Type
Weberleng,Свиная закуска,Pork appetizer,320g,22,616204192962,Type
Weberleng,"Свиная тушёнка, крупнокусковая","Pork stew, lump",320g,30,616204192931,Type
Leon GmbH,Баранина тушеная крупнокусковая,"Lamb stew, lump",525g,45,4751010853075,Type
Leon GmbH,Тушеный куриный окорок,Braised chicken ham,525g,40,4751010852115,Type
Leon GmbH,Говядина тушеная крупнокусковая,"Beef stew, lump",525g,45,4751010852108,Type
,ПАШТЕТ,PATE,WEIGHT,PRICE,BARCODE,Type
Leon,"Гусиный паштет, печеночный",Goose liver pate,300g,22,2520004830062,Type
Leon,"Утиный пачтет, печеночный",Duck liver pate,300g,22,2520004830024,Type
,ГОТОВЫЕ СУПЫ/ ЗАПРАВКИ ДЛЯ СУПА,ALREADY MADE SOUPS/ BASE FOR SOUPS,WEIGHT,PRICE,BARCODE,Type
Тещины рецепты,Борш украинский,Ukrainian Borsch,460g,18,4260099272528,Type
Тещины рецепты,Суп Харчо,Soup Kharcho,460g,18,4260099272559,Type
Тещины рецепты,Грибной суп,Mushroom soup,460g,22,4260099272504,Type
Тещины рецепты,Шавельный суп,Shavelny soup,460g,18,4260099272511,Type
Русский Стиль,Суп Рассольник,Pickle soup,460g,20,5901008045442,Type
Русский Стиль,Суп Солянка,Soup Solyanka,460g,18,5901008045664,Type
Dworek,Щи по-деревенски,Rural style soup,680g,20,5904603191835,Type
Leon,Борщ украинский густой,Ukrainian Borsch,460g,18,5901008044469,Type
Leon,Уха из лосося,Soup from salmon,240g,16,4751004282904,Type
Тещины рецепты,Заправка для борша с болгарским перцем,Dressing for Borsch with sweet pepper,370g,16,4260099272191,Type
Тещины рецепты,Заправка для борша свекольно- томатная,Beetroot and tomato dressing for Borsch,370g,16,4260099272146,Type
Тещины рецепты,Заправка для рассольника,Dressing for pickle soup,370g,16,4260099272467,Type
Едим дома,Заправка для красного борща,Dressing for red Borsch,470g,18,4820015947000,Type
,КОНСЕРВИРОВАНЫЕ ПОМИДОРЫ,TOMATOES,WEIGHT,PRICE,BARCODE,Type
Русский Стиль,Томаты с укропом без уксуса,"Tomatoes with dill, without vinegar",900ml,20,5901008045114,Type
Русский Стиль,Томаты бочковые,Drum tomatoes,900ml,20,5901008045206,Type
Тещины рецепты,Томаты,Canned tomatoes,840g,22,4260099274270,Type
Тещины рецепты,Консервированные томаты по-болгарски,Canned tomatoes Bulgarian style,980g,25,4260099275208,Type
Тещины рецепты,"Консервированные томаты ""черри"" по-болгарски","Canned tomatoes ""cherry"" Bulgarian style",980g,25,4260099275338,Type
Тещины рецепты,Консервированные помидоры с листом вишни по-астрахански,Canned tomatoes with cherry leaf,850g,22,4260099274195,Type
Тещины рецепты,Консервированные помидоры по-крымски,Canned tomatoes with dill and garlic,880g,20,4260099274294,Type
Тещины рецепты,Бочковые помидоры красные дачные,Drum canned red tomatoes,860g,22,4260099274133,Type
Тещины рецепты,Консервированные помидоры по-херсонски,Canned tomatoes,880g,22,4260099274232,Type
Тещины рецепты,Консервированные помидоры с укропом и чесноком по-нежински,Canned tomatoes with dill and garlic,880g,22,4260099274010,Type
Тещины рецепты,Консервированные помидоры по-алтайски,Canned tomatoes,880g,20,4260099275345,Type
Тещины рецепты,Консервированные помидоры по-краснодарски пикантные,Canned tomatoes spicy,880g,22,4260099274249,Type
Тещины рецепты,Консервированные помидоры по-кубански,Canned tomatoes,880g,22,4260099274034,Type
Тещины рецепты,Консервированные помидоры по-кавказски гранатовые,Canned tomatoes,880g,22,4260099274218,Type
Тещины рецепты,Консервированные помидоры с листьями винограда по-одесски,Canned tomatoes  with grape leaves,900g,22,4260099274133,Type
Тещины рецепты,Острые помидоры по-полтавски Первак,Spicy tomatoes,880g,20,4260099274072,Type
Элит,Томаты консервированные с чесноком,Canned tomatoes with garlic,1850g,39,4260010124738,Type
Элит,Томаты консервированные по-кавказски с бархаткой,Canned tomatoes Caucasian style,1850g,39,4260010124721,Type
Элит,Томаты консервированные по-карпатски без уксуса,"Canned tomatoes Carpathian style, without vinegar",1850g,39,4260010124745,Type
Элит,Томаты консервированные укропные,Canned tomatoes with dill,1850g,39,4260010124714,Type
Элит,Томаты Консервированные классические,Classic canned tomatoes,1850g,39,4260010124752,Type
Сядко,Помидоры пикантные,Spicy tomatoes,1100g,49,4260305240303,Type
Сядко,"Помидоры черри с перчиком, острые","Spicy tomatoes ""cherry"" with pepper",350g,20,,Type
Leon,Помидоры бочковые,Drum tomatoes,840g,20,5901008044339,Type
,ОГУРЦЫ,CUCUMBERS,WEIGHT,PRICE,BARCODE,Type
Ваш продукт,Огурцы квашенные,Pickled cucumbers,900g,20,4260352190156,Type
Ваш продукт,Огурцы чесночные,Canned cucumbers with garlic,900g,20,4260352190149,Type
Тещины рецепты,Огурцы по-краснодарски с паприкой,Canned cucumbers with sweet pepper,860g,20,4260099273211,Type
Тещины рецепты,Огурцы по-крымски с листом винограда,Canned cucumbers with grape leaves,860g,20,4260099273174,Type
Тещины рецепты,Огурцы по-одесски с чесноком,Canned cucumbers with garlic,860g,20,4260099273167,Type
Тещины рецепты,Огурцы по-кубански с листьями смородины,Canned cucumbers with currant leaves,860g,20,4260099273136,Type
Тещины рецепты,Огурцы по-херсонски хрустяшие,Crunchy canned cucumbers,860g,20,4260099273051,Type
Тещины рецепты,Консервированные огурцы хрустяшие по херсонски,Pickled cucumbers with dill,890g,20,4260099273051,Type
Тещины рецепты,"Малосольные огурцы ""Дачные""",Freshly-salted cucumbers,840g,20,4260099273099,Type
Тещины рецепты,Бочковые огурцы домашние,Homemade canned drum cucumbers,880g,20,4260099273037,Type
Тещины рецепты,Консервированные огурцы,Canned cucumbers,2000g,39,4260099273495,Type
Todorka,Огурцы домашние хрустящие,Crispy homemade canned cucumbers,1kg,20,3800740011024,Type
Todorka,Огурцы с чесноком,Canned cucumbers with garlic,1kg,20,3800740014285,Type
Todorka,Огурцы закусочные перченные,Canned cucumbers with pepper,1kg,20,3800740010997,Type
Todorka,Огурцы укропные,Canned cucumber with dill,1kg,20,3800740011017,Type
Ecohoff,Домашние хрустяшие огурцы,Crispy homemade canned cucumbers,890g,20,4260130030070,Type
Маринадо,Кубанские Закусончики острые от Атамана,Spicy canned cucumbers,520g,16,4260130030421,Type
Dworek,Огурцы маринованные укропные с чесноком,Canned cucumbers with dill and garlic,860g,20,5904603190340,Type
H&B,Огурцы малосольные Кузина кадушка,Freshly-salted cucumbers,600g,35,4260010126572,Type
Наша дача,Хрустящие огурцы без уксуса,Crispy cucumbers without vinegar,870g,20,4260130030216,Type
Leon,Огурцы укропные,Cucumbers with dill,860g,20,5901008044049,Type
Leon,Огурцы под водочку,Cucumbers for vodka,860g,20,5901008044094,Type
,ПАТИССОНЫ,SQUASH,WEIGHT,PRICE,BARCODE,Type
Тещины рецепты,Консервированные патиссоны по-херсонски,Canned squash,840g,22,4260099273129,Type
,АССОРТИ,ASSORTED VEGETABLES,WEIGHT,PRICE,BARCODE,Type
Русский Стиль,Ассорти помидоры с огурцами,Assorted tomatoes and cucumbers,900ml,20,5901008045152,Type
Тещины рецепты,Ассорти из томатов и огурцов по болгарски,"Assorted tomatoes and cucumbers, Bulgarian style",1680g,35,4260099275413,Type
Тещины рецепты,"Ассорти из томатов, огурцов и патиссонов","Assorted tomatoes, cucumbers and squash",860g,22,4260099275130,Type
Тещины рецепты,Консервированное ассорти из помидоров и огурцов,Canned assorted tomatoes and cucumbers,1600g,35,4260099275024,Type
Тещины рецепты,Консервированное ассорти из помидоров и огурцов,Canned assorted tomatoes and cucumbers,860g,20,4260099275017,Type
Тещины рецепты,Ассорти Пикник,Canned assorted vegetables with white cabbage,830g,22,4260099275109,Type
Todorka,Консервированные помидоры и огурцы,Canned tomatoes and cucumbers,1 kg,20,3800740010072,Type
,КУКУРУЗА,CORN,WEIGHT,PRICE,BARCODE,Type
Чумак,Кукуруза сахарная нежная,Corn,425g,10,4820001352887,Type
,КАПУСТА,CABBAGE,WEIGHT,PRICE,BARCODE,Type
Санта Бремор,Морская капуста маринованная,Marinated sea kale,150g,16,4810168020309,Type
Санта Бремор,Морская капуста по-корейски с морковью,"Sea kale with carrot, Korean style",150g,16,4810168020392,Type
Санта Бремор,Морская капуста по-корейски с баклажанами,Sea kale with eggplants,150g,16,4810168020361,Type
Elanders,Морская капуста в майонезе с чесноком,Sea kale in mayonnaise with garlic,400g,25,4750240233299,Type
Elanders,Морская капуста в рапсовом масле,Sea kale in rapeseed oil,300g,25,4750240233879,Type
Elanders,Морская капуста с морковью в рапсовом масле,Sea kale with carrots in rapeseed oil,300g,25,4750240233909,Type
Elanders,Салат с морской капустой в рапсовом масле,Salad with sea kale in rapeseed oil,300g,25,4750240233831,Type
Leon GmbH,Капуста по-корейски,Cabbage Korean style,700g,27,,Type
H&B,Капуста Ким-Чи острая,Spicy Kim Chi cabbage,400g,20,4260010129306,Type
,КВАШЕННАЯ КАПУСТА,SAUERKRAUT,WEIGHT,PRICE,BARCODE,Type
Русский Стиль,Капуста квашенная с марковью,Sauerkraut with carrots,900ml,20,5901008045343,Type
Тещины рецепты,Капуста с клюквой,Sauerkraut with cranberries,840g,20,4260099272627,Type
H&B,Капуста квашенная с марковью Кузина кадушка,Sauerkraut with carrots,900g,30,4260010126619,Type
,КОНСЕРВИРОВАНЫЙ АРБУЗ,WATERMELON,WEIGHT,PRICE,BARCODE,Type
Вкус Лета,Арбузы консервированные,Pickled watermelon,1470g,37,4260010128347,Type
,КОНСЕРВИРОВАНЫЕ ГРИБЫ,MUSHROOMS,WEIGHT,PRICE,BARCODE,Type
Тещины рецепты,Рыжики в солено-чесночном рассоле,Whole saffron milk cap mushrooms in salty-garlic brine,500g,29,4260099272276,Type
Тещины рецепты,Лисички маринованные,Canned Chanterelles,280g,29,4260099273372,Type
Тещины рецепты,Маслята в солено-чесночном рассоле,Suillus in salty-garlic brine,500g,29,4260099272238,Type
Тещины рецепты,"Маслята маринованные, лесные ",Matinated forest boletus,500g,29,4260099273334,Type
Тещины рецепты,Опята в солёно- чесночном рассоле,Honey mushrooms in salty-garlic brine,500g,29,4260099272252,Type
Тещины рецепты,Грибы подосиновики,Aspen mushrooms,550g,29,4260099275475,Type
Тещины рецепты,Грибное ассорти маринованное,Assorted marinated mushrooms,500g,29,4260099273341,Type
Тещины рецепты,Грибы белые маринованные,Canned white mushrooms,280g,17,4260099273303,Type
Сосновый Бор,Белый гриб боровик,Boletus,580ml,29,6907992503073,Type
Сосновый Бор,Белый гриб боровик в чесночно лавровом засоле,Boletus in garlic-bay leaf brine,580ml,29,6907992503066,Type
Сосновый Бор,Опята в солёно- лавровом засоле,Honey mushrooms in salty-bay leaf brine,530g,29,6907992503035,Type
Сосновый Бор,Опята малосольные без уксуса,"Fresh salted honey mushrooms, without vinegar",530g,29,6907992503028,Type
Сосновый Бор,Ассорти в чесночно- лавровом засоле,Assorted mushrooms in garlic-bay leaf brine,530g,29,6907992502915,Type
Leon,Шиитаке соленые,Sakted shiitake,530g,30,5905643071668,Type
,ОВОШИ,VEGETABLES,WEIGHT,PRICE,BARCODE,Type
Тещины рецепты,Жареные баклажаны с овощами по болгарски,"Roasted Aubergines with vegetables, Bulgarian style",540g,28,4260099272429,Type
Тещины рецепты,Щавель консервированный,Canned sorrel,350g,17,4260099272221,Type
Тещины рецепты,"Ассорти из моркови, горошка и кукурузы","Assorted carrots, peas and corn",480g,18,4260099272924,Type
Тещины рецепты,Консервированная петрушка,Canned parsley,180g,12,4260099272207,Type
Тещины рецепты,Перец маринованный,Marinated pepper,850g,25,4260099272795,Type
Тещины рецепты,Морковь по корейски,"Carrot, Korean style",460g,18,4260099272320,Type
Ecohoff,Корейская морковь,"Carrot, Korean style",460g,18,4260130030254,Type
Art Leon,Корейская морковь,"Carrot, Korean style",500g,15,,Type
Storko,Кабачки в аджике,Courgettes in adzhika,540g,35,3800721005448,Type
Storko,Баклажаны с овошами,Eggplant with vegetables,540g,35,3800721004403,Type
Storko,Баклажаны в томатном соусе,Eggplant in tomato sauce,540g,35,3800721004212,Type
Тещины рецепты,Баклажаны пикантные по-кавказски,"Savory eggplant, Caucaisian style",540g,28,4260099272580,Type
Bazar Balkan,Баклажаны с черносливом,Eggplant with prune,530g,35,3800026116634,Type
Leon GmbH,Баклажан с черносливом,Eggplant with prune,540g,35,3800026115866,Type
Todorka,Баклажаны по-грузински острые,"Savory eggplant, Georgian style",560g,25,3800740011789,Type
Todorka,Баклажаны по-гречески,"Eggplant, Greek style",560g,25,3800740011796,Type
Todorka,Баклажан жареный с черносливом,Roasted eggplant with prune,560g,25,3800740022440,Type
Todorka,Баклажаны жаренные со сладким перцем Княжеское блюдо,Roasted eggplant with sweet pepper,560g,25,3800023601058,Type
Todorka,Баклажаны жаренные с овощами Царская закуска,Roasted eggplant with vegetables,560g,25,3800023601041,Type
Todorka,Баклажаны с овощами,Eggplant with vegetables,560g,25,3800740012410,Type
Скатерть самобранка,Черемша маринованная,Marinated ramson,330g,30,4260127124027,Type
От Маруси,Черемша маринованная с чесноком,Marinated ramson with garlic,370g,22,4260127124034,Type
,ОЛИВКИ,OLIVES,WEIGHT,PRICE,BARCODE,Type
Latrovalis,"Греческие оливки зеленые в рассоле, пастеризованные ",Greek green olives in brine,400g,29,5204403218016,Type
Latrovalis,"Греческие черные оливки в рассоле, стеризованные ",Greek black olives in brine,400g,20,5204403618908,Type
Latrovalis,"Греческие черные оливки в рассоле, стеризованные ",Greek black olives in brine,200g,16,5204403619011,Type
,ГОТОВЫЕ САЛАТЫ,PREPARED SALADS,WEIGHT,PRICE,BARCODE,Type
Тещины рецепты,Салат Оливье минутка,"Salad ""Olivje""",680g,18,4260099272337,Type
,ГОТОВЫЕ БЛЮДА,PREPARED DISH,WEIGHT,PRICE,BARCODE,Type
Leon,Гречневая каша с грибами,Buchwheat with mushrooms,460g,18,5901008044735,Type
,ОВОШНАЯ ИКРА,VEGETABLE CAVIAR,WEIGHT,PRICE,BARCODE,Type
Storko,Икра из красного болгарского перца,Red Bulgarian pepper caviar,360g,17,3800721000429,Type
Storko,Икра баклажанная,Eggplant caviar,350g,17,3800721004540,Type
Тещины рецепты,Икра кабачковая домашняя,Homemade squash caviar,460g,18,4260099272443,Type
Господарочка,Икра из кабачков Летняя,Squash caviar,475g,22,4820024791465,Type
Господарочка,Икра баклажанная,Eggplant caviar,445g,22,4820024797535,Type
Todorka,Баклажанная икра,Eggplant caviar,560g,20,3800740011772,Type
Todorka,Кабачковая икра,Squash caviar,560g,20,3800740011765,Type
,КРУПА ГРЕЧНЕВАЯ,BUCKWHEAT,WEIGHT,PRICE,BARCODE,Type
Aldim Gmbh,"Крупа гречневая, ядрица",Buckwheat,800g,33,4260099271040,Type
Aldim Gmbh,"Крупа гречневая, особенная","Buckwheat ""Special""",1 kg,33,4260099271026,Type
Воложка,"Гречка в пакетиках ""Варим парим на радость"" (5x80г)",Buchwheat in packs (5x80g),400g,19,4607070080572,Type
Воложка,Гречневая крупа,Buchwheat,800g,20,4607070080411,Type
Царь,Крупа гречневая,Buchwheat,800g,25,4603134002184,Type
Царь,Крупа гречневая (8x62.5г),Buchwheat (8x62.5g),500g,25,4603134002498,Type
Белоцерковские крупы,"Крупа гречневая, ядрица отборная (5x80г)",Buchwheat (5x80g),400g,19,4260099271064,Type
,КРУПА/ ПШЕНО,GROATS/ MILLET,WEIGHT,PRICE,BARCODE,Type
Царь,Крупа Ячневая,Barley groats,800g,25,4603134003174,Type
Воложка,Кукурузная крупа,Corn grits,700g,15,4607070080817,Type
Царь,Пшено Шлифованное,Polished millet,800g,20,4603134002801,Type
Еврозлат,Пшено Шлифованное,Polished millet,750g,17,4607114150179,Type
Белоцерковские Крупы,Пшено,Millet,800g,20,4260099270173,Type
Natur-produkt,Пшено,Millet,800g,21,4260130030674,Type
,ОТРУБИ,BRAN,WEIGHT,PRICE,BARCODE,Type
ОГО,Отруби бородинские,Bran,200g,18,4630012080491,Type
,ЕДА БЫСТРОГО ПРИГОТОВЛЕНИЯ,FAST FOOD,WEIGHT,PRICE,BARCODE,Type
БиоФуд,Картофельное пюре с соусом с говядиной Биг Ланч,"Mashed potatoes ""Big lunch"" with beef sauce",50g,12,4607160451008,Type
БиоФуд,Картофельное пюре с соусом с курицей Биг Ланч,"Mashed potatoes ""Big lunch"" with chicken sauce",50g,12,4607160450995,Type
БиоФуд,Картофельное пюре с соусом с луком и гренками Биг Ланч,"Mashed potatoes ""Big lunch"" with onion  sauce and toasts",50g,12,4607160451015,Type
БиоФуд,"Лапша со  свининой, чесноком и перцем","Noodles with pork, garlic and pepper",90g,15,4607160450032,Type
БиоФуд,"Лапша с ароматной говядиной, грибами и зеленью","Noodles with fragrant beef, mushrooms and herbs",90g,15,4607160450025,Type
Ролтон,Вермишель с курицей,Noodles with chicken,60g,5,4605496007494,Type
Ролтон,Вермишель с говядиной,Noodles with beef,60g,5,4605496007517,Type
,ПОДСОЛНЕЧНОЕ МАСЛО,SUNFLOWER OIL,WEIGHT,PRICE,BARCODE,Type
Дары Кубани,Масло подсолнечное нерафинированное,Unrefined sunflower oil,0.65l,22,4607014782036,Type
Премиум продукт,Подсолнечное масло Золота рафинированное,"Sunflower oil ""Gold"", refined",920g,20,4820078570702,Type
Гранд- Стар,"Подсолнечное масло Кубаночка, ароматное нерафинированное вымороженное","Sunflower oil ""Kubanochka"", fragrat unrefined frozen out",1 l,27,4607029050373,Type
Укролия,Подсолнечное масло Диканька нерафинированное,"Sunflower oil ""Dikanka"", unrefined ",1 l,30,4820077081940,Type
,СОУСЫ,SAUCES,WEIGHT,PRICE,BARCODE,Type
Тещины рецепты,Соус Краснодарский домашний,Homemade tomato sauce,300g,16,4260099272085,Type
Тещины рецепты,Соус Кухарский,"Sauce ""Kukharskij""",300g,16,4260099272078,Type
Русский Стиль,Соус Грузинский,"Sauce ""Georgian""",300g,16,5901008045220,Type
Leon,"Соус Шашлычный, фирменный ",Sauce for shashlyk,485g,20,4820015943804,Type
H&B,Хреновина соус острый с хреном,Hot tomatoe sauce with horseradish,300g,16,4260010122262,Type
Kedainiu konservai,Хреновина томатный соус острый с хреном,Hot tomatoe sauce with horseradish,300g,15,4770583213840,Type
Чумак,Соус Херсонський,"Sauce ""Hersonskij""",500g,20,4820001356298,Type
Чумак,Соус Кухарський,"Sauce ""Kukharskij""",500g,15,4820001354409,Type
Чумак,Соус Козацький з хроном,"Sauce ""Kazackij"" with horseradish",200g,10,4820156765709,Type
Чумак,Соус Грузинський до мяса,"Sauce ""Georgian"" for meat",220g,16,4820001355383,Type
Чумак,Соус Французький з гирчицею,"Sauce ""French"" with horseradish",200g,10,4820001354140,Type
Едим дома,Соус Сацебели,"Sauce ""Sacebeli""",485g,20,4820015946980,Type
,МАЙОНЕЗ,MAYONNAISE,WEIGHT,PRICE,BARCODE,Type
Ильинский,Майонез классический,Classic mayonnaise,800ml,20,4683875202487,Type
Ильинский,Майонез оливковый,Olive mayonnaise,400ml,19,4683875202432,Type
Махеевъ,Майонез провансаль,"Mayonnaise ""Provencal""",770g,37,4604248002664,Type
Махеевъ,Майонез провансаль,"Mayonnaise ""Provencal""",380g,20,4604248000196,Type
Махеевъ,Майонез с перепелиным яйцом,Mayonnaise with quail eggs,380g,23,4604248003081,Type
Махеевъ,Майонез оливковый,Olive mayonnaise,400ml,20,4604248000844,Type
Махеевъ,Майонез сметанный,Sour cream mayonnaise,770g,37,4604248014124,Type
Махеевъ,"Майонез ""Легкий"" с лимонным соком","Mayonnaise ""Light"" with lemon juice",390g,20,4604248002817,Type
Махеевъ,Майонез салатный,Mayounnaise for salads,780g,37,4604248002718,Type
,КЕТЧУП/ ТОМАТНАЯ ПАСТА,KETCHUP/ TOMATOE PUREE,WEIGHT,PRICE,BARCODE,Type
Чумак,Кетчуп томатный,Tomato ketchup,300g,10,4820001352979,Type
Чумак,Кетчуп томатный,Tomato ketchup,450g,15,4820001357936,Type
Чумак,Кетчуп чили,Spicy ketchup,300g,10,4820001355840,Type
Чумак,"Паста томатна, 25%","Tomatoe puree, 25% ",70g,6,4820001352801,Type
,АДЖИКА,ADJIKA,WEIGHT,PRICE,BARCODE,Type
Тещины рецепты,Аджика пикантная,Savory adjika,300g,16,4260099272016,Type
Тещины рецепты,Аджика острая с чесноком,Spicy adjika with garlic,300g,16,4260099272030,Type
H&B,Аджика домашняя,Homemade adjika,550g,39,4260010127982,Type
Deroni,Аджика домашняя,Homemade adjika,350g,16,3800740011116,Type
,ХРЕН,HORSERADISH,WEIGHT,PRICE,BARCODE,Type
Махеевь,Хрен столовый,Table horseradish,190g,12,4604248012601,Type
Тещины рецепты,Хрен с красной свеклой,Horseradish with beetroot,180g,12,4260099272047,Type
H&B,Хрен со свеклой,Horseradish with beetroot,180g,12,5906245444546,Type
H&B,Хрен крепкий,"Horseradish, strong",180g,12,5906245444539,Type
,ЛЕЧО,LECHO,WEIGHT,PRICE,BARCODE,Type
Сядко,Лечо по болгарски,Bulgarian lecho,680g,18,4260305240198,Type
,ПРИПРАВА,SEASONING,WEIGHT,PRICE,BARCODE,Type
Avokado,Приправа Азербайджанская,Azerbaijan seasoning,210g,22,8595012061184,Type
Avokado,Приправа для шашлыка,Seasoning for shashlik,179g,22,8595012061160,Type
Avokado,Приправа Грузинская,Georgian seasoning,170g,22,8595012061191,Type
Avokado,Приправа Армянская,Armenian seasoning,170g,22,8595012061177,Type
Avokado,Приправа для рыбы,Seasoning for fish,200g,22,8595012061061,Type
Avokado,Приправа аппетитная,Appetizing seasoning,220g,22,8595012061122,Type
Avokado,Приправа Узбекская,Uzbek seasoning,200g,20,4008337734700,Type
Avokado,Приправа Татарская,Tatar seasoning,25g,5,8595012066714,Type
Avokado,Приправа Аджика,Adzhika seasoning,25g,5,8595012077154,Type
Avokado,Приправа Хмели-сунели,Hops-suneli seasoning,25g,5,8595012006024,Type
Avokado,Приправа грибная,Mushroom seasoning,25g,5,8595012003344,Type
Alex produkte,Лавровый лист,Bay leaf,50g,15,40100630,Type
Alex produkte,Кинза сушёная,Dried cilantro,30g,12,40120171,Type
Alex produkte,Кинза кориандер целый,"Cilantro coriander, whole",100g,12,40120140,Type
Alex produkte,Имбирь,Ginger,75g,15,40500850,Type
Alex produkte,Чиа семена,Chia seeds,200g,39,40500935,Type
Alex produkte,"Перец душистый, горошек","Allspice, peas",50g,15,40000251,Type
Alex produkte,Чеснок гранулированный,Granulated garlic,50g,12,40100579,Type
Alex produkte,Чабрец садовый,Garden thyme,50g,15,40100692,Type
Alex produkte,Черемша Джусай,Ramson Dzhusay,30g,20,41100691,Type
Alex produkte,Корица молотая,Powered cinnamon,100g,20,40101200,Type
Alex produkte,Хмели сунели,Hops suneli,75g,12,40880624,Type
Alex produkte,Тмин чёрный цельный,Cumin black solid,75g,15,40193403,Type
Alex produkte,Мята перечная,Peppermint,50g,15,40500058,Type
Alex produkte,Вегета универсальная приправа,Vegeta universal seasoning,250g,20,40103327,Type
Alex produkte,Приправа для малосольных огурчиков,Seasoning for pickled cucumbers,50g,15,40500317,Type
Alex produkte,Приправа для жарки рыбы,Seasoning for frying fish,100g,15,40990644,Type
Alex produkte,Приправа для плова,Seasoning for plov,100g,15,40133935,Type
Alex produkte,Крапива двудомная,Urtica dioca,50g,15,40500478,Type
Aroma bona,Семечки подсолнуха (очищеные),Sunflower Seeds (peeled),500g,20,4779022488856,Type
Aroma bona,Приправа для пельменей,Seasoning for ravioli,25g,5,4779022481130,Type
Aroma bona,Приправа для борща,Seasoning for borsch,25g,5,4779022482960,Type
Aroma bona,Приправа для плова,Seasoning for pilaf,25g,5,4779022481093,Type
Aroma bona,Приправа для моркови по-корейски,Seasoning for carrot in Korean,25g,5,4779022480959,Type
Виртекс,"Корейская заправка ""Чим чим"" для спаржи","Korean seasoning ""chim chim"" for asparagus",60g,11,4607044605916,Type
Anatols,Приправа для шашлыков,Shashlik seasoning,20g,5,4750280206000,Type
Беларуськалий,Соль каменная поваренная пищевая,Common edible rock salt,1kg,9,4811005000201,Type
Мозырьсоль,Соль поваренная пищевая,Table salt,1kg,9,4810023000149,Type
Мозырьсоль,Соль йодированная поваренная пищевая,Iodized salt,1kg,9,4810023000156,Type
,ЧАЙ/ КОФЕ,TEA/ COFFEE,WEIGHT,PRICE,BARCODE,Type
Майский,"Чай ""Отборный Цейлон""","Tea 'Choice Ceylon """,100g,29,4607051151321,Type
Майский,"Чай ""Отборный Цейлон""","Tea 'Choice Ceylon """,50g,18,4607051151345,Type
Майский,"Чай ""Отборный Цейлон"" (25 пакетиков)","Tea 'Choice Ceylon "" (25 pcs)",50g,18,4607051151345,Type
Букет Цейлона,"Чай ""Цейлонский"" (25 пакетиков)","Tea ""Ceylon"" (25 psc)",50g,18,4260196030809,Type
Принцесса Нури,"Чай ""Высокогорый"" листовый","Tea ""Highlands"" sheet",250g,28,4605246002441,Type
Принцесса Нури,Чай Высокогорный (в пакетиках),Highland Tea (in tea bags),200g,45,4605246002014,Type
Принцесса Нури,Чай отборный,Tea choice,200g,45,4605246003271,Type
Принцесса Ява,"Чай ""Жасмин"".Китайский зелёный чай с ароматом жасмина","Tea ""Jasmine"". Chinese green tea with jasmine",100g,20,4605246001888,Type
Seve,Растворимый цикорий с черникой (порошок),Soluble chicory with bilberry (powder),100g,30,4740506100380,Type
Здравко,Натуральный растворимый Цикорий,Natural soluble chicory,100g,12,4610009000657,Type
,СГУШЁННОЕ МОЛОКО,CONDENSED MILK,WEIGHT,PRICE,BARCODE,Type
Ваш продукт,Молоко сгушённое варёное,Boiled condensed milk,397g,22,4260352190507,Type
,Молоко сгушённое,Condensed milk,397g,17,4260244871224,Type
,Молоко сгущенное цельное Ромашка,Condensed milk,397g,17,5906245444676,Type
Leon GmbH,"Молоко сгущенное ""Леонка"" цельное с сахаром","Condensed milk ""Leonka"" with sugar",397g,20,4260127122283,Type
Leon GmbH,"Молоко сгущенное ""Леонка"" со вкусом кофе","Condensed milk ""Leonka"" with coffee taste",397g,22,4770209042199,Type
Leon GmbH,"Молоко сгущенное ""Леонка"" с сахаром и какао","Condensed milk ""Leonka"" with sugar and cocoa taste",397g,22,4770209042205,Type
Ностальгия,Карамелизированный сгущенный молочный продукт с сахаром,Caramelized condensed milk products with sugar,397g,17,4771173209458,Type
,Сгущенка,Condensed milk,250g,15,4740502002176,Type
,Сгущенное молоко с сахаром и какао,Condensed milk with sugar and cocoa,250g,17,4740502020392,Type
,Сгущенное молоко с сахаром,Sweetened condensed milk,250g,15,4740502002084,Type
,СЛИВКИ,CREAM,WEIGHT,"PRICE, DKK",BARCODE,Type
,"Сливки ""Коровка"" сгущенные с сахаром, 19%","Condensed cream ""Cow"" with sugar, 19%",360g,17,4602358001003,Type
,ВАРЕНЬЕ/ ДЖЕМ,JAM,WEIGHT,PRICE,BARCODE,Type
Тещины рецепты,Варенье из клубники домашнее,Homemade strawberry jam,340g,20,4260099275567,Type
Ратибор,Варенье клюква,Cranberry jam,400g,29,4601842001994,Type
От Маруси,Варенье из зеленых грецких орехов,Jam made from green walnuts,680g,39,4840022002288,Type
ALCOHOL DRINKS,,,,,,Type
,ПИВО,BEER (pant price is NOT included),LITERS,PRICE,BARCODE,Type
Baltika Breweries,"Пиво BALTIKA Lager No 2, 4,7% алк","Beer BALTIKA Lager No 2, 4,7% alc",500ml,12,4600682511755,Type
Baltika Breweries,"Пиво BALTIKA Classic No 3, 4,8% алк","Beer BALTIKA Classic No 3, 4,8% alc",500ml,12,4600682000037,Type
Baltika Breweries,"Пиво BALTIKA Original No 4, 5,6% алк","Beer BALTIKA Original 4, 5,6% alc",500ml,12,4600682000044,Type
Baltika Breweries,"Пиво BALTICA Golden Lager No 5, 5,3% алк","Beer BALTIKA Golden Lager No 5, 5,3% alc",500ml,12,4600682011507,Type
Baltika Breweries,"Пиво BALTIKA Export Lager No 7 5,4% алк","Beer BALTIKA Export Lager 7 5,4% alc",500ml,12,4600682511014,Type
Baltika Breweries,"Пиво BALTIKA EXPORT NO 7 5,4% алк","Beer BALTIKA EXPORT NO 7 5,4% alc",1l,17,4600682001522,Type
,ВОДКА,VODKA,LITERS,PRICE,BARCODE,Type
Белалко,Водка Дикая Утка Особая (Wild Duck Vodka – special),"Vodka ""Дикая Утка Особая"" (""Wild Duck Special"")","0,7l",150,4810030009500,Type
Белалко,Водка Дикая Утка (Wild Duck Vodka),"Vodka ""Дикая Утка"" (""Wild Duck"")","0,7l",140,4810030009494,Type
,Водка Русский Стандарт Platinum (Russian Standard Vodka – Platinum),"Vodka ""Русский Стандарт Platinum"" (""Russian Standart Platinum"")","0,7l",150,4603400000180,Type
,Водка Русский Стандарт Gold (Russian Standard Vodka – Gold),"Vodka ""Русский Стандарт Gold"" (""Russian Standart Gold"")","0,7l",135,4603400001026,Type
,Водка Русский Стандарт,"Vodka ""Русский Стандарт""",0.7l,125,4603400000043,Type
Topaz Distillery,Водка Зелёная Марка (Green Mark Vodka),"Vodka ""Зелёная Марка"" (""Green Mark Vodka"")","1,0l",150,4600893900812,Type
,БРЕНДИ,BRANDY,LITERS,PRICE,BARCODE,Type
Yerevan Brandy Company,Бренди ARARAT 3-ёхлетний,Ararat – 3 years,"0,5l",140,4850001001904,Type
Yerevan Brandy Company,Бренди ARARAT 5-илетний,Ararat – 5 years,"0,5l",150,4850001001935,Type
Yerevan Brandy Company,Бренди ARARAT 6-илетний,Ararat – 6 years,"0,5l",160,4850001001966,Type
Yerevan Brandy Company,Бренди ARARAT 10-илетний,Ararat – 10 years,"0,5l",200,4850001002024,Type
Yerevan Brandy Company,Бренди ARARAT 10-илетний Reserve,Ararat – 10 years Reserve,0.5l,799,,Type
Yerevan Brandy Company,Бренди ARARAT 20-илетний,Ararat – 20 years,0.5l,499,,Type
,ВИНО (КРАСНОЕ),WINE (RED),LITERS,PRICE,BARCODE,Type
Armenia,"Красное вино, сухое, 2011, 12.5% алк (Армения)","Red wine, dry,  2011, 12.5% alc (Armenia)",0.75,85,4850008150094,Type
Armenia,"Красное гранатовое вино, полу-сладкое, 11,5% алк (Армения)","Red pomegranate wine, semi-dry, 11,5% alc",0.75,85,4850008150995,Type
Marani,"Красное вино Kindzmarauli, 2014, 11.5% алк (Грузия)","Red wine Kindzmarauli, 2014, 11.5% alc (Georgia)",0.75,89,4867616020091,Type
Marani,"Красное вино Saperavi, сухое, 13.5% алк (Грузия)","Red wine Saperavi, dry, 13.5% alc (Georgia)",0.75,72,4867616020053,Type
Marani,"Красное вино Telavuri, сухое, 12.5% алк (Грузия)","Red wine Telavuri, dry, 12.5% alc (Georgia)",0.75,59,4867616060400,Type
Marani,"Красное вино Saperavi, сухое, 14.5% алк (Грузия)","Red wine Saperavi, dry, 14.5% alc (Georgia)",0.75,89,4867616020657,Type
Marani,"Красное вино Telavuri, полу-сухое, 12% алк (Грузия)","Red wine Telavuri, semi-dry, 12% alc (Georgia)",0.75,59,4867616060417,Type
Marani,"Красное вино Khvanchkara, полу- сладкое, 2014, 11.5% алк (Грузия)","Red wine Khvanchkara, medium sweet, 2014, 11.5% alc (Georgia)",0.75,89,4867616020244,Type
Marani,"Красное вино Telavuri, полу-сладкое, 11,5% алк (Грузия)","Red wine Telavuri, semi-sweet, 11,5% alc (Georgia)",0.75,59,4867616060424,Type
Telavi Wine Cellar,"Красное вино Satrapezo saperavi, сухое, 2013, 14.5% алк (Грузия)",,0.75,189,4867616080347,Type
,ВИНО (РОЗОВОЕ),WINE (ROSE),LITERS,PRICE,BARCODE,Type
Armenia,"Розовое вино Selected, сухое, 2010, 12,5% алк (Армения)","Rose wine Selected, dry, 2010, 12,5% alc (Armenia)",0.75,85,4850008150384,Type
Marani,"Розовое вино Saperavi Rose, сухое, 12.5% алк (Грузия)","Rose wine Saperavi Rose, dry, 12.5% alc (Georgia)",0.75,75,4867616020343,Type
,ВИНО (БЕЛОЕ),WINE (WHITE),LITERS,PRICE,BARCODE,Type
Armenia,"Белое вино, сухое, 2012, 14% алк (Армения)","White wine, dry, 2012, 14% alc (Armenia)",0.75,85,4850008150100,Type
Marani,"Белое вино Telavuri, полу-сладкое, 11,5% алк (Грузия)","White wine, semi-sweet, 11,5% alc (Georgia)",0.75,57,4867616060394,Type
Marani,"Белое вино Kondoli Mtsvane- kisi, 2013, 13.5% алк (Грузия)","White wine Kondolo Mtsvane- kisi, 2013, 13.5% alc (Georgia)",0.75,95,4867616100045,Type
Marani,"Белое вино Tbilisuri, полу-сухое, 12% алк (Грузия)","White wine, semi-dry, 12% (Georgia)",0.75,65,4867616020039,Type
Marani,"Белое вино Telavuri, полу-сухое, 12% алк (Грузия)","White wine Telavuri, semi-dry, 12% alc (Georgia)",0.75,57,4867616060387,Type
Marani,"Белое вино Rkatsiteli, сухое, 12% алк (Грузия)","White wine, dry, 12% alc (Georgia)",0.75,65,4867616020305,Type
Marani,"Белое вино Mtsvane, сухое, 12.5% алк (Грузия)","White wine Mtsvane, dry, 12.5% alc (Georgia)",0.75,65,4867616020220,Type
Marani,"Белое вино Telavuri, сухое, 12.5% алк (Грузия)","White wine Telavuri, dry, 12.5% alc (Georgia)",0.75,57,4867616060370,Type
NON ALCOHOL DRINKS,,,,,,Type
,НАПИТКИ,DRINKS (pant price is NOT included),LITERS,PRICE,BARCODE,Type
Садочок,Яблоко клюква черхоплодная рябина,Apple-Cranberry-Chokeberry juice drink,"0,95l",15,4823063110051,Type
Напитки из Черноголовки,Напиток безалкогольный – Тархун,Soft drink - Tarhun,"1,0l",17,4602441000081,Type
Напитки из Черноголовки,Напиток безалкогольный – Байкал,Soft drink - Baikal,"1,0l",17,4602441000067,Type
Напитки из Черноголовки,Напиток безалкогольный – Дюшец,Soft drink - Dyushets,"1,0l",17,4602441000609,Type
Напитки из Черноголовки,Напиток безалкогольный – Крюшон,Soft drink - Krushon,"1,0l",17,4602441011339,Type
Напитки из Черноголовки,Напиток безалкогольный - лимонад– Буратино,Soft drink- lemonade - Buratino,2l,22,4602441011322,Type
Старый источник,Шиппи со вкусом вишни,"Carbonates water ""Shippi"" with cherry taste",0.5 l,17,4607017095171,Type
,СОК,JUICE,LITERS,PRICE,BARCODE,Type
,Сок гранатовый (азербайджанский гранат),Pomegranate juics (Azerbaijani pomegranate),1 l,35,4620755450040,Type
Эко-Фуд,Берюзовый сок,Birch juice,1 l,27,4820039400109,Type
Смак,Берюзовый сок,Birch juice,1 l,14,4820001470925,Type
,КВАС,KVASS (pant price is NOT included),LITERS,PRICE,BARCODE,Type
Ochakovo,"Квас ""Очаковский"" ",Kvass Ochakovskiy,2 l,27,4600068009043,Type
Ochakovo,"Квас ""Очаковский"" ",Kvass Ochakovskiy,1 L,,4600068009005,Type
BORODINSKIJ,Квас (напиток),Kvass drink,3L,32,4750099523404,Type
BORODINSKIJ,Квас (напиток),Kvass drink,5L,42,4750099523411,Type
GUTTA,"""Rigas"" квас","""Rigas"" kvass","0,5L",11.5,4750009942424,Type
GUTTA,"""Rigas"" квас (напиток)","""Rigas"" kvass (drink)",1.5l,17,4750009913455,Type
CIDO grupa,"Квас ""Livu"" (нефильтрованный)",Livu kvass (unfiltered),1.5L,17,4750132002101,Type
CIDO grupa,Квас,Kvass,"1,5L",17,4750042201441,Type
IĻĢUCIEMS,"Напиток ""Здоровье""","Drink ""Health""","1,5L",17,,Type
IĻĢUCIEMS,Квас,Kvass,500ml,11.5,4750239577717,Type
IĻĢUCIEMS,"Квас ""Iļģuciems""","Kvass ""Iļģuciems""","1,5L",17,4750239577724,Type
ULMAŅLAIKU,Квас,Kvass,"1,5L",15,4750142105137,Type
ULMAŅLAIKU KVASS,Квас,Kvass,568ml,11.5,4750142105281,Type
Švyturys,Квас,Kvass in tin “Salyklo”,0.5,11,4770349225780,Type
Gubernija,Хлебный квас,Bread Kvass in tin,0.5,12,4770395222061,Type
Gubernija,Хлебный квас,Bread Kvass in glass,0.33,11,4770395222047,Type
Gubernija,"Квас ""Rugile""","Kvass ""Rugile"" in plastic bottle ",1.5,17,4770395226694,Type
Gubernija,"Квас ""Rugile""","Kvass ""Rugile"" in plastic bottle",0.75,"12,50",4770395226700,Type
Volfas Engelman,Квас,Kvass,"1,5",17,4770301221621,Type
FROZEN PRODUCTS,,,,,,Type
,ПЕЛЬМЕНИ,DUMPLINGS,WEIGHT,PRICE,BARCODE,Type
Best Time,"Пельмени ""Сибирские""",Siberian dumplings,1000g,57,4250239103645,Type
Best Time,"Пельмени ""Домашние""",Homemade dumplings,1000g,57,4250239103638,Type
UVIC,"Пельмени ""Иван"" казанские без свинины","Kazan dumplings ""Ivan"" without pork",500g,30,4740223001595,Type
UVIC,"Пельмени ""Иван"" рязанские","Ryazan dumplings ""Ivan""",500g,30,4740223001540,Type
UVIC,"Пельмени ""Иван"" полтавские с чесноком","Poltava dumplings ""Ivan"" with garlic",500g,30,4740223001502,Type
UVIC,"Пельмени ""Иван"" рязанские","Ryazan dumplings ""Ivan""",2000 g (2kg),90,4740223001441,Type
JUDEX,"Пельмени ""Сказка""","Dumplings ""Fairy Tale""",800g,45,4770274485235,Type
Judex,"Пельмени с мясом ""Dzūkų"" ","""Dzūkų"" dumplings with meat",400g,27,,Type
Judex,Пельмени с куриным мясом,Dumplings with chicken meat,500g,30,4770274485105,Type
Judex,Пельмени с говядиной,Dumplings stuffed with beef,1 kg,57,4770274194229,Type
Judex,"Пельмени ""Пикантные""",Piquant dumplings,500g,35,,Type
Judex,"Пельмени ""Деревенские"" с мясом",Rustic dumplings stuffed with meat,1 kg,45,4770274193604,Type
Judex,"Пельмени ""Каунас""","Dumplings ""Kaunas""",500g,30,,Type
Judex,"Пельмени ""Дворянские""","Dumplings ""Nobility""",400g,30,,Type
Judex,"Пельмени ""Студент""","Dumplings ""Student's""",1 kg,45,4770274191334,Type
Judex,"Пельмени ""Бабушкины""","Dumplings ""Grandmother's""",300g,22,,Type
Judex,"Пельмени ""Сибирские""","Dumplings ""Siberian""",500g,30,4770274483477,Type
Judex,"Пельмени ""Сибирские""","Dumplings ""Siberian""",2 kg,110,4770274483484,Type
Judex,"Пельмени ""Традиционные"" с куринным мясом",Traditional dumplings stuffed with chicken meat,500g,30,4770274483415,Type
Judex,"Пельмени ""Украинские"" с говядиной и свининой",Ukrainian dumplings stuffed with beff and pork meat,500g,30,4770274483392,Type
Judex,"Пельмени ""Деревенские"" с куринным мясом",Rustic dumplings stuffed with chicken meat,500g,30,4770274482531,Type
Judex,"Сибирские пельмени ""Ванька""","Siberian dumplings ""Vanka""",2 kg,110,4770274482647,Type
Judex,Пельмени со свининой,Dumplings with pork,1.75 kg,100,4770274484283,Type
Judex,"Пельмени ""Мама"" с мясом","Dumplings ""Mother"" stuffed with meat","1,75 kg",90,4770274483972,Type
Judex,"Пельмени ""Люкс"" со свининой ","Dumplings ""Liux"" with pork stuffing","1,75 kg",90,4770274484283,Type
Judex,"Пельмени ""Украинские""","Dumplings ""Uralsky""",500g,30,,Type
Judex,"Пельмени ""Сибирские""","Dumplings ""Sibirsky""",400g,27,4770274482999,Type
Judex,"Пельмени ""Русские""","Dumplings ""Russian""",400g,27,4770274482975,Type
Judex,"Пельмени ""Юбилейные"" со свининой","Dumplings ""Commemorative"" with pork","0,5",35,4770274485099,Type
Judex,"Пельмени ""Элитные"" с годядиной и куриным мясом","Dumplings ""Elit"" with beef and chicken",1 kg,100,4770274484382,Type
Judex,"Пельмени ""Графские"" с куриным мясом","Dumplings ""Counts"" with chicken",1 kg,100,4770274484320,Type
Judex,"Пельмени ""Застольные""",Dumplings,1 kg,100,4770274485129,Type
Judex,"Пельмени ""Родина""",Homeland dumplings,500g,20,4770274192188,Type
Judex,"Пельмени ""Сказка""","Dumplings ""Fairy Tale""",800g,45,4770274485235,Type
Viči,ТРАДИЦИОННЫЕ. Пельмени с говядиной,"TRADITIONAL. Dumplings with beef, cooked, frozen",400g,35,4770190077835,Type
Viči,"СОВРЕМЕННЫЙ СТИЛЬ. Пельмени с куринным мясом, сыром и боровиками","MODERN STYLE. Dumplings with chicken, cheese and boletus mushrooms, pre-cooked, frozen",400g,30,4770190077873,Type
Viči,СОВРЕМЕННЫЙ СТИЛЬ. Пельмени с лососем,"MODERN STYLE. Dumplings with salmon, frozen",400g,30,4770190077859,Type
Viči,СОВРЕМЕННЫЙ СТИЛЬ. Пельмени с острыми овощами,"ASIAN STYLE. Dumplings with spicy vegetables, pre-cooked, frozen",400g,30,4770190078719,Type
Viči,СОВРЕМЕННЫЙ СТИЛЬ. Пельмени с овощами,"ASIAN STYLE. Dumplings with vegetables, pre-cooked, frozen",400g,35,4770190078702,Type
Viči,СОВРЕМЕННЫЙ СТИЛЬ. Пельмени с овощами и свининой,ASIAN STYLE. Dumplings with vegetables and pork,400g,30,4770190078726,Type
Viči,Пельмени со свининой,Dumplings with pork meat,400g,30,,Type
Viči,Пельмени со свининой и овощами,Dumplings with pork and vegetables,400g,35,,Type
Viči,Пельмени с творогом,Dumplings with cottage cheese,300g,25,,Type
Viči,"Пельмени с куриным мясом и черными грибами ""Фунгус""","Dumplings with chicken and black mushrooms ""Fungus""",400g,40,4770190092951,Type
Viči,Пельмени с лососем и сыром,Dumplings with salmon and cheese,400g,40,,Type
Liūtukas ir Ko,Пельмени с бараниной,Dumplings with lamb filling,700g,30,4770090195530,Type
Liūtukas ir Ko,Домашние пельмени с мясом,Poultry dumplings stuffed with meat,500g,18,4770090192010,Type
Liūtukas ir Ko,Пельмени с мясом,Particular dumplings stuffed with meat,700g,25,4770090192881,Type
Liūtukas ir Ko,Королевские пельмени с мясом,Royal dumplings stuffed with meat,800g,35,4770090192775,Type
Liūtukas ir Ko,"Пельмени ""Сим Сим"" с индюшатиной","Dumplings ""Sim Sim"" with turkey",400g,19,4770090196629,Type
Liūtukas ir Ko,"Пельмени ""Богатырские""","Dumplings ""Heroic""",800g,32,4770090193437,Type
Liūtukas ir Ko,"Пельмени ""Родина"" с мясом","Dumplings ""Homeland"" stuffed with meat",1 kg,30,4770090193550,Type
Liūtukas ir Ko,"Пельмени ""XL"" с мясом",XL dumplings stuffed with meat,"1,5 kg",40,4770090194076,Type
Liūtukas ir Ko,Экологические пельмени с говядиной,Organic dumplings stuffed with beef,400g,35,4770090194670,Type
Liūtukas ir Ko,Экологические пельмени с картошкой,Organic dumplings stuffed with potatoes,400g,25,4770090194694,Type
Liūtukas ir Ko,Экологические пельмени с творогом,Organic dumplings with cottage cheese,400g,35,4770090194687,Type
Uvic,"Пельмени ""Иван"" с мясом и чесноком ","Dumplings ""Ivan"" with meat and garlic stuffing",500g,30,4740223001502,Type
ARIOLS,Пельмени “Отто” с куриным мясом,"Dumplings ""Otto"" with chicken meat",400g,30,4750499004831,Type
ARIOLS,"Пельмени ""Бамбино""","Dumplings ""Bambino""",1 kg,?,4750499002455,Type
ARIOLS,"Пельмени ""Малыши""","Dumplings ""Babes""",400g,30,4750499002240,Type
ARIOLS,"Пельмени ""Экспрессо""","Dumplings ""Ekspresso""",2kg,?,4750499001342,Type
DAERS,"Пельмени ""Супер""","Dumplings ""Super""",2 kg,?,4751000805510,Type
DAERS,"Пельмени ""Сибирские""","Dumplings ""Sibirian""","2,5 kg",?,4751000800171,Type
,ВАРЕНИКИ,SWEET DUMPLINGS,WEIGHT,PRICE,BARCODE,Type
UVIC,Иван – Вареники казанские с творогом,"Kazan dumplings ""Ivan"" with cottage cheese",500g,25,4740223001571,Type
UVIC,Иван – Вареники рязанские с картошкой и грибами,"Ryazan dumplings ""Ivan"" with potatoes and mushrooms",500g,25,4740223001786,Type
UVIC,Иван – Вареники кубанские с вишней,"Kuban dumplings ""Ivan"" with cherries",500g,25,4740223001717,Type
JUDEX,Вареники с творогом и изюмом,Dumplings with cottage cheese and raisins,500g,30,4770274484610,Type
,Вареники Елисей с картофелем и грибами,Dumplings with potatoes and mushrooms,500g,30,4750499003650,Type
,КРАБОВЫЕ ПАЛОЧКИ,CRAB STICKS,WEIGHT,PRICE,BARCODE,Type
Эконом маркет,Крабовые палочки,Crab sticks,100g,10,4810168002749,Type
Санта Бремор,Крабовые палочки (замороженные),Crab sticks (frozen),200g,20,4810168001933,Type
Viči,Крабовые палочки Classic,"Classic. Crab taste sticks (from surimi, fast frozen)",100g,9,4770190036085,Type
Viči,Крабовые палочки Classic,"Classic. Crab taste sticks (from surimi, fast frozen)",240g,20,4770190036108,Type
Viči,Крабовые палочки,Crab sticks,300g,29,4770190037082,Type
Viči,Крабовые палочки,Crab sticks,150g,18,4770190036115,Type
,ГРИБЫ,MUSHROOMS,WEIGHT,PRICE,BARCODE,Type
Вологодская ягода,"Смесь лесных грибов ""Грибноe лукошко""","A mixture of wild mushrooms ""Mushroom basket""",300g,40,4607072907310,Type
Вологодская ягода,"Смесь лесных грибов, резаные ","A mixture of wild mushrooms, sliced",300g,40,4607072901516,Type
Вологодская ягода,Грибы белые,White mushrooms,300g,69,4607072901202,Type
,ЯГОДЫ,BERRIES,WEIGHT,PRICE,BARCODE,Type
Вологодская ягода,Брусника,cowberry,300g,32,4607072901158,Type
Вологодская ягода,Клюква садовая,Cranberry garden,300g,27,4607072903275,Type
Вологодская ягода,Облепиха,Sea buckthorn,300g,40,4607072900151,Type
,ТОРТЫ/ ПИРОЖНОЕ,CAKES,WEIGHT,PRICE,BARCODE,Type
Roshen,"Торт ""Золотые ворота""","Cake ""Golden Gate""",500g,90,4823077612350,Type
Roshen,"Торт ""Капучино""","Cake ""Cappuccino""",500g,90,4823005308430,Type
Roshen,"Торт ""Киевский""","Cake ""Kiev""",500g,90,4823005302797,Type
Roshen,"Торт ""Киевский""","Cake ""Kiev""",1 kg,170,,Type
Roshen,"Торт ""Cremolino""","Cake ""Cremolino""",1 kg,140,4823077611889,Type
Roshen,"Торт ""Chocolissimo""","Cake ""Chocolissimo""",1 kg,140,4823077611872,Type
ЛюксТорт,"Торт ""Аркадия""","Cake ""Arcadia""",1 kg,140,4823007009854,Type
Mirel,"Торт ""Крем- брюле""","Cake ""Cream- brulee""",750g,85,4607029340986,Type
Mirel,"Торт ""Снежность""","Cake ""Snezhnost""",800g,140,4607029348197,Type
Mirel,"Торт ""Прага""","Cake ""Prague""",600g,105,4660011130019,Type
Mirel,"Торт ""Долче Вишня""","Cake ""Dolce Cherry""",850g,115,4607029343307,Type
Mirel,"Торт ""3 Schokoladen""","Cake ""3 Schokoladen""",900g,150,,Type
Mirel,"Пирожное ""Муравейник""","Cake ""Anthill""",420g,50,4607029348166,Type
VH,"Торт ""Киевский""","Cake ""Kiev""",800g,140,,Type
VH,"Торт ""Коровка""","Cake ""Cow""",600g,55,,Type
VH,"Торт ""Наполеон""","Cake ""Napoleon""",500g,45,,Type
VH,"Торт ""Волшебный ключик""","Cake ""Magic Key""",550g,75,,Type
VH,"Торт ""Пломбирный""","Cake ""Plombirny""",950g,110,,Type
VH,"Торт ""Труфалдино""","Cake ""Trufaldino""",600g,75,,Type
VH,"Торт ""Грильяжный""","Cake ""Roasting""",800g,120,,Type
VH,"Торт ""Зорепад""","Cake ""Zorepad""",,110,,Type
VH,"Торт ""Медовый""",Honey cake,700g,60,,Type
VH,"Торт ""Медовый Premium""",Premium Honey Cake,600g,55,,Type
Усладов,Тирамису,Tiramisu,750g,100,4660011131054,Type
Усладов,"Бисквитный торт ""Латте""","Sponge cake ""Latte""",450g,50,4820060763877,Type
Усладов,"Торт ""Медовый""",Honey Cake,600g,55,4820060764621,Type
,"Торт ""Перекладец"" с черносливом и орехами","Cake ""Perekladets"" with prunes and nuts",1.1 kg,110,,Type
MILK PRODUCTS,,,,,,Type
,ТВОРОГ,COTTAGE CHEESE,WEIGHT,PRICE,BARCODE,Type
Н&В,Бабушкин творог полужирный – 15%,"""Grandmother's"" cottage cheese, 15%",470g,27,2702584004709,Type
Н&В,Бабушкин творог жирный – 30%,"""Grandmother's"" cottage cheese, 30%",470g,28,2702586004707,Type
Ole,Творог деревенский- 30%,"Rustic cottage cheese, 30%",470g,29,5903565000827,Type
Ole,Творог деревенский- 15%,"Rustic cottage cheese, 15%",470g,27,5903565000834,Type
Pieno žvaigždės,"Творог ""DVARO"", 0.5%","Cottage cheese ""DVARO"", 0.5%",250g,16,4770265046698,Type
Pieno žvaigždės,"Творог ""DVARO"", 9%","Cottage cheese ""DVARO"", 9%",250g,16,4770265046681,Type
Pieno žvaigždės,"Творог ""DVARO"", 15%","Cottage cheese ""DVARO"", 15%",250g,20,4770265046674,Type
Pieno žvaigždės,"Творог ""SVALIA"", 0.5%","Cottage cheese ""Svalia"", 0.5%",250g,16,4770265046667,Type
Pieno žvaigždės,"Творог ""SVALIA"", 9%","Cottage cheese ""Svalia"", 9%",250g,16,,Type
Pieno žvaigždės,"Творог ""SVALIA"", 15%","Cottage cheese ""Svalia"", 15%",250g,20,4770265046643,Type
JAUNPILS PIENOTAVA,"Творог, 0.5%","Cottage cheese, 0.5%",275g,16,4751004060038,Type
JAUNPILS PIENOTAVA,"Творог, 0.5%","Cottage cheese, 0.5%",600g,30,4751004060601,Type
JAUNPILS PIENOTAVA,"Творог, 9%","Cottage cheese, 9%",275g,16,4751004060021,Type
JAUNPILS PIENOTAVA,"Творог, 9%","Cottage cheese, 9%",600g,30,4751004060595,Type
JAUNPILS PIENOTAVA,"Творог, 15%","Cottage cheese, 15%",275g,16,4751004060625,Type
JAUNPILS PIENOTAVA,"Творог, 15%","Cottage cheese, 15%",600g,30,47510040606332,Type
,СЫР,CHEESE,WEIGHT,"PRICE, DKK",BARCODE,Type
Inlico,"Сулугуни ""Бабушкин домик в деревне"", 45%","Sulguni, 45% fat",400g,39,4260130031824,Type
Inlico,"Конченый сулугуни ""Бабушкин домик в деревне"", 45%","Smoked sulguni, 45% fat",360g,42,,Type
,КЕФИР,KEFIR,WEIGHT,PRICE,BARCODE,Type
Лучший выбор,"Кефир настоящий, 2%","Kefir, 2%",1 L,20,4260010128729,Type
Лучший выбор,"Кефир настоящий, 3.5%","Kefir, 2%",330g,12,4260010128163,Type
Лучшее из деревни,Кефир Кавказский домашний,Homemade Caucasian kefir,600g,20,4260010129368,Type
Pieno žvaigždės,"Кефир „Žemaitijos“, 2.5%","Kefir ""Zemaitijos"", 2.5%",500g,10,4770299042017,Type
Pieno žvaigždės,"Кефир „Žemaitijos“, 2.5%","Kefir ""Zemaitijos"", 2.5%",1 L,16,4770299042086,Type
Pieno žvaigždės,"Кефир “Dvaro”, 3,2%","Kefir ""Dvaro"", 3.2%",1L,15,4770265042911,Type
Pieno žvaigždės,"Кефир “Dvaro”, 3,2%","Kefir ""Dvaro"", 3.2%",500ml,10,4770265047206,Type
Baltais,"Кефир, 2%",Kefir 2%,1 kg,12,4750072020227,Type
,РЯЖЕНКА,RYAZHENKA,WEIGHT,PRICE,BARCODE,Type
Лучший выбор,"Ряженка, 3.5%","Ryazhenka, 3.5%",330g,12,4260010128170,Type
Pieno žvaigždės,Ряженка,Ryazhenka,500g,12,4770265042775,Type
Annele,"Ряженка, 3.2%","Ryazhenka, 3.2%",500g,12,4770265043987,Type
,СМЕТАНА,SOUR CREAM,WEIGHT,PRICE,BARCODE,Type
Молочная страна,"Сметана деревенская, 18%","Rustic sour cream, 18%",200g,9,5906245444591,Type
Рижский молочный комбинат,"Термизированная сметана ""Ромашка"", 25%","Sour cream ""Camomile"", 25%",350g,12,4750025342543,Type
Inlico,"Деревенская сметана ""Бабушкин домик в деревне"", 20%","Rustic sour cream ""Grandmother's house in village"", 20%",330g,10,4260130031725,Type
,МОЛОЧНЫЕ НАПИТКИ,MILK DRINKS,WEIGHT,PRICE,BARCODE,Type
Сваля,Банановый молочный напиток Мяу,"Banana milk drink ""Meow""",250 ml,8,4770237041386,Type
Сваля,Банановый молочный напиток Мяу,"Banana milk drink ""Meow""",450 ml,12,4770237041010,Type
Сваля,Клубничный молочный напиток Мяу,"Strawberry milk drink ""Meow""",450 ml,12,4770237041034,Type
Сваля,Шоколадный молочный напиток Мяу,"Chocolate milk drink ""Meow""",250 ml,8,4770237041393,Type
Сваля,Шоколадный молочный напиток Мяу,"Chocolate milk drink ""Meow""",450ml,12,4770237041126,Type
MEAT PRODUCTS,,,,,,Type
,ВАРЕННАЯ КОНЧЕНАЯ,SMOKED SAUSAGE,WEIGHT,PRICE,BARCODE,Type
,"Колбаса ""Серый Олень""","Sausage ""Grey Deer""",,200,,Type
,"Колбаса ""Юбилейная""","Sausage ""Anniversary""",,250,,Type
KELLER,"Колбаса ""Одесская""","Sausage ""Odessa""",~500g,90,,Type
Delikates,Для гурманов,For gourmets,~300g,150,2405856902,Type
,КОЛБАСА ВАРЕНАЯ,COOKED SAUSAGE,WEIGHT,PRICE,BARCODE,Type
Дымовские колбасы,"Колбаса вареная ""Любительская""","Cooked sausage ""Amateur""",380g,25,4260130031213,Type
Дымовские колбасы,"Колбаса варенная ""Докторская""","Cooked sausage ""Doctorskaya""",380g,25,4260130031398,Type
Дымовские колбасы,"Колбаса варенная ""Молочная""","Cooked sausages ""Dairy""",380g,25,4260130031404,Type
,СОСИСКИ,SAUSAGES,WEIGHT,PRICE,BARCODE,Type
Советский стандарт,Сосиски сливочные,Sausages,300g,20,4770058000319,Type
,МЯСНЫЕ ДЕЛИКАТЕСЫ,DELI MEATS,WEIGHT,PRICE,BARCODE,Type
Советский стандарт,Ушки свиные копченные,Smoked pork ears,~ 1kg,85,2610010008,Type
Советский стандарт,Щечки свиные конченные,Smoked pork cheeks,~ 1kg,75,2610016009,Type
Дымовские колбасы,Грудинка столичная,"Breast ""Capital""",~400g,100,2619050002,Type
Дымовские колбасы,Казы на ребре казахские,Kazakh kazy on the ribs,~500g,130,2619002004,Type
,САЛО,FAT,WEIGHT,PRICE,BARCODE,Type
Дымовские колбасы,Сало Сибирское бочковое,Siberian draught fat,~300g,100,2610122002,Type
Дымовские колбасы,Сало с чесноком От Ивана,"Fat with garlic ""From Ivan""",~400g,90,2610126003,Type
FISH PRODUCTS,,,,,,Type
,РЫБНЫЕ КОНСЕРВЫ,FISH IN CAN,WEIGHT,PRICE,BARCODE,Type
Lemberg Fisch,"Лосось, горбушка","Salmon, rump",70g,25,2800077000709,Type
Saldus galaskombinats,Сельдь натуральная с добавлениями масла,Herring natural with oil,240g,?,4750398900159,Type
Saldus galaskombinats,Килька обжаренная в масле,Sprat fried in oil,240g,?,4750398642240,Type
Bribais Vilnis,Крупные шпроты в масле,Large sprats in oil,240g,21,4750616001668,Type
Bribais Vilnis,Сардина натуральная с добавлениями масла,Sardine natural with oil,240g,?,4750616000432,Type
Bribais Vilnis,Сардина в томатном соусе,Sardines in tomato sauce,240g,?,4750616000401,Type
Либава,Карп в желейной заливке,Carp in jelly filling,180g,23,4750571003301,Type
Либава,Шпроты в масле,Sprats in oil,240g,?,4750571000348,Type
Либава,Большые шпроты в масле,Large sprats in oil,240g,?,4750571000508,Type
Либава,"Скумбрия Атлантическая, натуральная с добавлениями масла","Atlantic mackerel, natural with oil",240g,?,4750571000775,Type
,РЫБА В СТЕКЛЯНОЙ БАНКЕ,FISH IN GLASS,WEIGHT,PRICE,BARCODE,Type
Наши,Рыба копченая в масле,Smoked fish in oil,250g,25,5200345505252,Type
AMBERFISH,"Шпроты Сказка ""Золотистые шпроты""","Sprat ""Golden sprats""",250g,27,4751005703569,Type
,РЫБНЫЙ ПАШТЕТ,FISH PATE,WEIGHT,PRICE,BARCODE,Type
Bribais Vilnis,Паштет шпротный,Sprat pate,160g,21,4750616000463,Type
Leon,Паштет из лосося с чернослива,Salmon pate with prunes,185g,16,4751004282881,Type
Leon,Паштет из лосося,Salmon pate,170g,16,4751004284236,Type
,ИКРИНКА/ ИКРА,CAVIAR,WEIGHT,PRICE,BARCODE,Type
Санта Бремор,Икринка No1 классическая,"""Ikrinka No1"" classic",160g,20,4810168008253,Type
Санта Бремор,Икринка No2 с копченым лососем,"""Ikrinka No2"" with smoked salmon",160g,20,4810168008246,Type
Санта Бремор,"""Икрима"" икра мойвы с копченым лососем","Capelin caviar ""Ikrima"" with smoked salmon",165g,25,4810168030940,Type
Санта Бремор,"""Икрима"" икра мойвы подкопченная ","Smoked capelin caviar ""Ikrima""",165g,25,4810168030933,Type
,СЕЛЬДЬ,HERRING,WEIGHT,PRICE,BARCODE,Type
Санта Бремор,"Филе сельди ""Матиас"" приправы","Herring fillet ""Mathias"" with seasoning",250g,27,4810168000066,Type
Санта Бремор,"Филе сельди ""Матиас"" прованс","Herring fillet ""Mathias"" provence",250g,27,4810168002220,Type
Санта Бремор,"Филе сельди ""Матиас"" аромат дыма","Herring fillet ""Mathias"" with smoke flavor",250g,27,4810168000103,Type
Санта Бремор,"Филе сельди ""Матиас"" свежая зелень","Herring fillet ""Mathias"" with fresh greens",250g,27,4810168010607,Type
Санта Бремор,"Филе сельди ""Матиас"" оригинал","Herring fillet ""Mathias"" original",250g,27,4810168000011,Type
Elanders,"Сельдь филе ""МАТЬЕ"" в рапсовом масле ","Herring fillet ""Matje"" in rapeseed oil",650g,50,4750240233947,Type
Sanitex,"Филе сельди ""Шхуна"" с пряностями","Herring fillet ""Shhuna"" with seasoning",180g,23,4810168025083,Type
Sanitex,"Филе сельди ""Шхуна"" слабосоленое","Fresh-salted herring fillet ""Shhuna""",180g,23,4810168009373,Type
ZigmaS,Сельдь Атлантическая без головы с приправами,Atlantic herring without head with seasoning,"1,3 kg",60,4770221362022,Type
Viči,Традиционное филе Атлантической сельди в масле,Traditional Atlantic herring fillet in oil,240gr,23,4770190035781,Type
Viči,Традиционное филе Атлантической сельди в масле,Traditional Atlantic herring fillet in oil,400g,36,4770190350310,Type
Viči,Маринованное филе сельди в масле,Marinated herring fillet in oil,240gr,23,4770190035811,Type
Viči,Маринованное филе сельди в масле,Marinated herring fillet in oil,400g,36,4770190375443,Type
Viči,Розовое филе сельди холодного копчения в масле,Coled smoked pink herring fillet in oil,240gr,23,4770190035903,Type
Viči,Филе сельди в масле со вкусом дыма,Herring fillet in oil with smoke taste,240gr,23,4770190035798,Type
Viči,Маринованное филе сельди с приправами,Marinated herring fillet with herbs seasoning dressing,250g,24,4770190044967,Type
Viči,Маринованное филе сельди с освежающим соусом,Marinated herring fillet with refreshing dressing,250g,24,4770190044974,Type
Viči,"Филе сельди ""Весна"" с укропом в масле","Herring fillet ""Spring"" with dill in oil",200g,20,,Type
Norvelita,Деревенское филе Атлантичекой сельди,Rustic Atlantic herring fillet,240g,15,4770486165079,Type
Desė,"Филе сельди ""Елочка""","Herring fillet ""Herringbone""",300g,23,4770875164270,Type
Desė,Соленое филе сельди с грибами и овощами в майонезе,Salted herring fillet with mushrooms and vegetables in mayonnaise sauce,300g,22,4770875164102,Type
Desė,Соленое филе сельди со свеклой и другими овощами в майонезе,Salted herring fillet with beetroots and other vegetables in mayonnaise sauce,300g,22,4770875164126,Type
Edega,"Филе сельди ""Празничное""","Herring fillet ""Festive""",1kg,66,4770432199875,Type
ICECO,"Класическое филе сельди ""Зигмас"" в масле со вкусом дыма","Herring fillet ""Zigmas"" classic in oil with smoke favor",240g,22,4770221164121,Type
ICECO,"Малосольное класическое филе сельди ""Зигмас"" в масле","Fresg-salted herring fillet ""Zigmas"" classic in oil",240g,22,4770221164114,Type
ICECO,"Малосольное класическое филе сельди ""Зигмас"" в масле","Fresg-salted herring fillet ""Zigmas"" classic in oil",1kg,66,4770221165579,Type
Viči,Кусочки сельди с жареным луком,Pieces of herring with fried onion,200g,20,4770190087759,Type
Viči,Кусочки сельди с жареными семечками,Pieces of herring with fried sunflower seeds,200g,20,,Type
Viči,"Филе сельди ""Зима"" с луком в масле","Herring fillet ""Winter"" with onion in oil",200g,20,4770190352925,Type
Viči,Кусочки сельди с сушеными боровиками,Pieces of herring with dried boletus,200g,24,4770190087797,Type
Viči,Роллы из маринованного филе сельди с маринованными огурцами в масле,Marinated herring fillet rolls with canned cucumbers in oil,200g,24,,Type
Viči,Салат из Атлантической сельди со свеклой,Atlantic herrring salad with beetroots,400g,24,4770190065481,Type
Viči,Салад из сельди с овощами,Herring salad with vegetables,150g,12,4770190350563,Type
Viči,Салат из сельди с картошкой,Herring salad with potatoes,400g,18,4770190065504,Type
,Соленая сельдь с головой (ведро 4 кг),Slated herring with head in the bucket,4kg,200,,Type
Grundalas,Атлантическая сельдь с головой (в металическом контейнере),Special salted Atlantic herring with head (in metal container),"1,3kg",65,4770594206770,Type
Edega,Соленая сельдь с головой (в пластиковом контейнере),Salted herring with head (in plastic container),"1,3kg",65,4770432002250,Type
ICECO,"Соленые Атлантические сельди ""Зигмас"" без голов с приправами","Salted Atlantic herrings ""Zigmas"" without heads with seasoning","1,3kg",60,4770221362022,Type
,Сельдь с головой из ведра,Herring with head from a bucket,~250g,20,,Type
BALTIJAS ZIVIS - 97,"Филе сельди ""Матье"" в масле","Herring fillet ""Matje” in oil",200g,22,4750289001378,Type
BALTIJAS ZIVIS - 97,"Ассорти из филе сельди и овощей ""Морская орхидея""","Herring fillet and vegetables assorted “Sea orchid""",200g,27,4750289030132,Type
BALTIJAS ZIVIS - 98,Сельдь вьюнок в маринате с апельсинами,Herring bindweed in marinade with orange,300g,39,4750289001804,Type
LATIS,"Филе сельди ""Матье"" в масле","Herring fillet ""Matje"" in oil",200g,20,4751004070013,Type
LATIS,Филе сельди с ананасами в майонезе,Herring fillet in mayonnaise with pineapple,500g,36,4751004071799,Type
BERZCIEMS,Кусочки филе сельди,Pieces of herring fillet,250g,29,4750217001173,Type
BALTIJAS ZIVIS - 97,Кусочки филе скумбрии в масле,"Pieces of mackerel fillet ""Jums"" in oil",200g,27,,Type
BALTIJAS ZIVIS -97,"Конченое филе скумбрии ""Осень"" в томатном соусе","Fried mackerel fillets ""Autumn"" in tomato sauce",250g,27,,Type
KAIJA,Филе сельди в масле,"Herring fillet ""Gardums"" in oil",250g,24,,Type
KAIJA,Филе сельди по-Венгерски,Herring fillet Hungarian style,450g,35,,Type
KAIJA,Филе скумбрии в масле,Mackerel fillets in oil,170g,15,4751007730723,Type
BERZCIEMS,Роллы из маринованной сельди,Marinated herring rolls,500g,40,4750217602882,Type
DECENT,"Сельд филе ""Дымок"" в масле","Herring fillets ""Dymok"" in oil",200g,21,4750501001179,Type